system_id,system_label,model,harness,system_group,protocol_id,protocol_label,trial_review_status,error_id,task,category,entity_type,substantive,benchmark_validity,attribution,adjudication_status,process_cause,root_error_id,is_consolidated_root_error
gpt_pi,GPT + Pi,GPT,Pi,shared,10x_chromium_3_gene_expression_v4,10x 3' GEX v4,pending,err_0001,T2,unsupported_completion,oligo_family,True,unresolved,unresolved,pending,unresolved,,0
gpt_pi,GPT + Pi,GPT,Pi,shared,10x_chromium_3_gene_expression_v4,10x 3' GEX v4,pending,err_0002,T2,unsupported_completion,oligo_family,True,unresolved,unresolved,pending,unresolved,,0
gpt_pi,GPT + Pi,GPT,Pi,shared,10x_chromium_3_gene_expression_v4,10x 3' GEX v4,pending,err_0003,T2,unsupported_completion,oligo_family,True,unresolved,unresolved,pending,unresolved,,0
gpt_pi,GPT + Pi,GPT,Pi,shared,10x_chromium_3_gene_expression_v4,10x 3' GEX v4,pending,err_0004,T2,molecular_state_or_assembly_error,oligo_family,True,unresolved,unresolved,pending,unresolved,,0
gpt_pi,GPT + Pi,GPT,Pi,shared,10x_chromium_3_gene_expression_v4,10x 3' GEX v4,pending,err_0005,T2,workflow_or_topology_error,oligo_family,True,unresolved,unresolved,pending,unresolved,,0
gpt_pi,GPT + Pi,GPT,Pi,shared,10x_chromium_3_gene_expression_v4,10x 3' GEX v4,pending,err_0006,T2,missing_recoverable_information,oligo_family,True,unresolved,unresolved,pending,unresolved,,0
gpt_pi,GPT + Pi,GPT,Pi,shared,10x_chromium_3_gene_expression_v4,10x 3' GEX v4,pending,err_0007,T2,workflow_or_topology_error,oligo_family,True,unresolved,unresolved,pending,unresolved,,0
gpt_pi,GPT + Pi,GPT,Pi,shared,10x_chromium_3_gene_expression_v4,10x 3' GEX v4,pending,err_0008,T2,strand_or_orientation_error,oligo_family,True,unresolved,unresolved,pending,unresolved,,0
gpt_pi,GPT + Pi,GPT,Pi,shared,10x_chromium_3_gene_expression_v4,10x 3' GEX v4,pending,err_0009,T2,molecular_state_or_assembly_error,oligo_family,True,unresolved,unresolved,pending,unresolved,,0
gpt_pi,GPT + Pi,GPT,Pi,shared,10x_chromium_3_gene_expression_v4,10x 3' GEX v4,pending,err_0010,T3,unsupported_completion,state,True,unresolved,unresolved,pending,unresolved,,0
gpt_pi,GPT + Pi,GPT,Pi,shared,10x_chromium_3_gene_expression_v4,10x 3' GEX v4,pending,err_0011,T3,unsupported_completion,transition,True,unresolved,unresolved,pending,unresolved,,0
gpt_pi,GPT + Pi,GPT,Pi,shared,10x_chromium_3_gene_expression_v4,10x 3' GEX v4,pending,err_0012,T3,molecular_state_or_assembly_error,state,True,unresolved,unresolved,pending,unresolved,,0
gpt_pi,GPT + Pi,GPT,Pi,shared,10x_chromium_3_gene_expression_v4,10x 3' GEX v4,pending,err_0013,T3,molecular_state_or_assembly_error,state,True,unresolved,unresolved,pending,unresolved,,0
gpt_pi,GPT + Pi,GPT,Pi,shared,10x_chromium_3_gene_expression_v4,10x 3' GEX v4,pending,err_0014,T3,molecular_state_or_assembly_error,state,True,unresolved,unresolved,pending,unresolved,,0
gpt_pi,GPT + Pi,GPT,Pi,shared,10x_chromium_3_gene_expression_v4,10x 3' GEX v4,pending,err_0015,T3,molecular_state_or_assembly_error,state,True,unresolved,unresolved,pending,unresolved,,0
gpt_pi,GPT + Pi,GPT,Pi,shared,10x_chromium_3_gene_expression_v4,10x 3' GEX v4,pending,err_0016,T3,molecular_state_or_assembly_error,state,True,unresolved,unresolved,pending,unresolved,,0
gpt_pi,GPT + Pi,GPT,Pi,shared,10x_chromium_3_gene_expression_v4,10x 3' GEX v4,pending,err_0017,T3,molecular_state_or_assembly_error,state,True,unresolved,unresolved,pending,unresolved,,0
gpt_pi,GPT + Pi,GPT,Pi,shared,10x_chromium_3_gene_expression_v4,10x 3' GEX v4,pending,err_0018,T3,workflow_or_topology_error,transition,True,unresolved,unresolved,pending,unresolved,,0
gpt_pi,GPT + Pi,GPT,Pi,shared,10x_chromium_3_gene_expression_v4,10x 3' GEX v4,pending,err_0019,T3,workflow_or_topology_error,transition,True,unresolved,unresolved,pending,unresolved,,0
gpt_pi,GPT + Pi,GPT,Pi,shared,10x_chromium_3_gene_expression_v4,10x 3' GEX v4,pending,err_0020,T3,workflow_or_topology_error,transition,True,unresolved,unresolved,pending,unresolved,,0
gpt_pi,GPT + Pi,GPT,Pi,shared,10x_chromium_3_gene_expression_v4,10x 3' GEX v4,pending,err_0021,T3,workflow_or_topology_error,transition,True,unresolved,unresolved,pending,unresolved,,0
gpt_pi,GPT + Pi,GPT,Pi,shared,10x_chromium_3_gene_expression_v4,10x 3' GEX v4,pending,err_0022,T3,workflow_or_topology_error,typed_edge,True,unresolved,unresolved,pending,unresolved,,0
gpt_pi,GPT + Pi,GPT,Pi,shared,10x_chromium_3_gene_expression_v4,10x 3' GEX v4,pending,err_0023,T3,workflow_or_topology_error,typed_edge,True,unresolved,unresolved,pending,unresolved,,0
gpt_pi,GPT + Pi,GPT,Pi,shared,10x_chromium_3_gene_expression_v4,10x 3' GEX v4,pending,err_0024,T3,workflow_or_topology_error,typed_edge,True,unresolved,unresolved,pending,unresolved,,0
gpt_pi,GPT + Pi,GPT,Pi,shared,10x_chromium_3_gene_expression_v4,10x 3' GEX v4,pending,err_0025,T3,workflow_or_topology_error,typed_edge,True,unresolved,unresolved,pending,unresolved,,0
gpt_pi,GPT + Pi,GPT,Pi,shared,ddseq_single_cell_3_rna_seq_kit,ddSEQ 3' RNA,pending,err_0001,T2,unsupported_completion,oligo_family,True,unresolved,unresolved,pending,unresolved,,0
gpt_pi,GPT + Pi,GPT,Pi,shared,ddseq_single_cell_3_rna_seq_kit,ddSEQ 3' RNA,pending,err_0002,T2,unsupported_completion,oligo_family,True,unresolved,unresolved,pending,unresolved,,0
gpt_pi,GPT + Pi,GPT,Pi,shared,ddseq_single_cell_3_rna_seq_kit,ddSEQ 3' RNA,pending,err_0003,T2,unsupported_completion,oligo_family,True,unresolved,unresolved,pending,unresolved,,0
gpt_pi,GPT + Pi,GPT,Pi,shared,ddseq_single_cell_3_rna_seq_kit,ddSEQ 3' RNA,pending,err_0004,T2,unsupported_completion,oligo_family,True,unresolved,unresolved,pending,unresolved,,0
gpt_pi,GPT + Pi,GPT,Pi,shared,ddseq_single_cell_3_rna_seq_kit,ddSEQ 3' RNA,pending,err_0005,T3,missing_recoverable_information,state,True,unresolved,unresolved,pending,unresolved,,0
gpt_pi,GPT + Pi,GPT,Pi,shared,ddseq_single_cell_3_rna_seq_kit,ddSEQ 3' RNA,pending,err_0006,T3,missing_recoverable_information,transition,True,unresolved,unresolved,pending,unresolved,,0
gpt_pi,GPT + Pi,GPT,Pi,shared,ddseq_single_cell_3_rna_seq_kit,ddSEQ 3' RNA,pending,err_0007,T3,molecular_state_or_assembly_error,state,True,unresolved,unresolved,pending,unresolved,,0
gpt_pi,GPT + Pi,GPT,Pi,shared,ddseq_single_cell_3_rna_seq_kit,ddSEQ 3' RNA,pending,err_0008,T3,molecular_state_or_assembly_error,state,True,unresolved,unresolved,pending,unresolved,,0
gpt_pi,GPT + Pi,GPT,Pi,shared,ddseq_single_cell_3_rna_seq_kit,ddSEQ 3' RNA,pending,err_0009,T3,molecular_state_or_assembly_error,state,True,unresolved,unresolved,pending,unresolved,,0
gpt_pi,GPT + Pi,GPT,Pi,shared,ddseq_single_cell_3_rna_seq_kit,ddSEQ 3' RNA,pending,err_0010,T3,molecular_state_or_assembly_error,state,True,unresolved,unresolved,pending,unresolved,,0
gpt_pi,GPT + Pi,GPT,Pi,shared,ddseq_single_cell_3_rna_seq_kit,ddSEQ 3' RNA,pending,err_0011,T3,workflow_or_topology_error,transition,True,unresolved,unresolved,pending,unresolved,,0
gpt_pi,GPT + Pi,GPT,Pi,shared,ddseq_single_cell_3_rna_seq_kit,ddSEQ 3' RNA,pending,err_0012,T3,workflow_or_topology_error,transition,True,unresolved,unresolved,pending,unresolved,,0
gpt_pi,GPT + Pi,GPT,Pi,shared,ddseq_single_cell_3_rna_seq_kit,ddSEQ 3' RNA,pending,err_0013,T3,operation_error,transition,True,unresolved,unresolved,pending,unresolved,,0
gpt_pi,GPT + Pi,GPT,Pi,shared,ddseq_single_cell_3_rna_seq_kit,ddSEQ 3' RNA,pending,err_0014,T3,workflow_or_topology_error,transition,True,unresolved,unresolved,pending,unresolved,,0
gpt_pi,GPT + Pi,GPT,Pi,shared,ddseq_single_cell_3_rna_seq_kit,ddSEQ 3' RNA,pending,err_0015,T3,workflow_or_topology_error,transition,True,unresolved,unresolved,pending,unresolved,,0
gpt_pi,GPT + Pi,GPT,Pi,shared,ddseq_single_cell_3_rna_seq_kit,ddSEQ 3' RNA,pending,err_0016,T3,workflow_or_topology_error,transition,True,unresolved,unresolved,pending,unresolved,,0
gpt_pi,GPT + Pi,GPT,Pi,shared,ddseq_single_cell_3_rna_seq_kit,ddSEQ 3' RNA,pending,err_0017,T3,workflow_or_topology_error,transition,True,unresolved,unresolved,pending,unresolved,,0
gpt_pi,GPT + Pi,GPT,Pi,shared,ddseq_single_cell_3_rna_seq_kit,ddSEQ 3' RNA,pending,err_0018,T3,workflow_or_topology_error,typed_edge,True,unresolved,unresolved,pending,unresolved,,0
gpt_pi,GPT + Pi,GPT,Pi,shared,ddseq_single_cell_3_rna_seq_kit,ddSEQ 3' RNA,pending,err_0019,T3,workflow_or_topology_error,typed_edge,True,unresolved,unresolved,pending,unresolved,,0
gpt_pi,GPT + Pi,GPT,Pi,shared,ddseq_single_cell_3_rna_seq_kit,ddSEQ 3' RNA,pending,err_0020,T3,workflow_or_topology_error,typed_edge,True,unresolved,unresolved,pending,unresolved,,0
gpt_pi,GPT + Pi,GPT,Pi,shared,ddseq_single_cell_3_rna_seq_kit,ddSEQ 3' RNA,pending,err_0021,T3,workflow_or_topology_error,typed_edge,True,unresolved,unresolved,pending,unresolved,,0
gpt_pi,GPT + Pi,GPT,Pi,shared,ddseq_single_cell_3_rna_seq_kit,ddSEQ 3' RNA,pending,err_0022,T3,workflow_or_topology_error,typed_edge,True,unresolved,unresolved,pending,unresolved,,0
gpt_pi,GPT + Pi,GPT,Pi,shared,ddseq_single_cell_3_rna_seq_kit,ddSEQ 3' RNA,pending,err_0023,T3,workflow_or_topology_error,typed_edge,True,unresolved,unresolved,pending,unresolved,,0
gpt_pi,GPT + Pi,GPT,Pi,shared,ddseq_single_cell_3_rna_seq_kit,ddSEQ 3' RNA,pending,err_0024,T3,workflow_or_topology_error,typed_edge,True,unresolved,unresolved,pending,unresolved,,0
gpt_pi,GPT + Pi,GPT,Pi,shared,ddseq_single_cell_3_rna_seq_kit,ddSEQ 3' RNA,pending,err_0025,T3,workflow_or_topology_error,typed_edge,True,unresolved,unresolved,pending,unresolved,,0
gpt_pi,GPT + Pi,GPT,Pi,shared,ddseq_single_cell_3_rna_seq_kit,ddSEQ 3' RNA,pending,err_0026,T3,workflow_or_topology_error,typed_edge,True,unresolved,unresolved,pending,unresolved,,0
gpt_pi,GPT + Pi,GPT,Pi,shared,ddseq_single_cell_3_rna_seq_kit,ddSEQ 3' RNA,pending,err_0027,T3,workflow_or_topology_error,typed_edge,True,unresolved,unresolved,pending,unresolved,,0
gpt_pi,GPT + Pi,GPT,Pi,shared,ddseq_single_cell_3_rna_seq_kit,ddSEQ 3' RNA,pending,err_0028,T3,workflow_or_topology_error,typed_edge,True,unresolved,unresolved,pending,unresolved,,0
gpt_pi,GPT + Pi,GPT,Pi,shared,ddseq_single_cell_3_rna_seq_kit,ddSEQ 3' RNA,pending,err_0029,T3,workflow_or_topology_error,typed_edge,True,unresolved,unresolved,pending,unresolved,,0
gpt_pi,GPT + Pi,GPT,Pi,shared,ddseq_single_cell_3_rna_seq_kit,ddSEQ 3' RNA,pending,err_0030,T3,workflow_or_topology_error,typed_edge,True,unresolved,unresolved,pending,unresolved,,0
gpt_pi,GPT + Pi,GPT,Pi,shared,ddseq_single_cell_3_rna_seq_kit,ddSEQ 3' RNA,pending,err_0031,T3,workflow_or_topology_error,typed_edge,True,unresolved,unresolved,pending,unresolved,,0
gpt_pi,GPT + Pi,GPT,Pi,shared,ddseq_single_cell_3_rna_seq_kit,ddSEQ 3' RNA,pending,err_0032,T3,workflow_or_topology_error,typed_edge,True,unresolved,unresolved,pending,unresolved,,0
gpt_pi,GPT + Pi,GPT,Pi,shared,ddseq_single_cell_3_rna_seq_kit,ddSEQ 3' RNA,pending,err_0033,T3,workflow_or_topology_error,typed_edge,True,unresolved,unresolved,pending,unresolved,,0
gpt_pi,GPT + Pi,GPT,Pi,shared,ddseq_single_cell_3_rna_seq_kit,ddSEQ 3' RNA,pending,err_0034,T3,workflow_or_topology_error,typed_edge,True,unresolved,unresolved,pending,unresolved,,0
gpt_pi,GPT + Pi,GPT,Pi,shared,ddseq_single_cell_3_rna_seq_kit,ddSEQ 3' RNA,pending,err_0035,T3,workflow_or_topology_error,typed_edge,True,unresolved,unresolved,pending,unresolved,,0
gpt_pi,GPT + Pi,GPT,Pi,shared,ddseq_single_cell_3_rna_seq_kit,ddSEQ 3' RNA,pending,err_0036,T3,workflow_or_topology_error,typed_edge,True,unresolved,unresolved,pending,unresolved,,0
gpt_pi,GPT + Pi,GPT,Pi,shared,dr_seq,DR-seq,pending,err_0001,T2,unsupported_completion,oligo_family,True,unresolved,unresolved,pending,unresolved,,0
gpt_pi,GPT + Pi,GPT,Pi,shared,dr_seq,DR-seq,pending,err_0002,T2,unsupported_completion,oligo_family,True,unresolved,unresolved,pending,unresolved,,0
gpt_pi,GPT + Pi,GPT,Pi,shared,dr_seq,DR-seq,pending,err_0003,T2,unsupported_completion,oligo_family,True,unresolved,unresolved,pending,unresolved,,0
gpt_pi,GPT + Pi,GPT,Pi,shared,dr_seq,DR-seq,pending,err_0004,T2,unsupported_completion,oligo_family,True,unresolved,unresolved,pending,unresolved,,0
gpt_pi,GPT + Pi,GPT,Pi,shared,dr_seq,DR-seq,pending,err_0005,T2,workflow_or_topology_error,oligo_family,True,unresolved,unresolved,pending,unresolved,,0
gpt_pi,GPT + Pi,GPT,Pi,shared,dr_seq,DR-seq,pending,err_0006,T2,workflow_or_topology_error,oligo_family,True,unresolved,unresolved,pending,unresolved,,0
gpt_pi,GPT + Pi,GPT,Pi,shared,dr_seq,DR-seq,pending,err_0007,T2,workflow_or_topology_error,oligo_family,True,unresolved,unresolved,pending,unresolved,,0
gpt_pi,GPT + Pi,GPT,Pi,shared,dr_seq,DR-seq,pending,err_0008,T3,missing_recoverable_information,transition,True,unresolved,unresolved,pending,unresolved,,0
gpt_pi,GPT + Pi,GPT,Pi,shared,dr_seq,DR-seq,pending,err_0009,T3,unsupported_completion,transition,True,unresolved,unresolved,pending,unresolved,,0
gpt_pi,GPT + Pi,GPT,Pi,shared,dr_seq,DR-seq,pending,err_0010,T3,workflow_or_topology_error,terminal_output,True,unresolved,unresolved,pending,unresolved,,0
gpt_pi,GPT + Pi,GPT,Pi,shared,dr_seq,DR-seq,pending,err_0011,T3,workflow_or_topology_error,terminal_output,True,unresolved,unresolved,pending,unresolved,,0
gpt_pi,GPT + Pi,GPT,Pi,shared,dr_seq,DR-seq,pending,err_0012,T3,molecular_state_or_assembly_error,state,True,unresolved,unresolved,pending,unresolved,,0
gpt_pi,GPT + Pi,GPT,Pi,shared,dr_seq,DR-seq,pending,err_0013,T3,molecular_state_or_assembly_error,state,True,unresolved,unresolved,pending,unresolved,,0
gpt_pi,GPT + Pi,GPT,Pi,shared,dr_seq,DR-seq,pending,err_0014,T3,molecular_state_or_assembly_error,state,True,unresolved,unresolved,pending,unresolved,,0
gpt_pi,GPT + Pi,GPT,Pi,shared,dr_seq,DR-seq,pending,err_0015,T3,molecular_state_or_assembly_error,state,True,unresolved,unresolved,pending,unresolved,,0
gpt_pi,GPT + Pi,GPT,Pi,shared,dr_seq,DR-seq,pending,err_0016,T3,molecular_state_or_assembly_error,state,True,unresolved,unresolved,pending,unresolved,,0
gpt_pi,GPT + Pi,GPT,Pi,shared,dr_seq,DR-seq,pending,err_0017,T3,molecular_state_or_assembly_error,state,True,unresolved,unresolved,pending,unresolved,,0
gpt_pi,GPT + Pi,GPT,Pi,shared,dr_seq,DR-seq,pending,err_0018,T3,molecular_state_or_assembly_error,state,True,unresolved,unresolved,pending,unresolved,,0
gpt_pi,GPT + Pi,GPT,Pi,shared,dr_seq,DR-seq,pending,err_0019,T3,molecular_state_or_assembly_error,state,True,unresolved,unresolved,pending,unresolved,,0
gpt_pi,GPT + Pi,GPT,Pi,shared,dr_seq,DR-seq,pending,err_0020,T3,molecular_state_or_assembly_error,state,True,unresolved,unresolved,pending,unresolved,,0
gpt_pi,GPT + Pi,GPT,Pi,shared,dr_seq,DR-seq,pending,err_0021,T3,molecular_state_or_assembly_error,state,True,unresolved,unresolved,pending,unresolved,,0
gpt_pi,GPT + Pi,GPT,Pi,shared,dr_seq,DR-seq,pending,err_0022,T3,molecular_state_or_assembly_error,state,True,unresolved,unresolved,pending,unresolved,,0
gpt_pi,GPT + Pi,GPT,Pi,shared,dr_seq,DR-seq,pending,err_0023,T3,molecular_state_or_assembly_error,state,True,unresolved,unresolved,pending,unresolved,,0
gpt_pi,GPT + Pi,GPT,Pi,shared,dr_seq,DR-seq,pending,err_0024,T3,molecular_state_or_assembly_error,state,True,unresolved,unresolved,pending,unresolved,,0
gpt_pi,GPT + Pi,GPT,Pi,shared,dr_seq,DR-seq,pending,err_0025,T3,molecular_state_or_assembly_error,state,True,unresolved,unresolved,pending,unresolved,,0
gpt_pi,GPT + Pi,GPT,Pi,shared,dr_seq,DR-seq,pending,err_0026,T3,operation_error,transition,True,unresolved,unresolved,pending,unresolved,,0
gpt_pi,GPT + Pi,GPT,Pi,shared,dr_seq,DR-seq,pending,err_0027,T3,workflow_or_topology_error,transition,True,unresolved,unresolved,pending,unresolved,,0
gpt_pi,GPT + Pi,GPT,Pi,shared,dr_seq,DR-seq,pending,err_0028,T3,workflow_or_topology_error,transition,True,unresolved,unresolved,pending,unresolved,,0
gpt_pi,GPT + Pi,GPT,Pi,shared,dr_seq,DR-seq,pending,err_0029,T3,workflow_or_topology_error,transition,True,unresolved,unresolved,pending,unresolved,,0
gpt_pi,GPT + Pi,GPT,Pi,shared,dr_seq,DR-seq,pending,err_0030,T3,workflow_or_topology_error,transition,True,unresolved,unresolved,pending,unresolved,,0
gpt_pi,GPT + Pi,GPT,Pi,shared,dr_seq,DR-seq,pending,err_0031,T3,operation_error,transition,True,unresolved,unresolved,pending,unresolved,,0
gpt_pi,GPT + Pi,GPT,Pi,shared,dr_seq,DR-seq,pending,err_0032,T3,workflow_or_topology_error,transition,True,unresolved,unresolved,pending,unresolved,,0
gpt_pi,GPT + Pi,GPT,Pi,shared,dr_seq,DR-seq,pending,err_0033,T3,workflow_or_topology_error,transition,True,unresolved,unresolved,pending,unresolved,,0
gpt_pi,GPT + Pi,GPT,Pi,shared,dr_seq,DR-seq,pending,err_0034,T3,operation_error,transition,True,unresolved,unresolved,pending,unresolved,,0
gpt_pi,GPT + Pi,GPT,Pi,shared,dr_seq,DR-seq,pending,err_0035,T3,workflow_or_topology_error,transition,True,unresolved,unresolved,pending,unresolved,,0
gpt_pi,GPT + Pi,GPT,Pi,shared,dr_seq,DR-seq,pending,err_0036,T3,workflow_or_topology_error,typed_edge,True,unresolved,unresolved,pending,unresolved,,0
gpt_pi,GPT + Pi,GPT,Pi,shared,dr_seq,DR-seq,pending,err_0037,T3,workflow_or_topology_error,typed_edge,True,unresolved,unresolved,pending,unresolved,,0
gpt_pi,GPT + Pi,GPT,Pi,shared,dr_seq,DR-seq,pending,err_0038,T3,workflow_or_topology_error,typed_edge,True,unresolved,unresolved,pending,unresolved,,0
gpt_pi,GPT + Pi,GPT,Pi,shared,dr_seq,DR-seq,pending,err_0039,T3,workflow_or_topology_error,typed_edge,True,unresolved,unresolved,pending,unresolved,,0
gpt_pi,GPT + Pi,GPT,Pi,shared,dr_seq,DR-seq,pending,err_0040,T3,workflow_or_topology_error,typed_edge,True,unresolved,unresolved,pending,unresolved,,0
gpt_pi,GPT + Pi,GPT,Pi,shared,dr_seq,DR-seq,pending,err_0041,T3,workflow_or_topology_error,typed_edge,True,unresolved,unresolved,pending,unresolved,,0
gpt_pi,GPT + Pi,GPT,Pi,shared,dr_seq,DR-seq,pending,err_0042,T3,workflow_or_topology_error,typed_edge,True,unresolved,unresolved,pending,unresolved,,0
gpt_pi,GPT + Pi,GPT,Pi,shared,dr_seq,DR-seq,pending,err_0043,T3,workflow_or_topology_error,typed_edge,True,unresolved,unresolved,pending,unresolved,,0
gpt_pi,GPT + Pi,GPT,Pi,shared,dr_seq,DR-seq,pending,err_0044,T3,workflow_or_topology_error,typed_edge,True,unresolved,unresolved,pending,unresolved,,0
gpt_pi,GPT + Pi,GPT,Pi,shared,dr_seq,DR-seq,pending,err_0045,T3,workflow_or_topology_error,typed_edge,True,unresolved,unresolved,pending,unresolved,,0
gpt_pi,GPT + Pi,GPT,Pi,shared,dr_seq,DR-seq,pending,err_0046,T3,workflow_or_topology_error,typed_edge,True,unresolved,unresolved,pending,unresolved,,0
gpt_pi,GPT + Pi,GPT,Pi,shared,dr_seq,DR-seq,pending,err_0047,T3,workflow_or_topology_error,typed_edge,True,unresolved,unresolved,pending,unresolved,,0
gpt_pi,GPT + Pi,GPT,Pi,shared,dr_seq,DR-seq,pending,err_0048,T3,workflow_or_topology_error,typed_edge,True,unresolved,unresolved,pending,unresolved,,0
gpt_pi,GPT + Pi,GPT,Pi,shared,dr_seq,DR-seq,pending,err_0049,T3,workflow_or_topology_error,typed_edge,True,unresolved,unresolved,pending,unresolved,,0
gpt_pi,GPT + Pi,GPT,Pi,shared,dr_seq,DR-seq,pending,err_0050,T3,workflow_or_topology_error,typed_edge,True,unresolved,unresolved,pending,unresolved,,0
gpt_pi,GPT + Pi,GPT,Pi,shared,dr_seq,DR-seq,pending,err_0051,T3,workflow_or_topology_error,typed_edge,True,unresolved,unresolved,pending,unresolved,,0
gpt_pi,GPT + Pi,GPT,Pi,shared,dr_seq,DR-seq,pending,err_0052,T3,workflow_or_topology_error,typed_edge,True,unresolved,unresolved,pending,unresolved,,0
gpt_pi,GPT + Pi,GPT,Pi,shared,dr_seq,DR-seq,pending,err_0053,T3,workflow_or_topology_error,typed_edge,True,unresolved,unresolved,pending,unresolved,,0
gpt_pi,GPT + Pi,GPT,Pi,shared,dr_seq,DR-seq,pending,err_0054,T3,workflow_or_topology_error,typed_edge,True,unresolved,unresolved,pending,unresolved,,0
gpt_pi,GPT + Pi,GPT,Pi,shared,dr_seq,DR-seq,pending,err_0055,T3,workflow_or_topology_error,typed_edge,True,unresolved,unresolved,pending,unresolved,,0
gpt_pi,GPT + Pi,GPT,Pi,shared,dr_seq,DR-seq,pending,err_0056,T3,workflow_or_topology_error,typed_edge,True,unresolved,unresolved,pending,unresolved,,0
gpt_pi,GPT + Pi,GPT,Pi,shared,dr_seq,DR-seq,pending,err_0057,T3,workflow_or_topology_error,typed_edge,True,unresolved,unresolved,pending,unresolved,,0
gpt_pi,GPT + Pi,GPT,Pi,shared,dr_seq,DR-seq,pending,err_0058,T3,workflow_or_topology_error,typed_edge,True,unresolved,unresolved,pending,unresolved,,0
gpt_pi,GPT + Pi,GPT,Pi,shared,dr_seq,DR-seq,pending,err_0059,T3,workflow_or_topology_error,typed_edge,True,unresolved,unresolved,pending,unresolved,,0
gpt_pi,GPT + Pi,GPT,Pi,shared,indrop_v1,inDrop v1,pending,err_0001,T2,unsupported_completion,oligo_family,True,unresolved,unresolved,pending,unresolved,,0
gpt_pi,GPT + Pi,GPT,Pi,shared,indrop_v1,inDrop v1,pending,err_0002,T2,unsupported_completion,oligo_family,True,unresolved,unresolved,pending,unresolved,,0
gpt_pi,GPT + Pi,GPT,Pi,shared,indrop_v1,inDrop v1,pending,err_0003,T2,unsupported_completion,oligo_family,True,unresolved,unresolved,pending,unresolved,,0
gpt_pi,GPT + Pi,GPT,Pi,shared,indrop_v1,inDrop v1,pending,err_0004,T2,unsupported_completion,oligo_family,True,unresolved,unresolved,pending,unresolved,,0
gpt_pi,GPT + Pi,GPT,Pi,shared,indrop_v1,inDrop v1,pending,err_0005,T2,missing_recoverable_information,oligo_family,True,unresolved,unresolved,pending,unresolved,,0
gpt_pi,GPT + Pi,GPT,Pi,shared,indrop_v1,inDrop v1,pending,err_0006,T2,workflow_or_topology_error,oligo_family,True,unresolved,unresolved,pending,unresolved,,0
gpt_pi,GPT + Pi,GPT,Pi,shared,indrop_v1,inDrop v1,pending,err_0007,T2,missing_recoverable_information,oligo_family,True,unresolved,unresolved,pending,unresolved,,0
gpt_pi,GPT + Pi,GPT,Pi,shared,indrop_v1,inDrop v1,pending,err_0008,T2,workflow_or_topology_error,oligo_family,True,unresolved,unresolved,pending,unresolved,,0
gpt_pi,GPT + Pi,GPT,Pi,shared,indrop_v1,inDrop v1,pending,err_0009,T2,missing_recoverable_information,oligo_family,True,unresolved,unresolved,pending,unresolved,,0
gpt_pi,GPT + Pi,GPT,Pi,shared,indrop_v1,inDrop v1,pending,err_0010,T2,molecular_state_or_assembly_error,oligo_family,True,unresolved,unresolved,pending,unresolved,,0
gpt_pi,GPT + Pi,GPT,Pi,shared,indrop_v1,inDrop v1,pending,err_0011,T2,workflow_or_topology_error,oligo_family,True,unresolved,unresolved,pending,unresolved,,0
gpt_pi,GPT + Pi,GPT,Pi,shared,indrop_v1,inDrop v1,pending,err_0012,T2,workflow_or_topology_error,oligo_family,True,unresolved,unresolved,pending,unresolved,,0
gpt_pi,GPT + Pi,GPT,Pi,shared,indrop_v1,inDrop v1,pending,err_0013,T2,molecular_state_or_assembly_error,oligo_family,True,unresolved,unresolved,pending,unresolved,,0
gpt_pi,GPT + Pi,GPT,Pi,shared,indrop_v1,inDrop v1,pending,err_0014,T2,molecular_state_or_assembly_error,oligo_family,True,unresolved,unresolved,pending,unresolved,,0
gpt_pi,GPT + Pi,GPT,Pi,shared,indrop_v1,inDrop v1,pending,err_0015,T2,workflow_or_topology_error,oligo_family,True,unresolved,unresolved,pending,unresolved,,0
gpt_pi,GPT + Pi,GPT,Pi,shared,indrop_v1,inDrop v1,pending,err_0016,T3,unsupported_completion,state,True,unresolved,unresolved,pending,unresolved,,0
gpt_pi,GPT + Pi,GPT,Pi,shared,indrop_v1,inDrop v1,pending,err_0017,T3,unsupported_completion,state,True,unresolved,unresolved,pending,unresolved,,0
gpt_pi,GPT + Pi,GPT,Pi,shared,indrop_v1,inDrop v1,pending,err_0018,T3,unsupported_completion,state,True,unresolved,unresolved,pending,unresolved,,0
gpt_pi,GPT + Pi,GPT,Pi,shared,indrop_v1,inDrop v1,pending,err_0019,T3,unsupported_completion,state,True,unresolved,unresolved,pending,unresolved,,0
gpt_pi,GPT + Pi,GPT,Pi,shared,indrop_v1,inDrop v1,pending,err_0020,T3,unsupported_completion,transition,True,unresolved,unresolved,pending,unresolved,,0
gpt_pi,GPT + Pi,GPT,Pi,shared,indrop_v1,inDrop v1,pending,err_0021,T3,unsupported_completion,transition,True,unresolved,unresolved,pending,unresolved,,0
gpt_pi,GPT + Pi,GPT,Pi,shared,indrop_v1,inDrop v1,pending,err_0022,T3,unsupported_completion,transition,True,unresolved,unresolved,pending,unresolved,,0
gpt_pi,GPT + Pi,GPT,Pi,shared,indrop_v1,inDrop v1,pending,err_0023,T3,molecular_state_or_assembly_error,state,True,unresolved,unresolved,pending,unresolved,,0
gpt_pi,GPT + Pi,GPT,Pi,shared,indrop_v1,inDrop v1,pending,err_0024,T3,molecular_state_or_assembly_error,state,True,unresolved,unresolved,pending,unresolved,,0
gpt_pi,GPT + Pi,GPT,Pi,shared,indrop_v1,inDrop v1,pending,err_0025,T3,molecular_state_or_assembly_error,state,True,unresolved,unresolved,pending,unresolved,,0
gpt_pi,GPT + Pi,GPT,Pi,shared,indrop_v1,inDrop v1,pending,err_0026,T3,molecular_state_or_assembly_error,state,True,unresolved,unresolved,pending,unresolved,,0
gpt_pi,GPT + Pi,GPT,Pi,shared,indrop_v1,inDrop v1,pending,err_0027,T3,molecular_state_or_assembly_error,state,True,unresolved,unresolved,pending,unresolved,,0
gpt_pi,GPT + Pi,GPT,Pi,shared,indrop_v1,inDrop v1,pending,err_0028,T3,molecular_state_or_assembly_error,state,True,unresolved,unresolved,pending,unresolved,,0
gpt_pi,GPT + Pi,GPT,Pi,shared,indrop_v1,inDrop v1,pending,err_0029,T3,molecular_state_or_assembly_error,state,True,unresolved,unresolved,pending,unresolved,,0
gpt_pi,GPT + Pi,GPT,Pi,shared,indrop_v1,inDrop v1,pending,err_0030,T3,workflow_or_topology_error,transition,True,unresolved,unresolved,pending,unresolved,,0
gpt_pi,GPT + Pi,GPT,Pi,shared,indrop_v1,inDrop v1,pending,err_0031,T3,workflow_or_topology_error,transition,True,unresolved,unresolved,pending,unresolved,,0
gpt_pi,GPT + Pi,GPT,Pi,shared,indrop_v1,inDrop v1,pending,err_0032,T3,workflow_or_topology_error,transition,True,unresolved,unresolved,pending,unresolved,,0
gpt_pi,GPT + Pi,GPT,Pi,shared,indrop_v1,inDrop v1,pending,err_0033,T3,workflow_or_topology_error,transition,True,unresolved,unresolved,pending,unresolved,,0
gpt_pi,GPT + Pi,GPT,Pi,shared,indrop_v1,inDrop v1,pending,err_0034,T3,workflow_or_topology_error,typed_edge,True,unresolved,unresolved,pending,unresolved,,0
gpt_pi,GPT + Pi,GPT,Pi,shared,indrop_v1,inDrop v1,pending,err_0035,T3,workflow_or_topology_error,typed_edge,True,unresolved,unresolved,pending,unresolved,,0
gpt_pi,GPT + Pi,GPT,Pi,shared,indrop_v1,inDrop v1,pending,err_0036,T3,workflow_or_topology_error,typed_edge,True,unresolved,unresolved,pending,unresolved,,0
gpt_pi,GPT + Pi,GPT,Pi,shared,indrop_v1,inDrop v1,pending,err_0037,T3,workflow_or_topology_error,typed_edge,True,unresolved,unresolved,pending,unresolved,,0
gpt_pi,GPT + Pi,GPT,Pi,shared,indrop_v1,inDrop v1,pending,err_0038,T3,workflow_or_topology_error,typed_edge,True,unresolved,unresolved,pending,unresolved,,0
gpt_pi,GPT + Pi,GPT,Pi,shared,indrop_v1,inDrop v1,pending,err_0039,T3,workflow_or_topology_error,typed_edge,True,unresolved,unresolved,pending,unresolved,,0
gpt_pi,GPT + Pi,GPT,Pi,shared,indrop_v1,inDrop v1,pending,err_0040,T3,workflow_or_topology_error,typed_edge,True,unresolved,unresolved,pending,unresolved,,0
gpt_pi,GPT + Pi,GPT,Pi,shared,indrop_v1,inDrop v1,pending,err_0041,T3,workflow_or_topology_error,typed_edge,True,unresolved,unresolved,pending,unresolved,,0
gpt_pi,GPT + Pi,GPT,Pi,shared,indrop_v1,inDrop v1,pending,err_0042,T3,workflow_or_topology_error,typed_edge,True,unresolved,unresolved,pending,unresolved,,0
gpt_pi,GPT + Pi,GPT,Pi,shared,indrop_v1,inDrop v1,pending,err_0043,T3,workflow_or_topology_error,typed_edge,True,unresolved,unresolved,pending,unresolved,,0
gpt_pi,GPT + Pi,GPT,Pi,shared,indrop_v1,inDrop v1,pending,err_0044,T3,workflow_or_topology_error,typed_edge,True,unresolved,unresolved,pending,unresolved,,0
gpt_pi,GPT + Pi,GPT,Pi,shared,indrop_v1,inDrop v1,pending,err_0045,T3,workflow_or_topology_error,typed_edge,True,unresolved,unresolved,pending,unresolved,,0
gpt_pi,GPT + Pi,GPT,Pi,shared,indrop_v1,inDrop v1,pending,err_0046,T3,workflow_or_topology_error,typed_edge,True,unresolved,unresolved,pending,unresolved,,0
gpt_pi,GPT + Pi,GPT,Pi,shared,petri_seq,PETRI-seq,pending,err_0001,T2,missing_recoverable_information,oligo_family,True,unresolved,unresolved,pending,unresolved,,0
gpt_pi,GPT + Pi,GPT,Pi,shared,petri_seq,PETRI-seq,pending,err_0002,T2,missing_recoverable_information,oligo_family,True,unresolved,unresolved,pending,unresolved,,0
gpt_pi,GPT + Pi,GPT,Pi,shared,petri_seq,PETRI-seq,pending,err_0003,T2,missing_recoverable_information,oligo_family,True,unresolved,unresolved,pending,unresolved,,0
gpt_pi,GPT + Pi,GPT,Pi,shared,petri_seq,PETRI-seq,pending,err_0004,T2,missing_recoverable_information,oligo_family,True,unresolved,unresolved,pending,unresolved,,0
gpt_pi,GPT + Pi,GPT,Pi,shared,petri_seq,PETRI-seq,pending,err_0005,T2,missing_recoverable_information,oligo_family,True,unresolved,unresolved,pending,unresolved,,0
gpt_pi,GPT + Pi,GPT,Pi,shared,petri_seq,PETRI-seq,pending,err_0006,T2,molecular_state_or_assembly_error,oligo_family,True,unresolved,unresolved,pending,unresolved,,0
gpt_pi,GPT + Pi,GPT,Pi,shared,petri_seq,PETRI-seq,pending,err_0007,T2,missing_recoverable_information,oligo_family,True,unresolved,unresolved,pending,unresolved,,0
gpt_pi,GPT + Pi,GPT,Pi,shared,petri_seq,PETRI-seq,pending,err_0008,T2,workflow_or_topology_error,oligo_family,True,unresolved,unresolved,pending,unresolved,,0
gpt_pi,GPT + Pi,GPT,Pi,shared,petri_seq,PETRI-seq,pending,err_0009,T2,strand_or_orientation_error,oligo_family,True,unresolved,unresolved,pending,unresolved,,0
gpt_pi,GPT + Pi,GPT,Pi,shared,petri_seq,PETRI-seq,pending,err_0010,T2,missing_recoverable_information,oligo_family,True,unresolved,unresolved,pending,unresolved,,0
gpt_pi,GPT + Pi,GPT,Pi,shared,petri_seq,PETRI-seq,pending,err_0011,T2,strand_or_orientation_error,oligo_family,True,unresolved,unresolved,pending,unresolved,,0
gpt_pi,GPT + Pi,GPT,Pi,shared,petri_seq,PETRI-seq,pending,err_0012,T2,missing_recoverable_information,oligo_family,True,unresolved,unresolved,pending,unresolved,,0
gpt_pi,GPT + Pi,GPT,Pi,shared,petri_seq,PETRI-seq,pending,err_0013,T2,molecular_state_or_assembly_error,oligo_family,True,unresolved,unresolved,pending,unresolved,,0
gpt_pi,GPT + Pi,GPT,Pi,shared,petri_seq,PETRI-seq,pending,err_0014,T2,workflow_or_topology_error,oligo_family,True,unresolved,unresolved,pending,unresolved,,0
gpt_pi,GPT + Pi,GPT,Pi,shared,petri_seq,PETRI-seq,pending,err_0015,T2,strand_or_orientation_error,oligo_family,True,unresolved,unresolved,pending,unresolved,,0
gpt_pi,GPT + Pi,GPT,Pi,shared,petri_seq,PETRI-seq,pending,err_0016,T3,unsupported_completion,state,True,unresolved,unresolved,pending,unresolved,,0
gpt_pi,GPT + Pi,GPT,Pi,shared,petri_seq,PETRI-seq,pending,err_0017,T3,unsupported_completion,state,True,unresolved,unresolved,pending,unresolved,,0
gpt_pi,GPT + Pi,GPT,Pi,shared,petri_seq,PETRI-seq,pending,err_0018,T3,molecular_state_or_assembly_error,state,True,unresolved,unresolved,pending,unresolved,,0
gpt_pi,GPT + Pi,GPT,Pi,shared,petri_seq,PETRI-seq,pending,err_0019,T3,molecular_state_or_assembly_error,state,True,unresolved,unresolved,pending,unresolved,,0
gpt_pi,GPT + Pi,GPT,Pi,shared,petri_seq,PETRI-seq,pending,err_0020,T3,molecular_state_or_assembly_error,state,True,unresolved,unresolved,pending,unresolved,,0
gpt_pi,GPT + Pi,GPT,Pi,shared,petri_seq,PETRI-seq,pending,err_0021,T3,molecular_state_or_assembly_error,state,True,unresolved,unresolved,pending,unresolved,,0
gpt_pi,GPT + Pi,GPT,Pi,shared,petri_seq,PETRI-seq,pending,err_0022,T3,molecular_state_or_assembly_error,state,True,unresolved,unresolved,pending,unresolved,,0
gpt_pi,GPT + Pi,GPT,Pi,shared,petri_seq,PETRI-seq,pending,err_0023,T3,molecular_state_or_assembly_error,state,True,unresolved,unresolved,pending,unresolved,,0
gpt_pi,GPT + Pi,GPT,Pi,shared,petri_seq,PETRI-seq,pending,err_0024,T3,workflow_or_topology_error,transition,True,unresolved,unresolved,pending,unresolved,,0
gpt_pi,GPT + Pi,GPT,Pi,shared,petri_seq,PETRI-seq,pending,err_0025,T3,workflow_or_topology_error,transition,True,unresolved,unresolved,pending,unresolved,,0
gpt_pi,GPT + Pi,GPT,Pi,shared,petri_seq,PETRI-seq,pending,err_0026,T3,workflow_or_topology_error,transition,True,unresolved,unresolved,pending,unresolved,,0
gpt_pi,GPT + Pi,GPT,Pi,shared,petri_seq,PETRI-seq,pending,err_0027,T3,workflow_or_topology_error,transition,True,unresolved,unresolved,pending,unresolved,,0
gpt_pi,GPT + Pi,GPT,Pi,shared,petri_seq,PETRI-seq,pending,err_0028,T3,workflow_or_topology_error,transition,True,unresolved,unresolved,pending,unresolved,,0
gpt_pi,GPT + Pi,GPT,Pi,shared,petri_seq,PETRI-seq,pending,err_0029,T3,workflow_or_topology_error,typed_edge,True,unresolved,unresolved,pending,unresolved,,0
gpt_pi,GPT + Pi,GPT,Pi,shared,petri_seq,PETRI-seq,pending,err_0030,T3,workflow_or_topology_error,typed_edge,True,unresolved,unresolved,pending,unresolved,,0
gpt_pi,GPT + Pi,GPT,Pi,shared,petri_seq,PETRI-seq,pending,err_0031,T3,workflow_or_topology_error,typed_edge,True,unresolved,unresolved,pending,unresolved,,0
gpt_pi,GPT + Pi,GPT,Pi,shared,petri_seq,PETRI-seq,pending,err_0032,T3,workflow_or_topology_error,typed_edge,True,unresolved,unresolved,pending,unresolved,,0
gpt_pi,GPT + Pi,GPT,Pi,shared,petri_seq,PETRI-seq,pending,err_0033,T3,workflow_or_topology_error,typed_edge,True,unresolved,unresolved,pending,unresolved,,0
gpt_pi,GPT + Pi,GPT,Pi,shared,petri_seq,PETRI-seq,pending,err_0034,T3,workflow_or_topology_error,typed_edge,True,unresolved,unresolved,pending,unresolved,,0
gpt_pi,GPT + Pi,GPT,Pi,shared,pip_seq_v4,PIP-seq v4,pending,err_0001,T2,unsupported_completion,oligo_family,True,unresolved,unresolved,pending,unresolved,,0
gpt_pi,GPT + Pi,GPT,Pi,shared,pip_seq_v4,PIP-seq v4,pending,err_0002,T2,unsupported_completion,oligo_family,True,unresolved,unresolved,pending,unresolved,,0
gpt_pi,GPT + Pi,GPT,Pi,shared,pip_seq_v4,PIP-seq v4,pending,err_0003,T2,unsupported_completion,oligo_family,True,unresolved,unresolved,pending,unresolved,,0
gpt_pi,GPT + Pi,GPT,Pi,shared,pip_seq_v4,PIP-seq v4,pending,err_0004,T2,unsupported_completion,oligo_family,True,unresolved,unresolved,pending,unresolved,,0
gpt_pi,GPT + Pi,GPT,Pi,shared,pip_seq_v4,PIP-seq v4,pending,err_0005,T2,unsupported_completion,oligo_family,True,unresolved,unresolved,pending,unresolved,,0
gpt_pi,GPT + Pi,GPT,Pi,shared,pip_seq_v4,PIP-seq v4,pending,err_0006,T2,molecular_state_or_assembly_error,oligo_family,True,unresolved,unresolved,pending,unresolved,,0
gpt_pi,GPT + Pi,GPT,Pi,shared,pip_seq_v4,PIP-seq v4,pending,err_0007,T2,workflow_or_topology_error,oligo_family,True,unresolved,unresolved,pending,unresolved,,0
gpt_pi,GPT + Pi,GPT,Pi,shared,pip_seq_v4,PIP-seq v4,pending,err_0008,T2,missing_recoverable_information,oligo_family,True,unresolved,unresolved,pending,unresolved,,0
gpt_pi,GPT + Pi,GPT,Pi,shared,pip_seq_v4,PIP-seq v4,pending,err_0009,T2,molecular_state_or_assembly_error,oligo_family,True,unresolved,unresolved,pending,unresolved,,0
gpt_pi,GPT + Pi,GPT,Pi,shared,pip_seq_v4,PIP-seq v4,pending,err_0010,T2,molecular_state_or_assembly_error,oligo_family,True,unresolved,unresolved,pending,unresolved,,0
gpt_pi,GPT + Pi,GPT,Pi,shared,pip_seq_v4,PIP-seq v4,pending,err_0011,T2,molecular_state_or_assembly_error,oligo_family,True,unresolved,unresolved,pending,unresolved,,0
gpt_pi,GPT + Pi,GPT,Pi,shared,pip_seq_v4,PIP-seq v4,pending,err_0012,T2,missing_recoverable_information,oligo_family,True,unresolved,unresolved,pending,unresolved,,0
gpt_pi,GPT + Pi,GPT,Pi,shared,pip_seq_v4,PIP-seq v4,pending,err_0013,T2,molecular_state_or_assembly_error,oligo_family,True,unresolved,unresolved,pending,unresolved,,0
gpt_pi,GPT + Pi,GPT,Pi,shared,pip_seq_v4,PIP-seq v4,pending,err_0014,T2,molecular_state_or_assembly_error,oligo_family,True,unresolved,unresolved,pending,unresolved,,0
gpt_pi,GPT + Pi,GPT,Pi,shared,pip_seq_v4,PIP-seq v4,pending,err_0015,T2,workflow_or_topology_error,oligo_family,True,unresolved,unresolved,pending,unresolved,,0
gpt_pi,GPT + Pi,GPT,Pi,shared,pip_seq_v4,PIP-seq v4,pending,err_0016,T3,unsupported_completion,state,True,unresolved,unresolved,pending,unresolved,,0
gpt_pi,GPT + Pi,GPT,Pi,shared,pip_seq_v4,PIP-seq v4,pending,err_0017,T3,unsupported_completion,state,True,unresolved,unresolved,pending,unresolved,,0
gpt_pi,GPT + Pi,GPT,Pi,shared,pip_seq_v4,PIP-seq v4,pending,err_0018,T3,unsupported_completion,transition,True,unresolved,unresolved,pending,unresolved,,0
gpt_pi,GPT + Pi,GPT,Pi,shared,pip_seq_v4,PIP-seq v4,pending,err_0019,T3,unsupported_completion,terminal_output,True,unresolved,unresolved,pending,unresolved,,0
gpt_pi,GPT + Pi,GPT,Pi,shared,pip_seq_v4,PIP-seq v4,pending,err_0020,T3,unsupported_completion,terminal_output,True,unresolved,unresolved,pending,unresolved,,0
gpt_pi,GPT + Pi,GPT,Pi,shared,pip_seq_v4,PIP-seq v4,pending,err_0021,T3,molecular_state_or_assembly_error,state,True,unresolved,unresolved,pending,unresolved,,0
gpt_pi,GPT + Pi,GPT,Pi,shared,pip_seq_v4,PIP-seq v4,pending,err_0022,T3,molecular_state_or_assembly_error,state,True,unresolved,unresolved,pending,unresolved,,0
gpt_pi,GPT + Pi,GPT,Pi,shared,pip_seq_v4,PIP-seq v4,pending,err_0023,T3,molecular_state_or_assembly_error,state,True,unresolved,unresolved,pending,unresolved,,0
gpt_pi,GPT + Pi,GPT,Pi,shared,pip_seq_v4,PIP-seq v4,pending,err_0024,T3,molecular_state_or_assembly_error,state,True,unresolved,unresolved,pending,unresolved,,0
gpt_pi,GPT + Pi,GPT,Pi,shared,pip_seq_v4,PIP-seq v4,pending,err_0025,T3,molecular_state_or_assembly_error,state,True,unresolved,unresolved,pending,unresolved,,0
gpt_pi,GPT + Pi,GPT,Pi,shared,pip_seq_v4,PIP-seq v4,pending,err_0026,T3,molecular_state_or_assembly_error,state,True,unresolved,unresolved,pending,unresolved,,0
gpt_pi,GPT + Pi,GPT,Pi,shared,pip_seq_v4,PIP-seq v4,pending,err_0027,T3,molecular_state_or_assembly_error,state,True,unresolved,unresolved,pending,unresolved,,0
gpt_pi,GPT + Pi,GPT,Pi,shared,pip_seq_v4,PIP-seq v4,pending,err_0028,T3,molecular_state_or_assembly_error,state,True,unresolved,unresolved,pending,unresolved,,0
gpt_pi,GPT + Pi,GPT,Pi,shared,pip_seq_v4,PIP-seq v4,pending,err_0029,T3,workflow_or_topology_error,transition,True,unresolved,unresolved,pending,unresolved,,0
gpt_pi,GPT + Pi,GPT,Pi,shared,pip_seq_v4,PIP-seq v4,pending,err_0030,T3,operation_error,transition,True,unresolved,unresolved,pending,unresolved,,0
gpt_pi,GPT + Pi,GPT,Pi,shared,pip_seq_v4,PIP-seq v4,pending,err_0031,T3,workflow_or_topology_error,transition,True,unresolved,unresolved,pending,unresolved,,0
gpt_pi,GPT + Pi,GPT,Pi,shared,pip_seq_v4,PIP-seq v4,pending,err_0032,T3,workflow_or_topology_error,transition,True,unresolved,unresolved,pending,unresolved,,0
gpt_pi,GPT + Pi,GPT,Pi,shared,pip_seq_v4,PIP-seq v4,pending,err_0033,T3,workflow_or_topology_error,transition,True,unresolved,unresolved,pending,unresolved,,0
gpt_pi,GPT + Pi,GPT,Pi,shared,pip_seq_v4,PIP-seq v4,pending,err_0034,T3,workflow_or_topology_error,typed_edge,True,unresolved,unresolved,pending,unresolved,,0
gpt_pi,GPT + Pi,GPT,Pi,shared,pip_seq_v4,PIP-seq v4,pending,err_0035,T3,workflow_or_topology_error,typed_edge,True,unresolved,unresolved,pending,unresolved,,0
gpt_pi,GPT + Pi,GPT,Pi,shared,pip_seq_v4,PIP-seq v4,pending,err_0036,T3,workflow_or_topology_error,typed_edge,True,unresolved,unresolved,pending,unresolved,,0
gpt_pi,GPT + Pi,GPT,Pi,shared,pip_seq_v4,PIP-seq v4,pending,err_0037,T3,workflow_or_topology_error,typed_edge,True,unresolved,unresolved,pending,unresolved,,0
gpt_pi,GPT + Pi,GPT,Pi,shared,pip_seq_v4,PIP-seq v4,pending,err_0038,T3,workflow_or_topology_error,typed_edge,True,unresolved,unresolved,pending,unresolved,,0
gpt_pi,GPT + Pi,GPT,Pi,shared,pip_seq_v4,PIP-seq v4,pending,err_0039,T3,workflow_or_topology_error,typed_edge,True,unresolved,unresolved,pending,unresolved,,0
gpt_pi,GPT + Pi,GPT,Pi,shared,pip_seq_v4,PIP-seq v4,pending,err_0040,T3,workflow_or_topology_error,typed_edge,True,unresolved,unresolved,pending,unresolved,,0
gpt_pi,GPT + Pi,GPT,Pi,shared,pip_seq_v4,PIP-seq v4,pending,err_0041,T3,workflow_or_topology_error,typed_edge,True,unresolved,unresolved,pending,unresolved,,0
gpt_pi,GPT + Pi,GPT,Pi,shared,pip_seq_v4,PIP-seq v4,pending,err_0042,T3,workflow_or_topology_error,typed_edge,True,unresolved,unresolved,pending,unresolved,,0
gpt_pi,GPT + Pi,GPT,Pi,shared,pip_seq_v4,PIP-seq v4,pending,err_0043,T3,workflow_or_topology_error,typed_edge,True,unresolved,unresolved,pending,unresolved,,0
gpt_pi,GPT + Pi,GPT,Pi,shared,sci_atac_seq,sci-ATAC-seq,pending,err_0001,T2,unsupported_completion,oligo_family,True,unresolved,unresolved,pending,unresolved,,0
gpt_pi,GPT + Pi,GPT,Pi,shared,sci_atac_seq,sci-ATAC-seq,pending,err_0002,T2,molecular_state_or_assembly_error,oligo_family,True,unresolved,unresolved,pending,unresolved,,0
gpt_pi,GPT + Pi,GPT,Pi,shared,sci_atac_seq,sci-ATAC-seq,pending,err_0003,T2,molecular_state_or_assembly_error,oligo_family,True,unresolved,unresolved,pending,unresolved,,0
gpt_pi,GPT + Pi,GPT,Pi,shared,sci_atac_seq,sci-ATAC-seq,pending,err_0004,T2,missing_recoverable_information,oligo_family,True,unresolved,unresolved,pending,unresolved,,0
gpt_pi,GPT + Pi,GPT,Pi,shared,sci_atac_seq,sci-ATAC-seq,pending,err_0005,T2,missing_recoverable_information,oligo_family,True,unresolved,unresolved,pending,unresolved,,0
gpt_pi,GPT + Pi,GPT,Pi,shared,sci_atac_seq,sci-ATAC-seq,pending,err_0006,T3,missing_recoverable_information,state,True,unresolved,unresolved,pending,unresolved,,0
gpt_pi,GPT + Pi,GPT,Pi,shared,sci_atac_seq,sci-ATAC-seq,pending,err_0007,T3,missing_recoverable_information,state,True,unresolved,unresolved,pending,unresolved,,0
gpt_pi,GPT + Pi,GPT,Pi,shared,sci_atac_seq,sci-ATAC-seq,pending,err_0008,T3,missing_recoverable_information,state,True,unresolved,unresolved,pending,unresolved,,0
gpt_pi,GPT + Pi,GPT,Pi,shared,sci_atac_seq,sci-ATAC-seq,pending,err_0009,T3,missing_recoverable_information,state,True,unresolved,unresolved,pending,unresolved,,0
gpt_pi,GPT + Pi,GPT,Pi,shared,sci_atac_seq,sci-ATAC-seq,pending,err_0010,T3,missing_recoverable_information,state,True,unresolved,unresolved,pending,unresolved,,0
gpt_pi,GPT + Pi,GPT,Pi,shared,sci_atac_seq,sci-ATAC-seq,pending,err_0011,T3,missing_recoverable_information,state,True,unresolved,unresolved,pending,unresolved,,0
gpt_pi,GPT + Pi,GPT,Pi,shared,sci_atac_seq,sci-ATAC-seq,pending,err_0012,T3,missing_recoverable_information,state,True,unresolved,unresolved,pending,unresolved,,0
gpt_pi,GPT + Pi,GPT,Pi,shared,sci_atac_seq,sci-ATAC-seq,pending,err_0013,T3,missing_recoverable_information,transition,True,unresolved,unresolved,pending,unresolved,,0
gpt_pi,GPT + Pi,GPT,Pi,shared,sci_atac_seq,sci-ATAC-seq,pending,err_0014,T3,molecular_state_or_assembly_error,state,True,unresolved,unresolved,pending,unresolved,,0
gpt_pi,GPT + Pi,GPT,Pi,shared,sci_atac_seq,sci-ATAC-seq,pending,err_0015,T3,molecular_state_or_assembly_error,state,True,unresolved,unresolved,pending,unresolved,,0
gpt_pi,GPT + Pi,GPT,Pi,shared,sci_atac_seq,sci-ATAC-seq,pending,err_0016,T3,molecular_state_or_assembly_error,state,True,unresolved,unresolved,pending,unresolved,,0
gpt_pi,GPT + Pi,GPT,Pi,shared,sci_atac_seq,sci-ATAC-seq,pending,err_0017,T3,workflow_or_topology_error,transition,True,unresolved,unresolved,pending,unresolved,,0
gpt_pi,GPT + Pi,GPT,Pi,shared,sci_atac_seq,sci-ATAC-seq,pending,err_0018,T3,workflow_or_topology_error,transition,True,unresolved,unresolved,pending,unresolved,,0
gpt_pi,GPT + Pi,GPT,Pi,shared,sci_atac_seq,sci-ATAC-seq,pending,err_0019,T3,workflow_or_topology_error,typed_edge,True,unresolved,unresolved,pending,unresolved,,0
gpt_pi,GPT + Pi,GPT,Pi,shared,sci_atac_seq,sci-ATAC-seq,pending,err_0020,T3,workflow_or_topology_error,typed_edge,True,unresolved,unresolved,pending,unresolved,,0
gpt_pi,GPT + Pi,GPT,Pi,shared,sci_atac_seq,sci-ATAC-seq,pending,err_0021,T3,workflow_or_topology_error,typed_edge,True,unresolved,unresolved,pending,unresolved,,0
gpt_pi,GPT + Pi,GPT,Pi,shared,sci_atac_seq,sci-ATAC-seq,pending,err_0022,T3,workflow_or_topology_error,typed_edge,True,unresolved,unresolved,pending,unresolved,,0
gpt_pi,GPT + Pi,GPT,Pi,shared,sci_atac_seq,sci-ATAC-seq,pending,err_0023,T3,workflow_or_topology_error,typed_edge,True,unresolved,unresolved,pending,unresolved,,0
gpt_pi,GPT + Pi,GPT,Pi,shared,sci_atac_seq,sci-ATAC-seq,pending,err_0024,T3,workflow_or_topology_error,typed_edge,True,unresolved,unresolved,pending,unresolved,,0
gpt_pi,GPT + Pi,GPT,Pi,shared,sci_atac_seq,sci-ATAC-seq,pending,err_0025,T3,workflow_or_topology_error,typed_edge,True,unresolved,unresolved,pending,unresolved,,0
gpt_pi,GPT + Pi,GPT,Pi,shared,sci_atac_seq,sci-ATAC-seq,pending,err_0026,T3,workflow_or_topology_error,typed_edge,True,unresolved,unresolved,pending,unresolved,,0
gpt_pi,GPT + Pi,GPT,Pi,shared,sci_atac_seq,sci-ATAC-seq,pending,err_0027,T3,workflow_or_topology_error,typed_edge,True,unresolved,unresolved,pending,unresolved,,0
gpt_pi,GPT + Pi,GPT,Pi,shared,sci_atac_seq,sci-ATAC-seq,pending,err_0028,T3,workflow_or_topology_error,typed_edge,True,unresolved,unresolved,pending,unresolved,,0
gpt_pi,GPT + Pi,GPT,Pi,shared,sci_atac_seq,sci-ATAC-seq,pending,err_0029,T3,workflow_or_topology_error,typed_edge,True,unresolved,unresolved,pending,unresolved,,0
gpt_pi,GPT + Pi,GPT,Pi,shared,sci_atac_seq,sci-ATAC-seq,pending,err_0030,T3,workflow_or_topology_error,typed_edge,True,unresolved,unresolved,pending,unresolved,,0
gpt_pi,GPT + Pi,GPT,Pi,shared,sci_atac_seq,sci-ATAC-seq,pending,err_0031,T3,workflow_or_topology_error,typed_edge,True,unresolved,unresolved,pending,unresolved,,0
gpt_pi,GPT + Pi,GPT,Pi,shared,scrrbs,scRRBS,pending,err_0001,T2,missing_recoverable_information,oligo_family,True,unresolved,unresolved,pending,unresolved,,0
gpt_pi,GPT + Pi,GPT,Pi,shared,scrrbs,scRRBS,pending,err_0002,T2,molecular_state_or_assembly_error,oligo_family,True,unresolved,unresolved,pending,unresolved,,0
gpt_pi,GPT + Pi,GPT,Pi,shared,scrrbs,scRRBS,pending,err_0003,T2,molecular_state_or_assembly_error,oligo_family,True,unresolved,unresolved,pending,unresolved,,0
gpt_pi,GPT + Pi,GPT,Pi,shared,scrrbs,scRRBS,pending,err_0004,T2,missing_recoverable_information,oligo_family,True,unresolved,unresolved,pending,unresolved,,0
gpt_pi,GPT + Pi,GPT,Pi,shared,scrrbs,scRRBS,pending,err_0005,T2,molecular_state_or_assembly_error,oligo_family,True,unresolved,unresolved,pending,unresolved,,0
gpt_pi,GPT + Pi,GPT,Pi,shared,scrrbs,scRRBS,pending,err_0006,T2,workflow_or_topology_error,oligo_family,True,unresolved,unresolved,pending,unresolved,,0
gpt_pi,GPT + Pi,GPT,Pi,shared,scrrbs,scRRBS,pending,err_0007,T3,missing_recoverable_information,state,True,unresolved,unresolved,pending,unresolved,,0
gpt_pi,GPT + Pi,GPT,Pi,shared,scrrbs,scRRBS,pending,err_0008,T3,molecular_state_or_assembly_error,state,True,unresolved,unresolved,pending,unresolved,,0
gpt_pi,GPT + Pi,GPT,Pi,shared,scrrbs,scRRBS,pending,err_0009,T3,molecular_state_or_assembly_error,state,True,unresolved,unresolved,pending,unresolved,,0
gpt_pi,GPT + Pi,GPT,Pi,shared,scrrbs,scRRBS,pending,err_0010,T3,molecular_state_or_assembly_error,state,True,unresolved,unresolved,pending,unresolved,,0
gpt_pi,GPT + Pi,GPT,Pi,shared,scrrbs,scRRBS,pending,err_0011,T3,molecular_state_or_assembly_error,state,True,unresolved,unresolved,pending,unresolved,,0
gpt_pi,GPT + Pi,GPT,Pi,shared,scrrbs,scRRBS,pending,err_0012,T3,molecular_state_or_assembly_error,state,True,unresolved,unresolved,pending,unresolved,,0
gpt_pi,GPT + Pi,GPT,Pi,shared,scrrbs,scRRBS,pending,err_0013,T3,molecular_state_or_assembly_error,state,True,unresolved,unresolved,pending,unresolved,,0
gpt_pi,GPT + Pi,GPT,Pi,shared,scrrbs,scRRBS,pending,err_0014,T3,workflow_or_topology_error,transition,True,unresolved,unresolved,pending,unresolved,,0
gpt_pi,GPT + Pi,GPT,Pi,shared,scrrbs,scRRBS,pending,err_0015,T3,workflow_or_topology_error,transition,True,unresolved,unresolved,pending,unresolved,,0
gpt_pi,GPT + Pi,GPT,Pi,shared,scrrbs,scRRBS,pending,err_0016,T3,workflow_or_topology_error,transition,True,unresolved,unresolved,pending,unresolved,,0
gpt_pi,GPT + Pi,GPT,Pi,shared,scrrbs,scRRBS,pending,err_0017,T3,workflow_or_topology_error,typed_edge,True,unresolved,unresolved,pending,unresolved,,0
gpt_pi,GPT + Pi,GPT,Pi,shared,scrrbs,scRRBS,pending,err_0018,T3,workflow_or_topology_error,typed_edge,True,unresolved,unresolved,pending,unresolved,,0
gpt_pi,GPT + Pi,GPT,Pi,shared,share_seq,SHARE-seq,pending,err_0001,T2,workflow_or_topology_error,oligo_family,True,unresolved,unresolved,pending,unresolved,,0
gpt_pi,GPT + Pi,GPT,Pi,shared,share_seq,SHARE-seq,pending,err_0002,T2,molecular_state_or_assembly_error,oligo_family,True,unresolved,unresolved,pending,unresolved,,0
gpt_pi,GPT + Pi,GPT,Pi,shared,share_seq,SHARE-seq,pending,err_0003,T2,molecular_state_or_assembly_error,oligo_family,True,unresolved,unresolved,pending,unresolved,,0
gpt_pi,GPT + Pi,GPT,Pi,shared,share_seq,SHARE-seq,pending,err_0004,T2,workflow_or_topology_error,oligo_family,True,unresolved,unresolved,pending,unresolved,,0
gpt_pi,GPT + Pi,GPT,Pi,shared,share_seq,SHARE-seq,pending,err_0005,T2,missing_recoverable_information,oligo_family,True,unresolved,unresolved,pending,unresolved,,0
gpt_pi,GPT + Pi,GPT,Pi,shared,share_seq,SHARE-seq,pending,err_0006,T2,molecular_state_or_assembly_error,oligo_family,True,unresolved,unresolved,pending,unresolved,,0
gpt_pi,GPT + Pi,GPT,Pi,shared,share_seq,SHARE-seq,pending,err_0007,T2,molecular_state_or_assembly_error,oligo_family,True,unresolved,unresolved,pending,unresolved,,0
gpt_pi,GPT + Pi,GPT,Pi,shared,share_seq,SHARE-seq,pending,err_0008,T2,molecular_state_or_assembly_error,oligo_family,True,unresolved,unresolved,pending,unresolved,,0
gpt_pi,GPT + Pi,GPT,Pi,shared,share_seq,SHARE-seq,pending,err_0009,T2,workflow_or_topology_error,oligo_family,True,unresolved,unresolved,pending,unresolved,,0
gpt_pi,GPT + Pi,GPT,Pi,shared,share_seq,SHARE-seq,pending,err_0010,T2,molecular_state_or_assembly_error,oligo_family,True,unresolved,unresolved,pending,unresolved,,0
gpt_pi,GPT + Pi,GPT,Pi,shared,share_seq,SHARE-seq,pending,err_0011,T2,molecular_state_or_assembly_error,oligo_family,True,unresolved,unresolved,pending,unresolved,,0
gpt_pi,GPT + Pi,GPT,Pi,shared,share_seq,SHARE-seq,pending,err_0012,T2,molecular_state_or_assembly_error,oligo_family,True,unresolved,unresolved,pending,unresolved,,0
gpt_pi,GPT + Pi,GPT,Pi,shared,share_seq,SHARE-seq,pending,err_0013,T2,molecular_state_or_assembly_error,oligo_family,True,unresolved,unresolved,pending,unresolved,,0
gpt_pi,GPT + Pi,GPT,Pi,shared,share_seq,SHARE-seq,pending,err_0014,T3,missing_recoverable_information,state,True,unresolved,unresolved,pending,unresolved,,0
gpt_pi,GPT + Pi,GPT,Pi,shared,share_seq,SHARE-seq,pending,err_0015,T3,missing_recoverable_information,state,True,unresolved,unresolved,pending,unresolved,,0
gpt_pi,GPT + Pi,GPT,Pi,shared,share_seq,SHARE-seq,pending,err_0016,T3,missing_recoverable_information,state,True,unresolved,unresolved,pending,unresolved,,0
gpt_pi,GPT + Pi,GPT,Pi,shared,share_seq,SHARE-seq,pending,err_0017,T3,missing_recoverable_information,state,True,unresolved,unresolved,pending,unresolved,,0
gpt_pi,GPT + Pi,GPT,Pi,shared,share_seq,SHARE-seq,pending,err_0018,T3,missing_recoverable_information,state,True,unresolved,unresolved,pending,unresolved,,0
gpt_pi,GPT + Pi,GPT,Pi,shared,share_seq,SHARE-seq,pending,err_0019,T3,missing_recoverable_information,state,True,unresolved,unresolved,pending,unresolved,,0
gpt_pi,GPT + Pi,GPT,Pi,shared,share_seq,SHARE-seq,pending,err_0020,T3,missing_recoverable_information,transition,True,unresolved,unresolved,pending,unresolved,,0
gpt_pi,GPT + Pi,GPT,Pi,shared,share_seq,SHARE-seq,pending,err_0021,T3,missing_recoverable_information,transition,True,unresolved,unresolved,pending,unresolved,,0
gpt_pi,GPT + Pi,GPT,Pi,shared,share_seq,SHARE-seq,pending,err_0022,T3,missing_recoverable_information,transition,True,unresolved,unresolved,pending,unresolved,,0
gpt_pi,GPT + Pi,GPT,Pi,shared,share_seq,SHARE-seq,pending,err_0023,T3,molecular_state_or_assembly_error,state,True,unresolved,unresolved,pending,unresolved,,0
gpt_pi,GPT + Pi,GPT,Pi,shared,share_seq,SHARE-seq,pending,err_0024,T3,molecular_state_or_assembly_error,state,True,unresolved,unresolved,pending,unresolved,,0
gpt_pi,GPT + Pi,GPT,Pi,shared,share_seq,SHARE-seq,pending,err_0025,T3,molecular_state_or_assembly_error,state,True,unresolved,unresolved,pending,unresolved,,0
gpt_pi,GPT + Pi,GPT,Pi,shared,share_seq,SHARE-seq,pending,err_0026,T3,molecular_state_or_assembly_error,state,True,unresolved,unresolved,pending,unresolved,,0
gpt_pi,GPT + Pi,GPT,Pi,shared,share_seq,SHARE-seq,pending,err_0027,T3,molecular_state_or_assembly_error,state,True,unresolved,unresolved,pending,unresolved,,0
gpt_pi,GPT + Pi,GPT,Pi,shared,share_seq,SHARE-seq,pending,err_0028,T3,molecular_state_or_assembly_error,state,True,unresolved,unresolved,pending,unresolved,,0
gpt_pi,GPT + Pi,GPT,Pi,shared,share_seq,SHARE-seq,pending,err_0029,T3,molecular_state_or_assembly_error,state,True,unresolved,unresolved,pending,unresolved,,0
gpt_pi,GPT + Pi,GPT,Pi,shared,share_seq,SHARE-seq,pending,err_0030,T3,molecular_state_or_assembly_error,state,True,unresolved,unresolved,pending,unresolved,,0
gpt_pi,GPT + Pi,GPT,Pi,shared,share_seq,SHARE-seq,pending,err_0031,T3,molecular_state_or_assembly_error,state,True,unresolved,unresolved,pending,unresolved,,0
gpt_pi,GPT + Pi,GPT,Pi,shared,share_seq,SHARE-seq,pending,err_0032,T3,molecular_state_or_assembly_error,state,True,unresolved,unresolved,pending,unresolved,,0
gpt_pi,GPT + Pi,GPT,Pi,shared,share_seq,SHARE-seq,pending,err_0033,T3,workflow_or_topology_error,transition,True,unresolved,unresolved,pending,unresolved,,0
gpt_pi,GPT + Pi,GPT,Pi,shared,share_seq,SHARE-seq,pending,err_0034,T3,workflow_or_topology_error,transition,True,unresolved,unresolved,pending,unresolved,,0
gpt_pi,GPT + Pi,GPT,Pi,shared,share_seq,SHARE-seq,pending,err_0035,T3,workflow_or_topology_error,transition,True,unresolved,unresolved,pending,unresolved,,0
gpt_pi,GPT + Pi,GPT,Pi,shared,share_seq,SHARE-seq,pending,err_0036,T3,workflow_or_topology_error,transition,True,unresolved,unresolved,pending,unresolved,,0
gpt_pi,GPT + Pi,GPT,Pi,shared,share_seq,SHARE-seq,pending,err_0037,T3,workflow_or_topology_error,transition,True,unresolved,unresolved,pending,unresolved,,0
gpt_pi,GPT + Pi,GPT,Pi,shared,share_seq,SHARE-seq,pending,err_0038,T3,workflow_or_topology_error,typed_edge,True,unresolved,unresolved,pending,unresolved,,0
gpt_pi,GPT + Pi,GPT,Pi,shared,share_seq,SHARE-seq,pending,err_0039,T3,workflow_or_topology_error,typed_edge,True,unresolved,unresolved,pending,unresolved,,0
gpt_pi,GPT + Pi,GPT,Pi,shared,share_seq,SHARE-seq,pending,err_0040,T3,workflow_or_topology_error,typed_edge,True,unresolved,unresolved,pending,unresolved,,0
gpt_pi,GPT + Pi,GPT,Pi,shared,share_seq,SHARE-seq,pending,err_0041,T3,workflow_or_topology_error,typed_edge,True,unresolved,unresolved,pending,unresolved,,0
gpt_pi,GPT + Pi,GPT,Pi,shared,share_seq,SHARE-seq,pending,err_0042,T3,workflow_or_topology_error,typed_edge,True,unresolved,unresolved,pending,unresolved,,0
gpt_pi,GPT + Pi,GPT,Pi,shared,share_seq,SHARE-seq,pending,err_0043,T3,workflow_or_topology_error,typed_edge,True,unresolved,unresolved,pending,unresolved,,0
gpt_pi,GPT + Pi,GPT,Pi,shared,share_seq,SHARE-seq,pending,err_0044,T3,workflow_or_topology_error,typed_edge,True,unresolved,unresolved,pending,unresolved,,0
gpt_pi,GPT + Pi,GPT,Pi,shared,share_seq,SHARE-seq,pending,err_0045,T3,workflow_or_topology_error,typed_edge,True,unresolved,unresolved,pending,unresolved,,0
gpt_pi,GPT + Pi,GPT,Pi,shared,share_seq,SHARE-seq,pending,err_0046,T3,workflow_or_topology_error,typed_edge,True,unresolved,unresolved,pending,unresolved,,0
gpt_pi,GPT + Pi,GPT,Pi,shared,share_seq,SHARE-seq,pending,err_0047,T3,workflow_or_topology_error,typed_edge,True,unresolved,unresolved,pending,unresolved,,0
gpt_pi,GPT + Pi,GPT,Pi,shared,share_seq,SHARE-seq,pending,err_0048,T3,workflow_or_topology_error,typed_edge,True,unresolved,unresolved,pending,unresolved,,0
gpt_pi,GPT + Pi,GPT,Pi,shared,share_seq,SHARE-seq,pending,err_0049,T3,workflow_or_topology_error,typed_edge,True,unresolved,unresolved,pending,unresolved,,0
gpt_pi,GPT + Pi,GPT,Pi,shared,share_seq,SHARE-seq,pending,err_0050,T3,workflow_or_topology_error,typed_edge,True,unresolved,unresolved,pending,unresolved,,0
gpt_pi,GPT + Pi,GPT,Pi,shared,share_seq,SHARE-seq,pending,err_0051,T3,workflow_or_topology_error,typed_edge,True,unresolved,unresolved,pending,unresolved,,0
gpt_pi,GPT + Pi,GPT,Pi,shared,share_seq,SHARE-seq,pending,err_0052,T3,workflow_or_topology_error,typed_edge,True,unresolved,unresolved,pending,unresolved,,0
gpt_pi,GPT + Pi,GPT,Pi,shared,share_seq,SHARE-seq,pending,err_0053,T3,workflow_or_topology_error,typed_edge,True,unresolved,unresolved,pending,unresolved,,0
gpt_pi,GPT + Pi,GPT,Pi,shared,share_seq,SHARE-seq,pending,err_0054,T3,workflow_or_topology_error,typed_edge,True,unresolved,unresolved,pending,unresolved,,0
gpt_pi,GPT + Pi,GPT,Pi,shared,share_seq,SHARE-seq,pending,err_0055,T3,workflow_or_topology_error,typed_edge,True,unresolved,unresolved,pending,unresolved,,0
gpt_pi,GPT + Pi,GPT,Pi,shared,share_seq,SHARE-seq,pending,err_0056,T3,workflow_or_topology_error,typed_edge,True,unresolved,unresolved,pending,unresolved,,0
gpt_pi,GPT + Pi,GPT,Pi,shared,share_seq,SHARE-seq,pending,err_0057,T3,workflow_or_topology_error,typed_edge,True,unresolved,unresolved,pending,unresolved,,0
gpt_pi,GPT + Pi,GPT,Pi,shared,share_seq,SHARE-seq,pending,err_0058,T3,workflow_or_topology_error,typed_edge,True,unresolved,unresolved,pending,unresolved,,0
gpt_pi,GPT + Pi,GPT,Pi,shared,share_seq,SHARE-seq,pending,err_0059,T3,workflow_or_topology_error,typed_edge,True,unresolved,unresolved,pending,unresolved,,0
gpt_pi,GPT + Pi,GPT,Pi,shared,share_seq,SHARE-seq,pending,err_0060,T3,workflow_or_topology_error,typed_edge,True,unresolved,unresolved,pending,unresolved,,0
gpt_pi,GPT + Pi,GPT,Pi,shared,share_seq,SHARE-seq,pending,err_0061,T3,workflow_or_topology_error,typed_edge,True,unresolved,unresolved,pending,unresolved,,0
gpt_pi,GPT + Pi,GPT,Pi,shared,smart_seq,SMART-seq,pending,err_0001,T2,unsupported_completion,oligo_family,True,unresolved,unresolved,pending,unresolved,,0
gpt_pi,GPT + Pi,GPT,Pi,shared,smart_seq,SMART-seq,pending,err_0002,T2,unsupported_completion,oligo_family,True,unresolved,unresolved,pending,unresolved,,0
gpt_pi,GPT + Pi,GPT,Pi,shared,smart_seq,SMART-seq,pending,err_0003,T2,unsupported_completion,oligo_family,True,unresolved,unresolved,pending,unresolved,,0
gpt_pi,GPT + Pi,GPT,Pi,shared,smart_seq,SMART-seq,pending,err_0004,T2,unsupported_completion,oligo_family,True,unresolved,unresolved,pending,unresolved,,0
gpt_pi,GPT + Pi,GPT,Pi,shared,smart_seq,SMART-seq,pending,err_0005,T2,missing_recoverable_information,oligo_family,True,unresolved,unresolved,pending,unresolved,,0
gpt_pi,GPT + Pi,GPT,Pi,shared,smart_seq,SMART-seq,pending,err_0006,T2,molecular_state_or_assembly_error,oligo_family,True,unresolved,unresolved,pending,unresolved,,0
gpt_pi,GPT + Pi,GPT,Pi,shared,smart_seq,SMART-seq,pending,err_0007,T2,molecular_state_or_assembly_error,oligo_family,True,unresolved,unresolved,pending,unresolved,,0
gpt_pi,GPT + Pi,GPT,Pi,shared,smart_seq,SMART-seq,pending,err_0008,T2,molecular_state_or_assembly_error,oligo_family,True,unresolved,unresolved,pending,unresolved,,0
gpt_pi,GPT + Pi,GPT,Pi,shared,smart_seq,SMART-seq,pending,err_0009,T3,missing_recoverable_information,state,True,unresolved,unresolved,pending,unresolved,,0
gpt_pi,GPT + Pi,GPT,Pi,shared,smart_seq,SMART-seq,pending,err_0010,T3,missing_recoverable_information,transition,True,unresolved,unresolved,pending,unresolved,,0
gpt_pi,GPT + Pi,GPT,Pi,shared,smart_seq,SMART-seq,pending,err_0011,T3,molecular_state_or_assembly_error,state,True,unresolved,unresolved,pending,unresolved,,0
gpt_pi,GPT + Pi,GPT,Pi,shared,smart_seq,SMART-seq,pending,err_0012,T3,molecular_state_or_assembly_error,state,True,unresolved,unresolved,pending,unresolved,,0
gpt_pi,GPT + Pi,GPT,Pi,shared,smart_seq,SMART-seq,pending,err_0013,T3,molecular_state_or_assembly_error,state,True,unresolved,unresolved,pending,unresolved,,0
gpt_pi,GPT + Pi,GPT,Pi,shared,smart_seq,SMART-seq,pending,err_0014,T3,molecular_state_or_assembly_error,state,True,unresolved,unresolved,pending,unresolved,,0
gpt_pi,GPT + Pi,GPT,Pi,shared,smart_seq,SMART-seq,pending,err_0015,T3,molecular_state_or_assembly_error,state,True,unresolved,unresolved,pending,unresolved,,0
gpt_pi,GPT + Pi,GPT,Pi,shared,smart_seq,SMART-seq,pending,err_0016,T3,molecular_state_or_assembly_error,state,True,unresolved,unresolved,pending,unresolved,,0
gpt_pi,GPT + Pi,GPT,Pi,shared,smart_seq,SMART-seq,pending,err_0017,T3,molecular_state_or_assembly_error,state,True,unresolved,unresolved,pending,unresolved,,0
gpt_pi,GPT + Pi,GPT,Pi,shared,smart_seq,SMART-seq,pending,err_0018,T3,workflow_or_topology_error,transition,True,unresolved,unresolved,pending,unresolved,,0
gpt_pi,GPT + Pi,GPT,Pi,shared,smart_seq,SMART-seq,pending,err_0019,T3,workflow_or_topology_error,transition,True,unresolved,unresolved,pending,unresolved,,0
gpt_pi,GPT + Pi,GPT,Pi,shared,smart_seq,SMART-seq,pending,err_0020,T3,workflow_or_topology_error,transition,True,unresolved,unresolved,pending,unresolved,,0
gpt_pi,GPT + Pi,GPT,Pi,shared,smart_seq,SMART-seq,pending,err_0021,T3,workflow_or_topology_error,transition,True,unresolved,unresolved,pending,unresolved,,0
gpt_pi,GPT + Pi,GPT,Pi,shared,smart_seq,SMART-seq,pending,err_0022,T3,operation_error,transition,True,unresolved,unresolved,pending,unresolved,,0
gpt_pi,GPT + Pi,GPT,Pi,shared,smart_seq,SMART-seq,pending,err_0023,T3,workflow_or_topology_error,transition,True,unresolved,unresolved,pending,unresolved,,0
gpt_pi,GPT + Pi,GPT,Pi,shared,smart_seq,SMART-seq,pending,err_0024,T3,workflow_or_topology_error,transition,True,unresolved,unresolved,pending,unresolved,,0
gpt_pi,GPT + Pi,GPT,Pi,shared,smart_seq,SMART-seq,pending,err_0025,T3,workflow_or_topology_error,transition,True,unresolved,unresolved,pending,unresolved,,0
gpt_pi,GPT + Pi,GPT,Pi,shared,smart_seq,SMART-seq,pending,err_0026,T3,workflow_or_topology_error,transition,True,unresolved,unresolved,pending,unresolved,,0
gpt_pi,GPT + Pi,GPT,Pi,shared,smart_seq,SMART-seq,pending,err_0027,T3,workflow_or_topology_error,typed_edge,True,unresolved,unresolved,pending,unresolved,,0
gpt_pi,GPT + Pi,GPT,Pi,shared,smart_seq,SMART-seq,pending,err_0028,T3,workflow_or_topology_error,typed_edge,True,unresolved,unresolved,pending,unresolved,,0
gpt_pi,GPT + Pi,GPT,Pi,shared,smart_seq,SMART-seq,pending,err_0029,T3,workflow_or_topology_error,typed_edge,True,unresolved,unresolved,pending,unresolved,,0
gpt_pi,GPT + Pi,GPT,Pi,shared,smart_seq,SMART-seq,pending,err_0030,T3,workflow_or_topology_error,typed_edge,True,unresolved,unresolved,pending,unresolved,,0
gpt_pi,GPT + Pi,GPT,Pi,shared,smart_seq,SMART-seq,pending,err_0031,T3,workflow_or_topology_error,typed_edge,True,unresolved,unresolved,pending,unresolved,,0
gpt_pi,GPT + Pi,GPT,Pi,shared,smart_seq,SMART-seq,pending,err_0032,T3,workflow_or_topology_error,typed_edge,True,unresolved,unresolved,pending,unresolved,,0
gpt_pi,GPT + Pi,GPT,Pi,shared,smart_seq,SMART-seq,pending,err_0033,T3,workflow_or_topology_error,typed_edge,True,unresolved,unresolved,pending,unresolved,,0
gpt_pi,GPT + Pi,GPT,Pi,shared,smart_seq,SMART-seq,pending,err_0034,T3,workflow_or_topology_error,typed_edge,True,unresolved,unresolved,pending,unresolved,,0
gpt_pi,GPT + Pi,GPT,Pi,shared,smart_seq,SMART-seq,pending,err_0035,T3,workflow_or_topology_error,typed_edge,True,unresolved,unresolved,pending,unresolved,,0
gpt_pi,GPT + Pi,GPT,Pi,shared,smart_seq,SMART-seq,pending,err_0036,T3,workflow_or_topology_error,typed_edge,True,unresolved,unresolved,pending,unresolved,,0
gpt_pi,GPT + Pi,GPT,Pi,shared,smart_seq,SMART-seq,pending,err_0037,T3,workflow_or_topology_error,typed_edge,True,unresolved,unresolved,pending,unresolved,,0
gpt_pi,GPT + Pi,GPT,Pi,shared,smart_seq,SMART-seq,pending,err_0038,T3,workflow_or_topology_error,typed_edge,True,unresolved,unresolved,pending,unresolved,,0
gpt_mini_swe,GPT + mini-SWE,GPT,mini-SWE,shared,10x_chromium_3_gene_expression_v4,10x 3' GEX v4,pending,err_0001,T2,unsupported_completion,oligo_family,True,unresolved,unresolved,pending,unresolved,,0
gpt_mini_swe,GPT + mini-SWE,GPT,mini-SWE,shared,10x_chromium_3_gene_expression_v4,10x 3' GEX v4,pending,err_0002,T2,unsupported_completion,oligo_family,True,unresolved,unresolved,pending,unresolved,,0
gpt_mini_swe,GPT + mini-SWE,GPT,mini-SWE,shared,10x_chromium_3_gene_expression_v4,10x 3' GEX v4,pending,err_0003,T2,unsupported_completion,oligo_family,True,unresolved,unresolved,pending,unresolved,,0
gpt_mini_swe,GPT + mini-SWE,GPT,mini-SWE,shared,10x_chromium_3_gene_expression_v4,10x 3' GEX v4,pending,err_0004,T2,unsupported_completion,oligo_family,True,unresolved,unresolved,pending,unresolved,,0
gpt_mini_swe,GPT + mini-SWE,GPT,mini-SWE,shared,10x_chromium_3_gene_expression_v4,10x 3' GEX v4,pending,err_0005,T2,molecular_state_or_assembly_error,oligo_family,True,unresolved,unresolved,pending,unresolved,,0
gpt_mini_swe,GPT + mini-SWE,GPT,mini-SWE,shared,10x_chromium_3_gene_expression_v4,10x 3' GEX v4,pending,err_0006,T2,molecular_state_or_assembly_error,oligo_family,True,unresolved,unresolved,pending,unresolved,,0
gpt_mini_swe,GPT + mini-SWE,GPT,mini-SWE,shared,10x_chromium_3_gene_expression_v4,10x 3' GEX v4,pending,err_0007,T2,workflow_or_topology_error,oligo_family,True,unresolved,unresolved,pending,unresolved,,0
gpt_mini_swe,GPT + mini-SWE,GPT,mini-SWE,shared,10x_chromium_3_gene_expression_v4,10x 3' GEX v4,pending,err_0008,T2,molecular_state_or_assembly_error,oligo_family,True,unresolved,unresolved,pending,unresolved,,0
gpt_mini_swe,GPT + mini-SWE,GPT,mini-SWE,shared,10x_chromium_3_gene_expression_v4,10x 3' GEX v4,pending,err_0009,T2,molecular_state_or_assembly_error,oligo_family,True,unresolved,unresolved,pending,unresolved,,0
gpt_mini_swe,GPT + mini-SWE,GPT,mini-SWE,shared,10x_chromium_3_gene_expression_v4,10x 3' GEX v4,pending,err_0010,T3,molecular_state_or_assembly_error,state,True,unresolved,unresolved,pending,unresolved,,0
gpt_mini_swe,GPT + mini-SWE,GPT,mini-SWE,shared,10x_chromium_3_gene_expression_v4,10x 3' GEX v4,pending,err_0011,T3,molecular_state_or_assembly_error,state,True,unresolved,unresolved,pending,unresolved,,0
gpt_mini_swe,GPT + mini-SWE,GPT,mini-SWE,shared,10x_chromium_3_gene_expression_v4,10x 3' GEX v4,pending,err_0012,T3,molecular_state_or_assembly_error,state,True,unresolved,unresolved,pending,unresolved,,0
gpt_mini_swe,GPT + mini-SWE,GPT,mini-SWE,shared,10x_chromium_3_gene_expression_v4,10x 3' GEX v4,pending,err_0013,T3,molecular_state_or_assembly_error,state,True,unresolved,unresolved,pending,unresolved,,0
gpt_mini_swe,GPT + mini-SWE,GPT,mini-SWE,shared,10x_chromium_3_gene_expression_v4,10x 3' GEX v4,pending,err_0014,T3,molecular_state_or_assembly_error,state,True,unresolved,unresolved,pending,unresolved,,0
gpt_mini_swe,GPT + mini-SWE,GPT,mini-SWE,shared,10x_chromium_3_gene_expression_v4,10x 3' GEX v4,pending,err_0015,T3,workflow_or_topology_error,transition,True,unresolved,unresolved,pending,unresolved,,0
gpt_mini_swe,GPT + mini-SWE,GPT,mini-SWE,shared,10x_chromium_3_gene_expression_v4,10x 3' GEX v4,pending,err_0016,T3,workflow_or_topology_error,transition,True,unresolved,unresolved,pending,unresolved,,0
gpt_mini_swe,GPT + mini-SWE,GPT,mini-SWE,shared,10x_chromium_3_gene_expression_v4,10x 3' GEX v4,pending,err_0017,T3,workflow_or_topology_error,transition,True,unresolved,unresolved,pending,unresolved,,0
gpt_mini_swe,GPT + mini-SWE,GPT,mini-SWE,shared,ddseq_single_cell_3_rna_seq_kit,ddSEQ 3' RNA,pending,err_0001,T2,unsupported_completion,oligo_family,True,unresolved,unresolved,pending,unresolved,,0
gpt_mini_swe,GPT + mini-SWE,GPT,mini-SWE,shared,ddseq_single_cell_3_rna_seq_kit,ddSEQ 3' RNA,pending,err_0002,T2,unsupported_completion,oligo_family,True,unresolved,unresolved,pending,unresolved,,0
gpt_mini_swe,GPT + mini-SWE,GPT,mini-SWE,shared,ddseq_single_cell_3_rna_seq_kit,ddSEQ 3' RNA,pending,err_0003,T2,unsupported_completion,oligo_family,True,unresolved,unresolved,pending,unresolved,,0
gpt_mini_swe,GPT + mini-SWE,GPT,mini-SWE,shared,ddseq_single_cell_3_rna_seq_kit,ddSEQ 3' RNA,pending,err_0004,T2,unsupported_completion,oligo_family,True,unresolved,unresolved,pending,unresolved,,0
gpt_mini_swe,GPT + mini-SWE,GPT,mini-SWE,shared,ddseq_single_cell_3_rna_seq_kit,ddSEQ 3' RNA,pending,err_0005,T3,missing_recoverable_information,state,True,unresolved,unresolved,pending,unresolved,,0
gpt_mini_swe,GPT + mini-SWE,GPT,mini-SWE,shared,ddseq_single_cell_3_rna_seq_kit,ddSEQ 3' RNA,pending,err_0006,T3,missing_recoverable_information,state,True,unresolved,unresolved,pending,unresolved,,0
gpt_mini_swe,GPT + mini-SWE,GPT,mini-SWE,shared,ddseq_single_cell_3_rna_seq_kit,ddSEQ 3' RNA,pending,err_0007,T3,missing_recoverable_information,state,True,unresolved,unresolved,pending,unresolved,,0
gpt_mini_swe,GPT + mini-SWE,GPT,mini-SWE,shared,ddseq_single_cell_3_rna_seq_kit,ddSEQ 3' RNA,pending,err_0008,T3,missing_recoverable_information,state,True,unresolved,unresolved,pending,unresolved,,0
gpt_mini_swe,GPT + mini-SWE,GPT,mini-SWE,shared,ddseq_single_cell_3_rna_seq_kit,ddSEQ 3' RNA,pending,err_0009,T3,missing_recoverable_information,transition,True,unresolved,unresolved,pending,unresolved,,0
gpt_mini_swe,GPT + mini-SWE,GPT,mini-SWE,shared,ddseq_single_cell_3_rna_seq_kit,ddSEQ 3' RNA,pending,err_0010,T3,missing_recoverable_information,transition,True,unresolved,unresolved,pending,unresolved,,0
gpt_mini_swe,GPT + mini-SWE,GPT,mini-SWE,shared,ddseq_single_cell_3_rna_seq_kit,ddSEQ 3' RNA,pending,err_0011,T3,missing_recoverable_information,transition,True,unresolved,unresolved,pending,unresolved,,0
gpt_mini_swe,GPT + mini-SWE,GPT,mini-SWE,shared,ddseq_single_cell_3_rna_seq_kit,ddSEQ 3' RNA,pending,err_0012,T3,workflow_or_topology_error,transition,True,unresolved,unresolved,pending,unresolved,,0
gpt_mini_swe,GPT + mini-SWE,GPT,mini-SWE,shared,ddseq_single_cell_3_rna_seq_kit,ddSEQ 3' RNA,pending,err_0013,T3,workflow_or_topology_error,transition,True,unresolved,unresolved,pending,unresolved,,0
gpt_mini_swe,GPT + mini-SWE,GPT,mini-SWE,shared,ddseq_single_cell_3_rna_seq_kit,ddSEQ 3' RNA,pending,err_0014,T3,workflow_or_topology_error,transition,True,unresolved,unresolved,pending,unresolved,,0
gpt_mini_swe,GPT + mini-SWE,GPT,mini-SWE,shared,ddseq_single_cell_3_rna_seq_kit,ddSEQ 3' RNA,pending,err_0015,T3,workflow_or_topology_error,transition,True,unresolved,unresolved,pending,unresolved,,0
gpt_mini_swe,GPT + mini-SWE,GPT,mini-SWE,shared,ddseq_single_cell_3_rna_seq_kit,ddSEQ 3' RNA,pending,err_0016,T3,workflow_or_topology_error,typed_edge,True,unresolved,unresolved,pending,unresolved,,0
gpt_mini_swe,GPT + mini-SWE,GPT,mini-SWE,shared,ddseq_single_cell_3_rna_seq_kit,ddSEQ 3' RNA,pending,err_0017,T3,workflow_or_topology_error,typed_edge,True,unresolved,unresolved,pending,unresolved,,0
gpt_mini_swe,GPT + mini-SWE,GPT,mini-SWE,shared,ddseq_single_cell_3_rna_seq_kit,ddSEQ 3' RNA,pending,err_0018,T3,workflow_or_topology_error,typed_edge,True,unresolved,unresolved,pending,unresolved,,0
gpt_mini_swe,GPT + mini-SWE,GPT,mini-SWE,shared,ddseq_single_cell_3_rna_seq_kit,ddSEQ 3' RNA,pending,err_0019,T3,workflow_or_topology_error,typed_edge,True,unresolved,unresolved,pending,unresolved,,0
gpt_mini_swe,GPT + mini-SWE,GPT,mini-SWE,shared,ddseq_single_cell_3_rna_seq_kit,ddSEQ 3' RNA,pending,err_0020,T3,workflow_or_topology_error,typed_edge,True,unresolved,unresolved,pending,unresolved,,0
gpt_mini_swe,GPT + mini-SWE,GPT,mini-SWE,shared,ddseq_single_cell_3_rna_seq_kit,ddSEQ 3' RNA,pending,err_0021,T3,workflow_or_topology_error,typed_edge,True,unresolved,unresolved,pending,unresolved,,0
gpt_mini_swe,GPT + mini-SWE,GPT,mini-SWE,shared,ddseq_single_cell_3_rna_seq_kit,ddSEQ 3' RNA,pending,err_0022,T3,workflow_or_topology_error,typed_edge,True,unresolved,unresolved,pending,unresolved,,0
gpt_mini_swe,GPT + mini-SWE,GPT,mini-SWE,shared,ddseq_single_cell_3_rna_seq_kit,ddSEQ 3' RNA,pending,err_0023,T3,workflow_or_topology_error,typed_edge,True,unresolved,unresolved,pending,unresolved,,0
gpt_mini_swe,GPT + mini-SWE,GPT,mini-SWE,shared,ddseq_single_cell_3_rna_seq_kit,ddSEQ 3' RNA,pending,err_0024,T3,workflow_or_topology_error,typed_edge,True,unresolved,unresolved,pending,unresolved,,0
gpt_mini_swe,GPT + mini-SWE,GPT,mini-SWE,shared,ddseq_single_cell_3_rna_seq_kit,ddSEQ 3' RNA,pending,err_0025,T3,workflow_or_topology_error,typed_edge,True,unresolved,unresolved,pending,unresolved,,0
gpt_mini_swe,GPT + mini-SWE,GPT,mini-SWE,shared,ddseq_single_cell_3_rna_seq_kit,ddSEQ 3' RNA,pending,err_0026,T3,workflow_or_topology_error,typed_edge,True,unresolved,unresolved,pending,unresolved,,0
gpt_mini_swe,GPT + mini-SWE,GPT,mini-SWE,shared,ddseq_single_cell_3_rna_seq_kit,ddSEQ 3' RNA,pending,err_0027,T3,workflow_or_topology_error,typed_edge,True,unresolved,unresolved,pending,unresolved,,0
gpt_mini_swe,GPT + mini-SWE,GPT,mini-SWE,shared,ddseq_single_cell_3_rna_seq_kit,ddSEQ 3' RNA,pending,err_0028,T3,workflow_or_topology_error,typed_edge,True,unresolved,unresolved,pending,unresolved,,0
gpt_mini_swe,GPT + mini-SWE,GPT,mini-SWE,shared,ddseq_single_cell_3_rna_seq_kit,ddSEQ 3' RNA,pending,err_0029,T3,workflow_or_topology_error,typed_edge,True,unresolved,unresolved,pending,unresolved,,0
gpt_mini_swe,GPT + mini-SWE,GPT,mini-SWE,shared,ddseq_single_cell_3_rna_seq_kit,ddSEQ 3' RNA,pending,err_0030,T3,workflow_or_topology_error,typed_edge,True,unresolved,unresolved,pending,unresolved,,0
gpt_mini_swe,GPT + mini-SWE,GPT,mini-SWE,shared,ddseq_single_cell_3_rna_seq_kit,ddSEQ 3' RNA,pending,err_0031,T3,workflow_or_topology_error,typed_edge,True,unresolved,unresolved,pending,unresolved,,0
gpt_mini_swe,GPT + mini-SWE,GPT,mini-SWE,shared,ddseq_single_cell_3_rna_seq_kit,ddSEQ 3' RNA,pending,err_0032,T3,workflow_or_topology_error,typed_edge,True,unresolved,unresolved,pending,unresolved,,0
gpt_mini_swe,GPT + mini-SWE,GPT,mini-SWE,shared,ddseq_single_cell_3_rna_seq_kit,ddSEQ 3' RNA,pending,err_0033,T3,workflow_or_topology_error,typed_edge,True,unresolved,unresolved,pending,unresolved,,0
gpt_mini_swe,GPT + mini-SWE,GPT,mini-SWE,shared,ddseq_single_cell_3_rna_seq_kit,ddSEQ 3' RNA,pending,err_0034,T3,workflow_or_topology_error,typed_edge,True,unresolved,unresolved,pending,unresolved,,0
gpt_mini_swe,GPT + mini-SWE,GPT,mini-SWE,shared,dr_seq,DR-seq,pending,err_0001,T2,unsupported_completion,oligo_family,True,unresolved,unresolved,pending,unresolved,,0
gpt_mini_swe,GPT + mini-SWE,GPT,mini-SWE,shared,dr_seq,DR-seq,pending,err_0002,T2,unsupported_completion,oligo_family,True,unresolved,unresolved,pending,unresolved,,0
gpt_mini_swe,GPT + mini-SWE,GPT,mini-SWE,shared,dr_seq,DR-seq,pending,err_0003,T2,unsupported_completion,oligo_family,True,unresolved,unresolved,pending,unresolved,,0
gpt_mini_swe,GPT + mini-SWE,GPT,mini-SWE,shared,dr_seq,DR-seq,pending,err_0004,T2,unsupported_completion,oligo_family,True,unresolved,unresolved,pending,unresolved,,0
gpt_mini_swe,GPT + mini-SWE,GPT,mini-SWE,shared,dr_seq,DR-seq,pending,err_0005,T3,missing_recoverable_information,transition,True,unresolved,unresolved,pending,unresolved,,0
gpt_mini_swe,GPT + mini-SWE,GPT,mini-SWE,shared,dr_seq,DR-seq,pending,err_0006,T3,unsupported_completion,transition,True,unresolved,unresolved,pending,unresolved,,0
gpt_mini_swe,GPT + mini-SWE,GPT,mini-SWE,shared,dr_seq,DR-seq,pending,err_0007,T3,workflow_or_topology_error,terminal_output,True,unresolved,unresolved,pending,unresolved,,0
gpt_mini_swe,GPT + mini-SWE,GPT,mini-SWE,shared,dr_seq,DR-seq,pending,err_0008,T3,workflow_or_topology_error,terminal_output,True,unresolved,unresolved,pending,unresolved,,0
gpt_mini_swe,GPT + mini-SWE,GPT,mini-SWE,shared,dr_seq,DR-seq,pending,err_0009,T3,molecular_state_or_assembly_error,state,True,unresolved,unresolved,pending,unresolved,,0
gpt_mini_swe,GPT + mini-SWE,GPT,mini-SWE,shared,dr_seq,DR-seq,pending,err_0010,T3,molecular_state_or_assembly_error,state,True,unresolved,unresolved,pending,unresolved,,0
gpt_mini_swe,GPT + mini-SWE,GPT,mini-SWE,shared,dr_seq,DR-seq,pending,err_0011,T3,molecular_state_or_assembly_error,state,True,unresolved,unresolved,pending,unresolved,,0
gpt_mini_swe,GPT + mini-SWE,GPT,mini-SWE,shared,dr_seq,DR-seq,pending,err_0012,T3,molecular_state_or_assembly_error,state,True,unresolved,unresolved,pending,unresolved,,0
gpt_mini_swe,GPT + mini-SWE,GPT,mini-SWE,shared,dr_seq,DR-seq,pending,err_0013,T3,molecular_state_or_assembly_error,state,True,unresolved,unresolved,pending,unresolved,,0
gpt_mini_swe,GPT + mini-SWE,GPT,mini-SWE,shared,dr_seq,DR-seq,pending,err_0014,T3,molecular_state_or_assembly_error,state,True,unresolved,unresolved,pending,unresolved,,0
gpt_mini_swe,GPT + mini-SWE,GPT,mini-SWE,shared,dr_seq,DR-seq,pending,err_0015,T3,molecular_state_or_assembly_error,state,True,unresolved,unresolved,pending,unresolved,,0
gpt_mini_swe,GPT + mini-SWE,GPT,mini-SWE,shared,dr_seq,DR-seq,pending,err_0016,T3,molecular_state_or_assembly_error,state,True,unresolved,unresolved,pending,unresolved,,0
gpt_mini_swe,GPT + mini-SWE,GPT,mini-SWE,shared,dr_seq,DR-seq,pending,err_0017,T3,molecular_state_or_assembly_error,state,True,unresolved,unresolved,pending,unresolved,,0
gpt_mini_swe,GPT + mini-SWE,GPT,mini-SWE,shared,dr_seq,DR-seq,pending,err_0018,T3,molecular_state_or_assembly_error,state,True,unresolved,unresolved,pending,unresolved,,0
gpt_mini_swe,GPT + mini-SWE,GPT,mini-SWE,shared,dr_seq,DR-seq,pending,err_0019,T3,molecular_state_or_assembly_error,state,True,unresolved,unresolved,pending,unresolved,,0
gpt_mini_swe,GPT + mini-SWE,GPT,mini-SWE,shared,dr_seq,DR-seq,pending,err_0020,T3,molecular_state_or_assembly_error,state,True,unresolved,unresolved,pending,unresolved,,0
gpt_mini_swe,GPT + mini-SWE,GPT,mini-SWE,shared,dr_seq,DR-seq,pending,err_0021,T3,molecular_state_or_assembly_error,state,True,unresolved,unresolved,pending,unresolved,,0
gpt_mini_swe,GPT + mini-SWE,GPT,mini-SWE,shared,dr_seq,DR-seq,pending,err_0022,T3,molecular_state_or_assembly_error,state,True,unresolved,unresolved,pending,unresolved,,0
gpt_mini_swe,GPT + mini-SWE,GPT,mini-SWE,shared,dr_seq,DR-seq,pending,err_0023,T3,workflow_or_topology_error,transition,True,unresolved,unresolved,pending,unresolved,,0
gpt_mini_swe,GPT + mini-SWE,GPT,mini-SWE,shared,dr_seq,DR-seq,pending,err_0024,T3,workflow_or_topology_error,transition,True,unresolved,unresolved,pending,unresolved,,0
gpt_mini_swe,GPT + mini-SWE,GPT,mini-SWE,shared,dr_seq,DR-seq,pending,err_0025,T3,workflow_or_topology_error,transition,True,unresolved,unresolved,pending,unresolved,,0
gpt_mini_swe,GPT + mini-SWE,GPT,mini-SWE,shared,dr_seq,DR-seq,pending,err_0026,T3,operation_error,transition,True,unresolved,unresolved,pending,unresolved,,0
gpt_mini_swe,GPT + mini-SWE,GPT,mini-SWE,shared,dr_seq,DR-seq,pending,err_0027,T3,workflow_or_topology_error,transition,True,unresolved,unresolved,pending,unresolved,,0
gpt_mini_swe,GPT + mini-SWE,GPT,mini-SWE,shared,dr_seq,DR-seq,pending,err_0028,T3,operation_error,transition,True,unresolved,unresolved,pending,unresolved,,0
gpt_mini_swe,GPT + mini-SWE,GPT,mini-SWE,shared,dr_seq,DR-seq,pending,err_0029,T3,workflow_or_topology_error,transition,True,unresolved,unresolved,pending,unresolved,,0
gpt_mini_swe,GPT + mini-SWE,GPT,mini-SWE,shared,dr_seq,DR-seq,pending,err_0030,T3,workflow_or_topology_error,transition,True,unresolved,unresolved,pending,unresolved,,0
gpt_mini_swe,GPT + mini-SWE,GPT,mini-SWE,shared,dr_seq,DR-seq,pending,err_0031,T3,operation_error,transition,True,unresolved,unresolved,pending,unresolved,,0
gpt_mini_swe,GPT + mini-SWE,GPT,mini-SWE,shared,dr_seq,DR-seq,pending,err_0032,T3,workflow_or_topology_error,transition,True,unresolved,unresolved,pending,unresolved,,0
gpt_mini_swe,GPT + mini-SWE,GPT,mini-SWE,shared,dr_seq,DR-seq,pending,err_0033,T3,workflow_or_topology_error,typed_edge,True,unresolved,unresolved,pending,unresolved,,0
gpt_mini_swe,GPT + mini-SWE,GPT,mini-SWE,shared,dr_seq,DR-seq,pending,err_0034,T3,workflow_or_topology_error,typed_edge,True,unresolved,unresolved,pending,unresolved,,0
gpt_mini_swe,GPT + mini-SWE,GPT,mini-SWE,shared,dr_seq,DR-seq,pending,err_0035,T3,workflow_or_topology_error,typed_edge,True,unresolved,unresolved,pending,unresolved,,0
gpt_mini_swe,GPT + mini-SWE,GPT,mini-SWE,shared,dr_seq,DR-seq,pending,err_0036,T3,workflow_or_topology_error,typed_edge,True,unresolved,unresolved,pending,unresolved,,0
gpt_mini_swe,GPT + mini-SWE,GPT,mini-SWE,shared,dr_seq,DR-seq,pending,err_0037,T3,workflow_or_topology_error,typed_edge,True,unresolved,unresolved,pending,unresolved,,0
gpt_mini_swe,GPT + mini-SWE,GPT,mini-SWE,shared,dr_seq,DR-seq,pending,err_0038,T3,workflow_or_topology_error,typed_edge,True,unresolved,unresolved,pending,unresolved,,0
gpt_mini_swe,GPT + mini-SWE,GPT,mini-SWE,shared,dr_seq,DR-seq,pending,err_0039,T3,workflow_or_topology_error,typed_edge,True,unresolved,unresolved,pending,unresolved,,0
gpt_mini_swe,GPT + mini-SWE,GPT,mini-SWE,shared,dr_seq,DR-seq,pending,err_0040,T3,workflow_or_topology_error,typed_edge,True,unresolved,unresolved,pending,unresolved,,0
gpt_mini_swe,GPT + mini-SWE,GPT,mini-SWE,shared,dr_seq,DR-seq,pending,err_0041,T3,workflow_or_topology_error,typed_edge,True,unresolved,unresolved,pending,unresolved,,0
gpt_mini_swe,GPT + mini-SWE,GPT,mini-SWE,shared,dr_seq,DR-seq,pending,err_0042,T3,workflow_or_topology_error,typed_edge,True,unresolved,unresolved,pending,unresolved,,0
gpt_mini_swe,GPT + mini-SWE,GPT,mini-SWE,shared,dr_seq,DR-seq,pending,err_0043,T3,workflow_or_topology_error,typed_edge,True,unresolved,unresolved,pending,unresolved,,0
gpt_mini_swe,GPT + mini-SWE,GPT,mini-SWE,shared,dr_seq,DR-seq,pending,err_0044,T3,workflow_or_topology_error,typed_edge,True,unresolved,unresolved,pending,unresolved,,0
gpt_mini_swe,GPT + mini-SWE,GPT,mini-SWE,shared,dr_seq,DR-seq,pending,err_0045,T3,workflow_or_topology_error,typed_edge,True,unresolved,unresolved,pending,unresolved,,0
gpt_mini_swe,GPT + mini-SWE,GPT,mini-SWE,shared,dr_seq,DR-seq,pending,err_0046,T3,workflow_or_topology_error,typed_edge,True,unresolved,unresolved,pending,unresolved,,0
gpt_mini_swe,GPT + mini-SWE,GPT,mini-SWE,shared,dr_seq,DR-seq,pending,err_0047,T3,workflow_or_topology_error,typed_edge,True,unresolved,unresolved,pending,unresolved,,0
gpt_mini_swe,GPT + mini-SWE,GPT,mini-SWE,shared,dr_seq,DR-seq,pending,err_0048,T3,workflow_or_topology_error,typed_edge,True,unresolved,unresolved,pending,unresolved,,0
gpt_mini_swe,GPT + mini-SWE,GPT,mini-SWE,shared,dr_seq,DR-seq,pending,err_0049,T3,workflow_or_topology_error,typed_edge,True,unresolved,unresolved,pending,unresolved,,0
gpt_mini_swe,GPT + mini-SWE,GPT,mini-SWE,shared,dr_seq,DR-seq,pending,err_0050,T3,workflow_or_topology_error,typed_edge,True,unresolved,unresolved,pending,unresolved,,0
gpt_mini_swe,GPT + mini-SWE,GPT,mini-SWE,shared,dr_seq,DR-seq,pending,err_0051,T3,workflow_or_topology_error,typed_edge,True,unresolved,unresolved,pending,unresolved,,0
gpt_mini_swe,GPT + mini-SWE,GPT,mini-SWE,shared,dr_seq,DR-seq,pending,err_0052,T3,workflow_or_topology_error,typed_edge,True,unresolved,unresolved,pending,unresolved,,0
gpt_mini_swe,GPT + mini-SWE,GPT,mini-SWE,shared,dr_seq,DR-seq,pending,err_0053,T3,workflow_or_topology_error,typed_edge,True,unresolved,unresolved,pending,unresolved,,0
gpt_mini_swe,GPT + mini-SWE,GPT,mini-SWE,shared,dr_seq,DR-seq,pending,err_0054,T3,workflow_or_topology_error,typed_edge,True,unresolved,unresolved,pending,unresolved,,0
gpt_mini_swe,GPT + mini-SWE,GPT,mini-SWE,shared,indrop_v1,inDrop v1,pending,err_0001,T2,unsupported_completion,oligo_family,True,unresolved,unresolved,pending,unresolved,,0
gpt_mini_swe,GPT + mini-SWE,GPT,mini-SWE,shared,indrop_v1,inDrop v1,pending,err_0002,T2,unsupported_completion,oligo_family,True,unresolved,unresolved,pending,unresolved,,0
gpt_mini_swe,GPT + mini-SWE,GPT,mini-SWE,shared,indrop_v1,inDrop v1,pending,err_0003,T2,unsupported_completion,oligo_family,True,unresolved,unresolved,pending,unresolved,,0
gpt_mini_swe,GPT + mini-SWE,GPT,mini-SWE,shared,indrop_v1,inDrop v1,pending,err_0004,T2,unsupported_completion,oligo_family,True,unresolved,unresolved,pending,unresolved,,0
gpt_mini_swe,GPT + mini-SWE,GPT,mini-SWE,shared,indrop_v1,inDrop v1,pending,err_0005,T2,missing_recoverable_information,oligo_family,True,unresolved,unresolved,pending,unresolved,,0
gpt_mini_swe,GPT + mini-SWE,GPT,mini-SWE,shared,indrop_v1,inDrop v1,pending,err_0006,T2,workflow_or_topology_error,oligo_family,True,unresolved,unresolved,pending,unresolved,,0
gpt_mini_swe,GPT + mini-SWE,GPT,mini-SWE,shared,indrop_v1,inDrop v1,pending,err_0007,T2,missing_recoverable_information,oligo_family,True,unresolved,unresolved,pending,unresolved,,0
gpt_mini_swe,GPT + mini-SWE,GPT,mini-SWE,shared,indrop_v1,inDrop v1,pending,err_0008,T2,workflow_or_topology_error,oligo_family,True,unresolved,unresolved,pending,unresolved,,0
gpt_mini_swe,GPT + mini-SWE,GPT,mini-SWE,shared,indrop_v1,inDrop v1,pending,err_0009,T2,missing_recoverable_information,oligo_family,True,unresolved,unresolved,pending,unresolved,,0
gpt_mini_swe,GPT + mini-SWE,GPT,mini-SWE,shared,indrop_v1,inDrop v1,pending,err_0010,T2,molecular_state_or_assembly_error,oligo_family,True,unresolved,unresolved,pending,unresolved,,0
gpt_mini_swe,GPT + mini-SWE,GPT,mini-SWE,shared,indrop_v1,inDrop v1,pending,err_0011,T2,workflow_or_topology_error,oligo_family,True,unresolved,unresolved,pending,unresolved,,0
gpt_mini_swe,GPT + mini-SWE,GPT,mini-SWE,shared,indrop_v1,inDrop v1,pending,err_0012,T2,workflow_or_topology_error,oligo_family,True,unresolved,unresolved,pending,unresolved,,0
gpt_mini_swe,GPT + mini-SWE,GPT,mini-SWE,shared,indrop_v1,inDrop v1,pending,err_0013,T2,strand_or_orientation_error,oligo_family,True,unresolved,unresolved,pending,unresolved,,0
gpt_mini_swe,GPT + mini-SWE,GPT,mini-SWE,shared,indrop_v1,inDrop v1,pending,err_0014,T2,molecular_state_or_assembly_error,oligo_family,True,unresolved,unresolved,pending,unresolved,,0
gpt_mini_swe,GPT + mini-SWE,GPT,mini-SWE,shared,indrop_v1,inDrop v1,pending,err_0015,T2,strand_or_orientation_error,oligo_family,True,unresolved,unresolved,pending,unresolved,,0
gpt_mini_swe,GPT + mini-SWE,GPT,mini-SWE,shared,indrop_v1,inDrop v1,pending,err_0016,T2,molecular_state_or_assembly_error,oligo_family,True,unresolved,unresolved,pending,unresolved,,0
gpt_mini_swe,GPT + mini-SWE,GPT,mini-SWE,shared,indrop_v1,inDrop v1,pending,err_0017,T2,strand_or_orientation_error,oligo_family,True,unresolved,unresolved,pending,unresolved,,0
gpt_mini_swe,GPT + mini-SWE,GPT,mini-SWE,shared,indrop_v1,inDrop v1,pending,err_0018,T3,unsupported_completion,state,True,unresolved,unresolved,pending,unresolved,,0
gpt_mini_swe,GPT + mini-SWE,GPT,mini-SWE,shared,indrop_v1,inDrop v1,pending,err_0019,T3,unsupported_completion,state,True,unresolved,unresolved,pending,unresolved,,0
gpt_mini_swe,GPT + mini-SWE,GPT,mini-SWE,shared,indrop_v1,inDrop v1,pending,err_0020,T3,unsupported_completion,state,True,unresolved,unresolved,pending,unresolved,,0
gpt_mini_swe,GPT + mini-SWE,GPT,mini-SWE,shared,indrop_v1,inDrop v1,pending,err_0021,T3,unsupported_completion,state,True,unresolved,unresolved,pending,unresolved,,0
gpt_mini_swe,GPT + mini-SWE,GPT,mini-SWE,shared,indrop_v1,inDrop v1,pending,err_0022,T3,unsupported_completion,transition,True,unresolved,unresolved,pending,unresolved,,0
gpt_mini_swe,GPT + mini-SWE,GPT,mini-SWE,shared,indrop_v1,inDrop v1,pending,err_0023,T3,unsupported_completion,transition,True,unresolved,unresolved,pending,unresolved,,0
gpt_mini_swe,GPT + mini-SWE,GPT,mini-SWE,shared,indrop_v1,inDrop v1,pending,err_0024,T3,unsupported_completion,transition,True,unresolved,unresolved,pending,unresolved,,0
gpt_mini_swe,GPT + mini-SWE,GPT,mini-SWE,shared,indrop_v1,inDrop v1,pending,err_0025,T3,molecular_state_or_assembly_error,state,True,unresolved,unresolved,pending,unresolved,,0
gpt_mini_swe,GPT + mini-SWE,GPT,mini-SWE,shared,indrop_v1,inDrop v1,pending,err_0026,T3,molecular_state_or_assembly_error,state,True,unresolved,unresolved,pending,unresolved,,0
gpt_mini_swe,GPT + mini-SWE,GPT,mini-SWE,shared,indrop_v1,inDrop v1,pending,err_0027,T3,molecular_state_or_assembly_error,state,True,unresolved,unresolved,pending,unresolved,,0
gpt_mini_swe,GPT + mini-SWE,GPT,mini-SWE,shared,indrop_v1,inDrop v1,pending,err_0028,T3,molecular_state_or_assembly_error,state,True,unresolved,unresolved,pending,unresolved,,0
gpt_mini_swe,GPT + mini-SWE,GPT,mini-SWE,shared,indrop_v1,inDrop v1,pending,err_0029,T3,molecular_state_or_assembly_error,state,True,unresolved,unresolved,pending,unresolved,,0
gpt_mini_swe,GPT + mini-SWE,GPT,mini-SWE,shared,indrop_v1,inDrop v1,pending,err_0030,T3,molecular_state_or_assembly_error,state,True,unresolved,unresolved,pending,unresolved,,0
gpt_mini_swe,GPT + mini-SWE,GPT,mini-SWE,shared,indrop_v1,inDrop v1,pending,err_0031,T3,molecular_state_or_assembly_error,state,True,unresolved,unresolved,pending,unresolved,,0
gpt_mini_swe,GPT + mini-SWE,GPT,mini-SWE,shared,indrop_v1,inDrop v1,pending,err_0032,T3,workflow_or_topology_error,transition,True,unresolved,unresolved,pending,unresolved,,0
gpt_mini_swe,GPT + mini-SWE,GPT,mini-SWE,shared,indrop_v1,inDrop v1,pending,err_0033,T3,workflow_or_topology_error,transition,True,unresolved,unresolved,pending,unresolved,,0
gpt_mini_swe,GPT + mini-SWE,GPT,mini-SWE,shared,indrop_v1,inDrop v1,pending,err_0034,T3,workflow_or_topology_error,transition,True,unresolved,unresolved,pending,unresolved,,0
gpt_mini_swe,GPT + mini-SWE,GPT,mini-SWE,shared,indrop_v1,inDrop v1,pending,err_0035,T3,workflow_or_topology_error,transition,True,unresolved,unresolved,pending,unresolved,,0
gpt_mini_swe,GPT + mini-SWE,GPT,mini-SWE,shared,indrop_v1,inDrop v1,pending,err_0036,T3,workflow_or_topology_error,typed_edge,True,unresolved,unresolved,pending,unresolved,,0
gpt_mini_swe,GPT + mini-SWE,GPT,mini-SWE,shared,indrop_v1,inDrop v1,pending,err_0037,T3,workflow_or_topology_error,typed_edge,True,unresolved,unresolved,pending,unresolved,,0
gpt_mini_swe,GPT + mini-SWE,GPT,mini-SWE,shared,indrop_v1,inDrop v1,pending,err_0038,T3,workflow_or_topology_error,typed_edge,True,unresolved,unresolved,pending,unresolved,,0
gpt_mini_swe,GPT + mini-SWE,GPT,mini-SWE,shared,indrop_v1,inDrop v1,pending,err_0039,T3,workflow_or_topology_error,typed_edge,True,unresolved,unresolved,pending,unresolved,,0
gpt_mini_swe,GPT + mini-SWE,GPT,mini-SWE,shared,indrop_v1,inDrop v1,pending,err_0040,T3,workflow_or_topology_error,typed_edge,True,unresolved,unresolved,pending,unresolved,,0
gpt_mini_swe,GPT + mini-SWE,GPT,mini-SWE,shared,indrop_v1,inDrop v1,pending,err_0041,T3,workflow_or_topology_error,typed_edge,True,unresolved,unresolved,pending,unresolved,,0
gpt_mini_swe,GPT + mini-SWE,GPT,mini-SWE,shared,indrop_v1,inDrop v1,pending,err_0042,T3,workflow_or_topology_error,typed_edge,True,unresolved,unresolved,pending,unresolved,,0
gpt_mini_swe,GPT + mini-SWE,GPT,mini-SWE,shared,indrop_v1,inDrop v1,pending,err_0043,T3,workflow_or_topology_error,typed_edge,True,unresolved,unresolved,pending,unresolved,,0
gpt_mini_swe,GPT + mini-SWE,GPT,mini-SWE,shared,indrop_v1,inDrop v1,pending,err_0044,T3,workflow_or_topology_error,typed_edge,True,unresolved,unresolved,pending,unresolved,,0
gpt_mini_swe,GPT + mini-SWE,GPT,mini-SWE,shared,indrop_v1,inDrop v1,pending,err_0045,T3,workflow_or_topology_error,typed_edge,True,unresolved,unresolved,pending,unresolved,,0
gpt_mini_swe,GPT + mini-SWE,GPT,mini-SWE,shared,indrop_v1,inDrop v1,pending,err_0046,T3,workflow_or_topology_error,typed_edge,True,unresolved,unresolved,pending,unresolved,,0
gpt_mini_swe,GPT + mini-SWE,GPT,mini-SWE,shared,indrop_v1,inDrop v1,pending,err_0047,T3,workflow_or_topology_error,typed_edge,True,unresolved,unresolved,pending,unresolved,,0
gpt_mini_swe,GPT + mini-SWE,GPT,mini-SWE,shared,indrop_v1,inDrop v1,pending,err_0048,T3,workflow_or_topology_error,typed_edge,True,unresolved,unresolved,pending,unresolved,,0
gpt_mini_swe,GPT + mini-SWE,GPT,mini-SWE,shared,petri_seq,PETRI-seq,pending,err_0001,T2,molecular_state_or_assembly_error,oligo_family,True,unresolved,unresolved,pending,unresolved,,0
gpt_mini_swe,GPT + mini-SWE,GPT,mini-SWE,shared,petri_seq,PETRI-seq,pending,err_0002,T2,molecular_state_or_assembly_error,oligo_family,True,unresolved,unresolved,pending,unresolved,,0
gpt_mini_swe,GPT + mini-SWE,GPT,mini-SWE,shared,petri_seq,PETRI-seq,pending,err_0003,T2,workflow_or_topology_error,oligo_family,True,unresolved,unresolved,pending,unresolved,,0
gpt_mini_swe,GPT + mini-SWE,GPT,mini-SWE,shared,petri_seq,PETRI-seq,pending,err_0004,T2,molecular_state_or_assembly_error,oligo_family,True,unresolved,unresolved,pending,unresolved,,0
gpt_mini_swe,GPT + mini-SWE,GPT,mini-SWE,shared,petri_seq,PETRI-seq,pending,err_0005,T2,missing_recoverable_information,oligo_family,True,unresolved,unresolved,pending,unresolved,,0
gpt_mini_swe,GPT + mini-SWE,GPT,mini-SWE,shared,petri_seq,PETRI-seq,pending,err_0006,T2,molecular_state_or_assembly_error,oligo_family,True,unresolved,unresolved,pending,unresolved,,0
gpt_mini_swe,GPT + mini-SWE,GPT,mini-SWE,shared,petri_seq,PETRI-seq,pending,err_0007,T2,workflow_or_topology_error,oligo_family,True,unresolved,unresolved,pending,unresolved,,0
gpt_mini_swe,GPT + mini-SWE,GPT,mini-SWE,shared,petri_seq,PETRI-seq,pending,err_0008,T2,strand_or_orientation_error,oligo_family,True,unresolved,unresolved,pending,unresolved,,0
gpt_mini_swe,GPT + mini-SWE,GPT,mini-SWE,shared,petri_seq,PETRI-seq,pending,err_0009,T2,missing_recoverable_information,oligo_family,True,unresolved,unresolved,pending,unresolved,,0
gpt_mini_swe,GPT + mini-SWE,GPT,mini-SWE,shared,petri_seq,PETRI-seq,pending,err_0010,T2,molecular_state_or_assembly_error,oligo_family,True,unresolved,unresolved,pending,unresolved,,0
gpt_mini_swe,GPT + mini-SWE,GPT,mini-SWE,shared,petri_seq,PETRI-seq,pending,err_0011,T2,strand_or_orientation_error,oligo_family,True,unresolved,unresolved,pending,unresolved,,0
gpt_mini_swe,GPT + mini-SWE,GPT,mini-SWE,shared,petri_seq,PETRI-seq,pending,err_0012,T2,missing_recoverable_information,oligo_family,True,unresolved,unresolved,pending,unresolved,,0
gpt_mini_swe,GPT + mini-SWE,GPT,mini-SWE,shared,petri_seq,PETRI-seq,pending,err_0013,T2,workflow_or_topology_error,oligo_family,True,unresolved,unresolved,pending,unresolved,,0
gpt_mini_swe,GPT + mini-SWE,GPT,mini-SWE,shared,petri_seq,PETRI-seq,pending,err_0014,T2,strand_or_orientation_error,oligo_family,True,unresolved,unresolved,pending,unresolved,,0
gpt_mini_swe,GPT + mini-SWE,GPT,mini-SWE,shared,petri_seq,PETRI-seq,pending,err_0015,T3,molecular_state_or_assembly_error,state,True,unresolved,unresolved,pending,unresolved,,0
gpt_mini_swe,GPT + mini-SWE,GPT,mini-SWE,shared,petri_seq,PETRI-seq,pending,err_0016,T3,molecular_state_or_assembly_error,state,True,unresolved,unresolved,pending,unresolved,,0
gpt_mini_swe,GPT + mini-SWE,GPT,mini-SWE,shared,petri_seq,PETRI-seq,pending,err_0017,T3,molecular_state_or_assembly_error,state,True,unresolved,unresolved,pending,unresolved,,0
gpt_mini_swe,GPT + mini-SWE,GPT,mini-SWE,shared,petri_seq,PETRI-seq,pending,err_0018,T3,molecular_state_or_assembly_error,state,True,unresolved,unresolved,pending,unresolved,,0
gpt_mini_swe,GPT + mini-SWE,GPT,mini-SWE,shared,petri_seq,PETRI-seq,pending,err_0019,T3,molecular_state_or_assembly_error,state,True,unresolved,unresolved,pending,unresolved,,0
gpt_mini_swe,GPT + mini-SWE,GPT,mini-SWE,shared,petri_seq,PETRI-seq,pending,err_0020,T3,molecular_state_or_assembly_error,state,True,unresolved,unresolved,pending,unresolved,,0
gpt_mini_swe,GPT + mini-SWE,GPT,mini-SWE,shared,petri_seq,PETRI-seq,pending,err_0021,T3,workflow_or_topology_error,transition,True,unresolved,unresolved,pending,unresolved,,0
gpt_mini_swe,GPT + mini-SWE,GPT,mini-SWE,shared,petri_seq,PETRI-seq,pending,err_0022,T3,workflow_or_topology_error,transition,True,unresolved,unresolved,pending,unresolved,,0
gpt_mini_swe,GPT + mini-SWE,GPT,mini-SWE,shared,pip_seq_v4,PIP-seq v4,pending,err_0001,T2,unsupported_completion,oligo_family,True,unresolved,unresolved,pending,unresolved,,0
gpt_mini_swe,GPT + mini-SWE,GPT,mini-SWE,shared,pip_seq_v4,PIP-seq v4,pending,err_0002,T2,unsupported_completion,oligo_family,True,unresolved,unresolved,pending,unresolved,,0
gpt_mini_swe,GPT + mini-SWE,GPT,mini-SWE,shared,pip_seq_v4,PIP-seq v4,pending,err_0003,T2,unsupported_completion,oligo_family,True,unresolved,unresolved,pending,unresolved,,0
gpt_mini_swe,GPT + mini-SWE,GPT,mini-SWE,shared,pip_seq_v4,PIP-seq v4,pending,err_0004,T2,unsupported_completion,oligo_family,True,unresolved,unresolved,pending,unresolved,,0
gpt_mini_swe,GPT + mini-SWE,GPT,mini-SWE,shared,pip_seq_v4,PIP-seq v4,pending,err_0005,T2,unsupported_completion,oligo_family,True,unresolved,unresolved,pending,unresolved,,0
gpt_mini_swe,GPT + mini-SWE,GPT,mini-SWE,shared,pip_seq_v4,PIP-seq v4,pending,err_0006,T2,missing_recoverable_information,oligo_family,True,unresolved,unresolved,pending,unresolved,,0
gpt_mini_swe,GPT + mini-SWE,GPT,mini-SWE,shared,pip_seq_v4,PIP-seq v4,pending,err_0007,T2,molecular_state_or_assembly_error,oligo_family,True,unresolved,unresolved,pending,unresolved,,0
gpt_mini_swe,GPT + mini-SWE,GPT,mini-SWE,shared,pip_seq_v4,PIP-seq v4,pending,err_0008,T2,molecular_state_or_assembly_error,oligo_family,True,unresolved,unresolved,pending,unresolved,,0
gpt_mini_swe,GPT + mini-SWE,GPT,mini-SWE,shared,pip_seq_v4,PIP-seq v4,pending,err_0009,T2,molecular_state_or_assembly_error,oligo_family,True,unresolved,unresolved,pending,unresolved,,0
gpt_mini_swe,GPT + mini-SWE,GPT,mini-SWE,shared,pip_seq_v4,PIP-seq v4,pending,err_0010,T2,strand_or_orientation_error,oligo_family,True,unresolved,unresolved,pending,unresolved,,0
gpt_mini_swe,GPT + mini-SWE,GPT,mini-SWE,shared,pip_seq_v4,PIP-seq v4,pending,err_0011,T2,molecular_state_or_assembly_error,oligo_family,True,unresolved,unresolved,pending,unresolved,,0
gpt_mini_swe,GPT + mini-SWE,GPT,mini-SWE,shared,pip_seq_v4,PIP-seq v4,pending,err_0012,T2,molecular_state_or_assembly_error,oligo_family,True,unresolved,unresolved,pending,unresolved,,0
gpt_mini_swe,GPT + mini-SWE,GPT,mini-SWE,shared,pip_seq_v4,PIP-seq v4,pending,err_0013,T3,unsupported_completion,state,True,unresolved,unresolved,pending,unresolved,,0
gpt_mini_swe,GPT + mini-SWE,GPT,mini-SWE,shared,pip_seq_v4,PIP-seq v4,pending,err_0014,T3,unsupported_completion,state,True,unresolved,unresolved,pending,unresolved,,0
gpt_mini_swe,GPT + mini-SWE,GPT,mini-SWE,shared,pip_seq_v4,PIP-seq v4,pending,err_0015,T3,unsupported_completion,transition,True,unresolved,unresolved,pending,unresolved,,0
gpt_mini_swe,GPT + mini-SWE,GPT,mini-SWE,shared,pip_seq_v4,PIP-seq v4,pending,err_0016,T3,unsupported_completion,transition,True,unresolved,unresolved,pending,unresolved,,0
gpt_mini_swe,GPT + mini-SWE,GPT,mini-SWE,shared,pip_seq_v4,PIP-seq v4,pending,err_0017,T3,unsupported_completion,transition,True,unresolved,unresolved,pending,unresolved,,0
gpt_mini_swe,GPT + mini-SWE,GPT,mini-SWE,shared,pip_seq_v4,PIP-seq v4,pending,err_0018,T3,unsupported_completion,terminal_output,True,unresolved,unresolved,pending,unresolved,,0
gpt_mini_swe,GPT + mini-SWE,GPT,mini-SWE,shared,pip_seq_v4,PIP-seq v4,pending,err_0019,T3,unsupported_completion,terminal_output,True,unresolved,unresolved,pending,unresolved,,0
gpt_mini_swe,GPT + mini-SWE,GPT,mini-SWE,shared,pip_seq_v4,PIP-seq v4,pending,err_0020,T3,molecular_state_or_assembly_error,state,True,unresolved,unresolved,pending,unresolved,,0
gpt_mini_swe,GPT + mini-SWE,GPT,mini-SWE,shared,pip_seq_v4,PIP-seq v4,pending,err_0021,T3,molecular_state_or_assembly_error,state,True,unresolved,unresolved,pending,unresolved,,0
gpt_mini_swe,GPT + mini-SWE,GPT,mini-SWE,shared,pip_seq_v4,PIP-seq v4,pending,err_0022,T3,molecular_state_or_assembly_error,state,True,unresolved,unresolved,pending,unresolved,,0
gpt_mini_swe,GPT + mini-SWE,GPT,mini-SWE,shared,pip_seq_v4,PIP-seq v4,pending,err_0023,T3,molecular_state_or_assembly_error,state,True,unresolved,unresolved,pending,unresolved,,0
gpt_mini_swe,GPT + mini-SWE,GPT,mini-SWE,shared,pip_seq_v4,PIP-seq v4,pending,err_0024,T3,molecular_state_or_assembly_error,state,True,unresolved,unresolved,pending,unresolved,,0
gpt_mini_swe,GPT + mini-SWE,GPT,mini-SWE,shared,pip_seq_v4,PIP-seq v4,pending,err_0025,T3,molecular_state_or_assembly_error,state,True,unresolved,unresolved,pending,unresolved,,0
gpt_mini_swe,GPT + mini-SWE,GPT,mini-SWE,shared,pip_seq_v4,PIP-seq v4,pending,err_0026,T3,molecular_state_or_assembly_error,state,True,unresolved,unresolved,pending,unresolved,,0
gpt_mini_swe,GPT + mini-SWE,GPT,mini-SWE,shared,pip_seq_v4,PIP-seq v4,pending,err_0027,T3,molecular_state_or_assembly_error,state,True,unresolved,unresolved,pending,unresolved,,0
gpt_mini_swe,GPT + mini-SWE,GPT,mini-SWE,shared,pip_seq_v4,PIP-seq v4,pending,err_0028,T3,operation_error,transition,True,unresolved,unresolved,pending,unresolved,,0
gpt_mini_swe,GPT + mini-SWE,GPT,mini-SWE,shared,pip_seq_v4,PIP-seq v4,pending,err_0029,T3,workflow_or_topology_error,transition,True,unresolved,unresolved,pending,unresolved,,0
gpt_mini_swe,GPT + mini-SWE,GPT,mini-SWE,shared,pip_seq_v4,PIP-seq v4,pending,err_0030,T3,workflow_or_topology_error,transition,True,unresolved,unresolved,pending,unresolved,,0
gpt_mini_swe,GPT + mini-SWE,GPT,mini-SWE,shared,pip_seq_v4,PIP-seq v4,pending,err_0031,T3,workflow_or_topology_error,transition,True,unresolved,unresolved,pending,unresolved,,0
gpt_mini_swe,GPT + mini-SWE,GPT,mini-SWE,shared,pip_seq_v4,PIP-seq v4,pending,err_0032,T3,workflow_or_topology_error,transition,True,unresolved,unresolved,pending,unresolved,,0
gpt_mini_swe,GPT + mini-SWE,GPT,mini-SWE,shared,pip_seq_v4,PIP-seq v4,pending,err_0033,T3,workflow_or_topology_error,transition,True,unresolved,unresolved,pending,unresolved,,0
gpt_mini_swe,GPT + mini-SWE,GPT,mini-SWE,shared,pip_seq_v4,PIP-seq v4,pending,err_0034,T3,workflow_or_topology_error,transition,True,unresolved,unresolved,pending,unresolved,,0
gpt_mini_swe,GPT + mini-SWE,GPT,mini-SWE,shared,pip_seq_v4,PIP-seq v4,pending,err_0035,T3,workflow_or_topology_error,typed_edge,True,unresolved,unresolved,pending,unresolved,,0
gpt_mini_swe,GPT + mini-SWE,GPT,mini-SWE,shared,pip_seq_v4,PIP-seq v4,pending,err_0036,T3,workflow_or_topology_error,typed_edge,True,unresolved,unresolved,pending,unresolved,,0
gpt_mini_swe,GPT + mini-SWE,GPT,mini-SWE,shared,pip_seq_v4,PIP-seq v4,pending,err_0037,T3,workflow_or_topology_error,typed_edge,True,unresolved,unresolved,pending,unresolved,,0
gpt_mini_swe,GPT + mini-SWE,GPT,mini-SWE,shared,pip_seq_v4,PIP-seq v4,pending,err_0038,T3,workflow_or_topology_error,typed_edge,True,unresolved,unresolved,pending,unresolved,,0
gpt_mini_swe,GPT + mini-SWE,GPT,mini-SWE,shared,pip_seq_v4,PIP-seq v4,pending,err_0039,T3,workflow_or_topology_error,typed_edge,True,unresolved,unresolved,pending,unresolved,,0
gpt_mini_swe,GPT + mini-SWE,GPT,mini-SWE,shared,pip_seq_v4,PIP-seq v4,pending,err_0040,T3,workflow_or_topology_error,typed_edge,True,unresolved,unresolved,pending,unresolved,,0
gpt_mini_swe,GPT + mini-SWE,GPT,mini-SWE,shared,pip_seq_v4,PIP-seq v4,pending,err_0041,T3,workflow_or_topology_error,typed_edge,True,unresolved,unresolved,pending,unresolved,,0
gpt_mini_swe,GPT + mini-SWE,GPT,mini-SWE,shared,pip_seq_v4,PIP-seq v4,pending,err_0042,T3,workflow_or_topology_error,typed_edge,True,unresolved,unresolved,pending,unresolved,,0
gpt_mini_swe,GPT + mini-SWE,GPT,mini-SWE,shared,pip_seq_v4,PIP-seq v4,pending,err_0043,T3,workflow_or_topology_error,typed_edge,True,unresolved,unresolved,pending,unresolved,,0
gpt_mini_swe,GPT + mini-SWE,GPT,mini-SWE,shared,pip_seq_v4,PIP-seq v4,pending,err_0044,T3,workflow_or_topology_error,typed_edge,True,unresolved,unresolved,pending,unresolved,,0
gpt_mini_swe,GPT + mini-SWE,GPT,mini-SWE,shared,pip_seq_v4,PIP-seq v4,pending,err_0045,T3,workflow_or_topology_error,typed_edge,True,unresolved,unresolved,pending,unresolved,,0
gpt_mini_swe,GPT + mini-SWE,GPT,mini-SWE,shared,pip_seq_v4,PIP-seq v4,pending,err_0046,T3,workflow_or_topology_error,typed_edge,True,unresolved,unresolved,pending,unresolved,,0
gpt_mini_swe,GPT + mini-SWE,GPT,mini-SWE,shared,pip_seq_v4,PIP-seq v4,pending,err_0047,T3,workflow_or_topology_error,typed_edge,True,unresolved,unresolved,pending,unresolved,,0
gpt_mini_swe,GPT + mini-SWE,GPT,mini-SWE,shared,pip_seq_v4,PIP-seq v4,pending,err_0048,T3,workflow_or_topology_error,typed_edge,True,unresolved,unresolved,pending,unresolved,,0
gpt_mini_swe,GPT + mini-SWE,GPT,mini-SWE,shared,pip_seq_v4,PIP-seq v4,pending,err_0049,T3,workflow_or_topology_error,typed_edge,True,unresolved,unresolved,pending,unresolved,,0
gpt_mini_swe,GPT + mini-SWE,GPT,mini-SWE,shared,pip_seq_v4,PIP-seq v4,pending,err_0050,T3,workflow_or_topology_error,typed_edge,True,unresolved,unresolved,pending,unresolved,,0
gpt_mini_swe,GPT + mini-SWE,GPT,mini-SWE,shared,pip_seq_v4,PIP-seq v4,pending,err_0051,T3,workflow_or_topology_error,typed_edge,True,unresolved,unresolved,pending,unresolved,,0
gpt_mini_swe,GPT + mini-SWE,GPT,mini-SWE,shared,pip_seq_v4,PIP-seq v4,pending,err_0052,T3,workflow_or_topology_error,typed_edge,True,unresolved,unresolved,pending,unresolved,,0
gpt_mini_swe,GPT + mini-SWE,GPT,mini-SWE,shared,pip_seq_v4,PIP-seq v4,pending,err_0053,T3,workflow_or_topology_error,typed_edge,True,unresolved,unresolved,pending,unresolved,,0
gpt_mini_swe,GPT + mini-SWE,GPT,mini-SWE,shared,pip_seq_v4,PIP-seq v4,pending,err_0054,T3,workflow_or_topology_error,typed_edge,True,unresolved,unresolved,pending,unresolved,,0
gpt_mini_swe,GPT + mini-SWE,GPT,mini-SWE,shared,pip_seq_v4,PIP-seq v4,pending,err_0055,T3,workflow_or_topology_error,typed_edge,True,unresolved,unresolved,pending,unresolved,,0
gpt_mini_swe,GPT + mini-SWE,GPT,mini-SWE,shared,pip_seq_v4,PIP-seq v4,pending,err_0056,T3,workflow_or_topology_error,typed_edge,True,unresolved,unresolved,pending,unresolved,,0
gpt_mini_swe,GPT + mini-SWE,GPT,mini-SWE,shared,pip_seq_v4,PIP-seq v4,pending,err_0057,T3,workflow_or_topology_error,typed_edge,True,unresolved,unresolved,pending,unresolved,,0
gpt_mini_swe,GPT + mini-SWE,GPT,mini-SWE,shared,sci_atac_seq,sci-ATAC-seq,pending,err_0001,T2,missing_recoverable_information,oligo_family,True,unresolved,unresolved,pending,unresolved,,0
gpt_mini_swe,GPT + mini-SWE,GPT,mini-SWE,shared,sci_atac_seq,sci-ATAC-seq,pending,err_0002,T2,molecular_state_or_assembly_error,oligo_family,True,unresolved,unresolved,pending,unresolved,,0
gpt_mini_swe,GPT + mini-SWE,GPT,mini-SWE,shared,sci_atac_seq,sci-ATAC-seq,pending,err_0003,T2,missing_recoverable_information,oligo_family,True,unresolved,unresolved,pending,unresolved,,0
gpt_mini_swe,GPT + mini-SWE,GPT,mini-SWE,shared,sci_atac_seq,sci-ATAC-seq,pending,err_0004,T2,molecular_state_or_assembly_error,oligo_family,True,unresolved,unresolved,pending,unresolved,,0
gpt_mini_swe,GPT + mini-SWE,GPT,mini-SWE,shared,sci_atac_seq,sci-ATAC-seq,pending,err_0005,T2,missing_recoverable_information,oligo_family,True,unresolved,unresolved,pending,unresolved,,0
gpt_mini_swe,GPT + mini-SWE,GPT,mini-SWE,shared,sci_atac_seq,sci-ATAC-seq,pending,err_0006,T2,missing_recoverable_information,oligo_family,True,unresolved,unresolved,pending,unresolved,,0
gpt_mini_swe,GPT + mini-SWE,GPT,mini-SWE,shared,sci_atac_seq,sci-ATAC-seq,pending,err_0007,T2,molecular_state_or_assembly_error,oligo_family,True,unresolved,unresolved,pending,unresolved,,0
gpt_mini_swe,GPT + mini-SWE,GPT,mini-SWE,shared,sci_atac_seq,sci-ATAC-seq,pending,err_0008,T2,strand_or_orientation_error,oligo_family,True,unresolved,unresolved,pending,unresolved,,0
gpt_mini_swe,GPT + mini-SWE,GPT,mini-SWE,shared,sci_atac_seq,sci-ATAC-seq,pending,err_0009,T3,missing_recoverable_information,state,True,unresolved,unresolved,pending,unresolved,,0
gpt_mini_swe,GPT + mini-SWE,GPT,mini-SWE,shared,sci_atac_seq,sci-ATAC-seq,pending,err_0010,T3,missing_recoverable_information,state,True,unresolved,unresolved,pending,unresolved,,0
gpt_mini_swe,GPT + mini-SWE,GPT,mini-SWE,shared,sci_atac_seq,sci-ATAC-seq,pending,err_0011,T3,missing_recoverable_information,state,True,unresolved,unresolved,pending,unresolved,,0
gpt_mini_swe,GPT + mini-SWE,GPT,mini-SWE,shared,sci_atac_seq,sci-ATAC-seq,pending,err_0012,T3,missing_recoverable_information,state,True,unresolved,unresolved,pending,unresolved,,0
gpt_mini_swe,GPT + mini-SWE,GPT,mini-SWE,shared,sci_atac_seq,sci-ATAC-seq,pending,err_0013,T3,missing_recoverable_information,state,True,unresolved,unresolved,pending,unresolved,,0
gpt_mini_swe,GPT + mini-SWE,GPT,mini-SWE,shared,sci_atac_seq,sci-ATAC-seq,pending,err_0014,T3,missing_recoverable_information,state,True,unresolved,unresolved,pending,unresolved,,0
gpt_mini_swe,GPT + mini-SWE,GPT,mini-SWE,shared,sci_atac_seq,sci-ATAC-seq,pending,err_0015,T3,missing_recoverable_information,state,True,unresolved,unresolved,pending,unresolved,,0
gpt_mini_swe,GPT + mini-SWE,GPT,mini-SWE,shared,sci_atac_seq,sci-ATAC-seq,pending,err_0016,T3,missing_recoverable_information,transition,True,unresolved,unresolved,pending,unresolved,,0
gpt_mini_swe,GPT + mini-SWE,GPT,mini-SWE,shared,sci_atac_seq,sci-ATAC-seq,pending,err_0017,T3,molecular_state_or_assembly_error,state,True,unresolved,unresolved,pending,unresolved,,0
gpt_mini_swe,GPT + mini-SWE,GPT,mini-SWE,shared,sci_atac_seq,sci-ATAC-seq,pending,err_0018,T3,molecular_state_or_assembly_error,state,True,unresolved,unresolved,pending,unresolved,,0
gpt_mini_swe,GPT + mini-SWE,GPT,mini-SWE,shared,sci_atac_seq,sci-ATAC-seq,pending,err_0019,T3,molecular_state_or_assembly_error,state,True,unresolved,unresolved,pending,unresolved,,0
gpt_mini_swe,GPT + mini-SWE,GPT,mini-SWE,shared,sci_atac_seq,sci-ATAC-seq,pending,err_0020,T3,workflow_or_topology_error,transition,True,unresolved,unresolved,pending,unresolved,,0
gpt_mini_swe,GPT + mini-SWE,GPT,mini-SWE,shared,sci_atac_seq,sci-ATAC-seq,pending,err_0021,T3,workflow_or_topology_error,transition,True,unresolved,unresolved,pending,unresolved,,0
gpt_mini_swe,GPT + mini-SWE,GPT,mini-SWE,shared,sci_atac_seq,sci-ATAC-seq,pending,err_0022,T3,workflow_or_topology_error,typed_edge,True,unresolved,unresolved,pending,unresolved,,0
gpt_mini_swe,GPT + mini-SWE,GPT,mini-SWE,shared,sci_atac_seq,sci-ATAC-seq,pending,err_0023,T3,workflow_or_topology_error,typed_edge,True,unresolved,unresolved,pending,unresolved,,0
gpt_mini_swe,GPT + mini-SWE,GPT,mini-SWE,shared,sci_atac_seq,sci-ATAC-seq,pending,err_0024,T3,workflow_or_topology_error,typed_edge,True,unresolved,unresolved,pending,unresolved,,0
gpt_mini_swe,GPT + mini-SWE,GPT,mini-SWE,shared,sci_atac_seq,sci-ATAC-seq,pending,err_0025,T3,workflow_or_topology_error,typed_edge,True,unresolved,unresolved,pending,unresolved,,0
gpt_mini_swe,GPT + mini-SWE,GPT,mini-SWE,shared,sci_atac_seq,sci-ATAC-seq,pending,err_0026,T3,workflow_or_topology_error,typed_edge,True,unresolved,unresolved,pending,unresolved,,0
gpt_mini_swe,GPT + mini-SWE,GPT,mini-SWE,shared,sci_atac_seq,sci-ATAC-seq,pending,err_0027,T3,workflow_or_topology_error,typed_edge,True,unresolved,unresolved,pending,unresolved,,0
gpt_mini_swe,GPT + mini-SWE,GPT,mini-SWE,shared,sci_atac_seq,sci-ATAC-seq,pending,err_0028,T3,workflow_or_topology_error,typed_edge,True,unresolved,unresolved,pending,unresolved,,0
gpt_mini_swe,GPT + mini-SWE,GPT,mini-SWE,shared,sci_atac_seq,sci-ATAC-seq,pending,err_0029,T3,workflow_or_topology_error,typed_edge,True,unresolved,unresolved,pending,unresolved,,0
gpt_mini_swe,GPT + mini-SWE,GPT,mini-SWE,shared,sci_atac_seq,sci-ATAC-seq,pending,err_0030,T3,workflow_or_topology_error,typed_edge,True,unresolved,unresolved,pending,unresolved,,0
gpt_mini_swe,GPT + mini-SWE,GPT,mini-SWE,shared,sci_atac_seq,sci-ATAC-seq,pending,err_0031,T3,workflow_or_topology_error,typed_edge,True,unresolved,unresolved,pending,unresolved,,0
gpt_mini_swe,GPT + mini-SWE,GPT,mini-SWE,shared,sci_atac_seq,sci-ATAC-seq,pending,err_0032,T3,workflow_or_topology_error,typed_edge,True,unresolved,unresolved,pending,unresolved,,0
gpt_mini_swe,GPT + mini-SWE,GPT,mini-SWE,shared,sci_atac_seq,sci-ATAC-seq,pending,err_0033,T3,workflow_or_topology_error,typed_edge,True,unresolved,unresolved,pending,unresolved,,0
gpt_mini_swe,GPT + mini-SWE,GPT,mini-SWE,shared,sci_atac_seq,sci-ATAC-seq,pending,err_0034,T3,workflow_or_topology_error,typed_edge,True,unresolved,unresolved,pending,unresolved,,0
gpt_mini_swe,GPT + mini-SWE,GPT,mini-SWE,shared,scrrbs,scRRBS,pending,err_0001,T2,missing_recoverable_information,oligo_family,True,unresolved,unresolved,pending,unresolved,,0
gpt_mini_swe,GPT + mini-SWE,GPT,mini-SWE,shared,scrrbs,scRRBS,pending,err_0002,T2,molecular_state_or_assembly_error,oligo_family,True,unresolved,unresolved,pending,unresolved,,0
gpt_mini_swe,GPT + mini-SWE,GPT,mini-SWE,shared,scrrbs,scRRBS,pending,err_0003,T2,molecular_state_or_assembly_error,oligo_family,True,unresolved,unresolved,pending,unresolved,,0
gpt_mini_swe,GPT + mini-SWE,GPT,mini-SWE,shared,scrrbs,scRRBS,pending,err_0004,T2,missing_recoverable_information,oligo_family,True,unresolved,unresolved,pending,unresolved,,0
gpt_mini_swe,GPT + mini-SWE,GPT,mini-SWE,shared,scrrbs,scRRBS,pending,err_0005,T2,molecular_state_or_assembly_error,oligo_family,True,unresolved,unresolved,pending,unresolved,,0
gpt_mini_swe,GPT + mini-SWE,GPT,mini-SWE,shared,scrrbs,scRRBS,pending,err_0006,T2,workflow_or_topology_error,oligo_family,True,unresolved,unresolved,pending,unresolved,,0
gpt_mini_swe,GPT + mini-SWE,GPT,mini-SWE,shared,scrrbs,scRRBS,pending,err_0007,T3,missing_recoverable_information,state,True,unresolved,unresolved,pending,unresolved,,0
gpt_mini_swe,GPT + mini-SWE,GPT,mini-SWE,shared,scrrbs,scRRBS,pending,err_0008,T3,molecular_state_or_assembly_error,state,True,unresolved,unresolved,pending,unresolved,,0
gpt_mini_swe,GPT + mini-SWE,GPT,mini-SWE,shared,scrrbs,scRRBS,pending,err_0009,T3,molecular_state_or_assembly_error,state,True,unresolved,unresolved,pending,unresolved,,0
gpt_mini_swe,GPT + mini-SWE,GPT,mini-SWE,shared,scrrbs,scRRBS,pending,err_0010,T3,molecular_state_or_assembly_error,state,True,unresolved,unresolved,pending,unresolved,,0
gpt_mini_swe,GPT + mini-SWE,GPT,mini-SWE,shared,scrrbs,scRRBS,pending,err_0011,T3,molecular_state_or_assembly_error,state,True,unresolved,unresolved,pending,unresolved,,0
gpt_mini_swe,GPT + mini-SWE,GPT,mini-SWE,shared,scrrbs,scRRBS,pending,err_0012,T3,molecular_state_or_assembly_error,state,True,unresolved,unresolved,pending,unresolved,,0
gpt_mini_swe,GPT + mini-SWE,GPT,mini-SWE,shared,scrrbs,scRRBS,pending,err_0013,T3,molecular_state_or_assembly_error,state,True,unresolved,unresolved,pending,unresolved,,0
gpt_mini_swe,GPT + mini-SWE,GPT,mini-SWE,shared,scrrbs,scRRBS,pending,err_0014,T3,workflow_or_topology_error,transition,True,unresolved,unresolved,pending,unresolved,,0
gpt_mini_swe,GPT + mini-SWE,GPT,mini-SWE,shared,scrrbs,scRRBS,pending,err_0015,T3,workflow_or_topology_error,transition,True,unresolved,unresolved,pending,unresolved,,0
gpt_mini_swe,GPT + mini-SWE,GPT,mini-SWE,shared,scrrbs,scRRBS,pending,err_0016,T3,workflow_or_topology_error,transition,True,unresolved,unresolved,pending,unresolved,,0
gpt_mini_swe,GPT + mini-SWE,GPT,mini-SWE,shared,scrrbs,scRRBS,pending,err_0017,T3,workflow_or_topology_error,typed_edge,True,unresolved,unresolved,pending,unresolved,,0
gpt_mini_swe,GPT + mini-SWE,GPT,mini-SWE,shared,scrrbs,scRRBS,pending,err_0018,T3,workflow_or_topology_error,typed_edge,True,unresolved,unresolved,pending,unresolved,,0
gpt_mini_swe,GPT + mini-SWE,GPT,mini-SWE,shared,share_seq,SHARE-seq,pending,err_0001,T2,workflow_or_topology_error,oligo_family,True,unresolved,unresolved,pending,unresolved,,0
gpt_mini_swe,GPT + mini-SWE,GPT,mini-SWE,shared,share_seq,SHARE-seq,pending,err_0002,T2,workflow_or_topology_error,oligo_family,True,unresolved,unresolved,pending,unresolved,,0
gpt_mini_swe,GPT + mini-SWE,GPT,mini-SWE,shared,share_seq,SHARE-seq,pending,err_0003,T2,missing_recoverable_information,oligo_family,True,unresolved,unresolved,pending,unresolved,,0
gpt_mini_swe,GPT + mini-SWE,GPT,mini-SWE,shared,share_seq,SHARE-seq,pending,err_0004,T2,molecular_state_or_assembly_error,oligo_family,True,unresolved,unresolved,pending,unresolved,,0
gpt_mini_swe,GPT + mini-SWE,GPT,mini-SWE,shared,share_seq,SHARE-seq,pending,err_0005,T2,workflow_or_topology_error,oligo_family,True,unresolved,unresolved,pending,unresolved,,0
gpt_mini_swe,GPT + mini-SWE,GPT,mini-SWE,shared,share_seq,SHARE-seq,pending,err_0006,T2,molecular_state_or_assembly_error,oligo_family,True,unresolved,unresolved,pending,unresolved,,0
gpt_mini_swe,GPT + mini-SWE,GPT,mini-SWE,shared,share_seq,SHARE-seq,pending,err_0007,T2,molecular_state_or_assembly_error,oligo_family,True,unresolved,unresolved,pending,unresolved,,0
gpt_mini_swe,GPT + mini-SWE,GPT,mini-SWE,shared,share_seq,SHARE-seq,pending,err_0008,T2,workflow_or_topology_error,oligo_family,True,unresolved,unresolved,pending,unresolved,,0
gpt_mini_swe,GPT + mini-SWE,GPT,mini-SWE,shared,share_seq,SHARE-seq,pending,err_0009,T2,molecular_state_or_assembly_error,oligo_family,True,unresolved,unresolved,pending,unresolved,,0
gpt_mini_swe,GPT + mini-SWE,GPT,mini-SWE,shared,share_seq,SHARE-seq,pending,err_0010,T2,molecular_state_or_assembly_error,oligo_family,True,unresolved,unresolved,pending,unresolved,,0
gpt_mini_swe,GPT + mini-SWE,GPT,mini-SWE,shared,share_seq,SHARE-seq,pending,err_0011,T2,molecular_state_or_assembly_error,oligo_family,True,unresolved,unresolved,pending,unresolved,,0
gpt_mini_swe,GPT + mini-SWE,GPT,mini-SWE,shared,share_seq,SHARE-seq,pending,err_0012,T2,molecular_state_or_assembly_error,oligo_family,True,unresolved,unresolved,pending,unresolved,,0
gpt_mini_swe,GPT + mini-SWE,GPT,mini-SWE,shared,share_seq,SHARE-seq,pending,err_0013,T2,workflow_or_topology_error,oligo_family,True,unresolved,unresolved,pending,unresolved,,0
gpt_mini_swe,GPT + mini-SWE,GPT,mini-SWE,shared,share_seq,SHARE-seq,pending,err_0014,T2,molecular_state_or_assembly_error,oligo_family,True,unresolved,unresolved,pending,unresolved,,0
gpt_mini_swe,GPT + mini-SWE,GPT,mini-SWE,shared,share_seq,SHARE-seq,pending,err_0015,T2,molecular_state_or_assembly_error,oligo_family,True,unresolved,unresolved,pending,unresolved,,0
gpt_mini_swe,GPT + mini-SWE,GPT,mini-SWE,shared,share_seq,SHARE-seq,pending,err_0016,T3,missing_recoverable_information,state,True,unresolved,unresolved,pending,unresolved,,0
gpt_mini_swe,GPT + mini-SWE,GPT,mini-SWE,shared,share_seq,SHARE-seq,pending,err_0017,T3,missing_recoverable_information,state,True,unresolved,unresolved,pending,unresolved,,0
gpt_mini_swe,GPT + mini-SWE,GPT,mini-SWE,shared,share_seq,SHARE-seq,pending,err_0018,T3,missing_recoverable_information,state,True,unresolved,unresolved,pending,unresolved,,0
gpt_mini_swe,GPT + mini-SWE,GPT,mini-SWE,shared,share_seq,SHARE-seq,pending,err_0019,T3,missing_recoverable_information,state,True,unresolved,unresolved,pending,unresolved,,0
gpt_mini_swe,GPT + mini-SWE,GPT,mini-SWE,shared,share_seq,SHARE-seq,pending,err_0020,T3,missing_recoverable_information,state,True,unresolved,unresolved,pending,unresolved,,0
gpt_mini_swe,GPT + mini-SWE,GPT,mini-SWE,shared,share_seq,SHARE-seq,pending,err_0021,T3,missing_recoverable_information,state,True,unresolved,unresolved,pending,unresolved,,0
gpt_mini_swe,GPT + mini-SWE,GPT,mini-SWE,shared,share_seq,SHARE-seq,pending,err_0022,T3,missing_recoverable_information,transition,True,unresolved,unresolved,pending,unresolved,,0
gpt_mini_swe,GPT + mini-SWE,GPT,mini-SWE,shared,share_seq,SHARE-seq,pending,err_0023,T3,missing_recoverable_information,transition,True,unresolved,unresolved,pending,unresolved,,0
gpt_mini_swe,GPT + mini-SWE,GPT,mini-SWE,shared,share_seq,SHARE-seq,pending,err_0024,T3,missing_recoverable_information,transition,True,unresolved,unresolved,pending,unresolved,,0
gpt_mini_swe,GPT + mini-SWE,GPT,mini-SWE,shared,share_seq,SHARE-seq,pending,err_0025,T3,molecular_state_or_assembly_error,state,True,unresolved,unresolved,pending,unresolved,,0
gpt_mini_swe,GPT + mini-SWE,GPT,mini-SWE,shared,share_seq,SHARE-seq,pending,err_0026,T3,molecular_state_or_assembly_error,state,True,unresolved,unresolved,pending,unresolved,,0
gpt_mini_swe,GPT + mini-SWE,GPT,mini-SWE,shared,share_seq,SHARE-seq,pending,err_0027,T3,molecular_state_or_assembly_error,state,True,unresolved,unresolved,pending,unresolved,,0
gpt_mini_swe,GPT + mini-SWE,GPT,mini-SWE,shared,share_seq,SHARE-seq,pending,err_0028,T3,molecular_state_or_assembly_error,state,True,unresolved,unresolved,pending,unresolved,,0
gpt_mini_swe,GPT + mini-SWE,GPT,mini-SWE,shared,share_seq,SHARE-seq,pending,err_0029,T3,molecular_state_or_assembly_error,state,True,unresolved,unresolved,pending,unresolved,,0
gpt_mini_swe,GPT + mini-SWE,GPT,mini-SWE,shared,share_seq,SHARE-seq,pending,err_0030,T3,molecular_state_or_assembly_error,state,True,unresolved,unresolved,pending,unresolved,,0
gpt_mini_swe,GPT + mini-SWE,GPT,mini-SWE,shared,share_seq,SHARE-seq,pending,err_0031,T3,molecular_state_or_assembly_error,state,True,unresolved,unresolved,pending,unresolved,,0
gpt_mini_swe,GPT + mini-SWE,GPT,mini-SWE,shared,share_seq,SHARE-seq,pending,err_0032,T3,molecular_state_or_assembly_error,state,True,unresolved,unresolved,pending,unresolved,,0
gpt_mini_swe,GPT + mini-SWE,GPT,mini-SWE,shared,share_seq,SHARE-seq,pending,err_0033,T3,molecular_state_or_assembly_error,state,True,unresolved,unresolved,pending,unresolved,,0
gpt_mini_swe,GPT + mini-SWE,GPT,mini-SWE,shared,share_seq,SHARE-seq,pending,err_0034,T3,molecular_state_or_assembly_error,state,True,unresolved,unresolved,pending,unresolved,,0
gpt_mini_swe,GPT + mini-SWE,GPT,mini-SWE,shared,share_seq,SHARE-seq,pending,err_0035,T3,workflow_or_topology_error,transition,True,unresolved,unresolved,pending,unresolved,,0
gpt_mini_swe,GPT + mini-SWE,GPT,mini-SWE,shared,share_seq,SHARE-seq,pending,err_0036,T3,workflow_or_topology_error,transition,True,unresolved,unresolved,pending,unresolved,,0
gpt_mini_swe,GPT + mini-SWE,GPT,mini-SWE,shared,share_seq,SHARE-seq,pending,err_0037,T3,workflow_or_topology_error,transition,True,unresolved,unresolved,pending,unresolved,,0
gpt_mini_swe,GPT + mini-SWE,GPT,mini-SWE,shared,share_seq,SHARE-seq,pending,err_0038,T3,operation_error,transition,True,unresolved,unresolved,pending,unresolved,,0
gpt_mini_swe,GPT + mini-SWE,GPT,mini-SWE,shared,share_seq,SHARE-seq,pending,err_0039,T3,workflow_or_topology_error,transition,True,unresolved,unresolved,pending,unresolved,,0
gpt_mini_swe,GPT + mini-SWE,GPT,mini-SWE,shared,share_seq,SHARE-seq,pending,err_0040,T3,workflow_or_topology_error,transition,True,unresolved,unresolved,pending,unresolved,,0
gpt_mini_swe,GPT + mini-SWE,GPT,mini-SWE,shared,share_seq,SHARE-seq,pending,err_0041,T3,workflow_or_topology_error,transition,True,unresolved,unresolved,pending,unresolved,,0
gpt_mini_swe,GPT + mini-SWE,GPT,mini-SWE,shared,share_seq,SHARE-seq,pending,err_0042,T3,workflow_or_topology_error,transition,True,unresolved,unresolved,pending,unresolved,,0
gpt_mini_swe,GPT + mini-SWE,GPT,mini-SWE,shared,share_seq,SHARE-seq,pending,err_0043,T3,workflow_or_topology_error,typed_edge,True,unresolved,unresolved,pending,unresolved,,0
gpt_mini_swe,GPT + mini-SWE,GPT,mini-SWE,shared,share_seq,SHARE-seq,pending,err_0044,T3,workflow_or_topology_error,typed_edge,True,unresolved,unresolved,pending,unresolved,,0
gpt_mini_swe,GPT + mini-SWE,GPT,mini-SWE,shared,share_seq,SHARE-seq,pending,err_0045,T3,workflow_or_topology_error,typed_edge,True,unresolved,unresolved,pending,unresolved,,0
gpt_mini_swe,GPT + mini-SWE,GPT,mini-SWE,shared,share_seq,SHARE-seq,pending,err_0046,T3,workflow_or_topology_error,typed_edge,True,unresolved,unresolved,pending,unresolved,,0
gpt_mini_swe,GPT + mini-SWE,GPT,mini-SWE,shared,share_seq,SHARE-seq,pending,err_0047,T3,workflow_or_topology_error,typed_edge,True,unresolved,unresolved,pending,unresolved,,0
gpt_mini_swe,GPT + mini-SWE,GPT,mini-SWE,shared,share_seq,SHARE-seq,pending,err_0048,T3,workflow_or_topology_error,typed_edge,True,unresolved,unresolved,pending,unresolved,,0
gpt_mini_swe,GPT + mini-SWE,GPT,mini-SWE,shared,share_seq,SHARE-seq,pending,err_0049,T3,workflow_or_topology_error,typed_edge,True,unresolved,unresolved,pending,unresolved,,0
gpt_mini_swe,GPT + mini-SWE,GPT,mini-SWE,shared,share_seq,SHARE-seq,pending,err_0050,T3,workflow_or_topology_error,typed_edge,True,unresolved,unresolved,pending,unresolved,,0
gpt_mini_swe,GPT + mini-SWE,GPT,mini-SWE,shared,share_seq,SHARE-seq,pending,err_0051,T3,workflow_or_topology_error,typed_edge,True,unresolved,unresolved,pending,unresolved,,0
gpt_mini_swe,GPT + mini-SWE,GPT,mini-SWE,shared,share_seq,SHARE-seq,pending,err_0052,T3,workflow_or_topology_error,typed_edge,True,unresolved,unresolved,pending,unresolved,,0
gpt_mini_swe,GPT + mini-SWE,GPT,mini-SWE,shared,share_seq,SHARE-seq,pending,err_0053,T3,workflow_or_topology_error,typed_edge,True,unresolved,unresolved,pending,unresolved,,0
gpt_mini_swe,GPT + mini-SWE,GPT,mini-SWE,shared,share_seq,SHARE-seq,pending,err_0054,T3,workflow_or_topology_error,typed_edge,True,unresolved,unresolved,pending,unresolved,,0
gpt_mini_swe,GPT + mini-SWE,GPT,mini-SWE,shared,share_seq,SHARE-seq,pending,err_0055,T3,workflow_or_topology_error,typed_edge,True,unresolved,unresolved,pending,unresolved,,0
gpt_mini_swe,GPT + mini-SWE,GPT,mini-SWE,shared,share_seq,SHARE-seq,pending,err_0056,T3,workflow_or_topology_error,typed_edge,True,unresolved,unresolved,pending,unresolved,,0
gpt_mini_swe,GPT + mini-SWE,GPT,mini-SWE,shared,share_seq,SHARE-seq,pending,err_0057,T3,workflow_or_topology_error,typed_edge,True,unresolved,unresolved,pending,unresolved,,0
gpt_mini_swe,GPT + mini-SWE,GPT,mini-SWE,shared,share_seq,SHARE-seq,pending,err_0058,T3,workflow_or_topology_error,typed_edge,True,unresolved,unresolved,pending,unresolved,,0
gpt_mini_swe,GPT + mini-SWE,GPT,mini-SWE,shared,share_seq,SHARE-seq,pending,err_0059,T3,workflow_or_topology_error,typed_edge,True,unresolved,unresolved,pending,unresolved,,0
gpt_mini_swe,GPT + mini-SWE,GPT,mini-SWE,shared,share_seq,SHARE-seq,pending,err_0060,T3,workflow_or_topology_error,typed_edge,True,unresolved,unresolved,pending,unresolved,,0
gpt_mini_swe,GPT + mini-SWE,GPT,mini-SWE,shared,share_seq,SHARE-seq,pending,err_0061,T3,workflow_or_topology_error,typed_edge,True,unresolved,unresolved,pending,unresolved,,0
gpt_mini_swe,GPT + mini-SWE,GPT,mini-SWE,shared,share_seq,SHARE-seq,pending,err_0062,T3,workflow_or_topology_error,typed_edge,True,unresolved,unresolved,pending,unresolved,,0
gpt_mini_swe,GPT + mini-SWE,GPT,mini-SWE,shared,share_seq,SHARE-seq,pending,err_0063,T3,workflow_or_topology_error,typed_edge,True,unresolved,unresolved,pending,unresolved,,0
gpt_mini_swe,GPT + mini-SWE,GPT,mini-SWE,shared,share_seq,SHARE-seq,pending,err_0064,T3,workflow_or_topology_error,typed_edge,True,unresolved,unresolved,pending,unresolved,,0
gpt_mini_swe,GPT + mini-SWE,GPT,mini-SWE,shared,share_seq,SHARE-seq,pending,err_0065,T3,workflow_or_topology_error,typed_edge,True,unresolved,unresolved,pending,unresolved,,0
gpt_mini_swe,GPT + mini-SWE,GPT,mini-SWE,shared,share_seq,SHARE-seq,pending,err_0066,T3,workflow_or_topology_error,typed_edge,True,unresolved,unresolved,pending,unresolved,,0
gpt_mini_swe,GPT + mini-SWE,GPT,mini-SWE,shared,share_seq,SHARE-seq,pending,err_0067,T3,workflow_or_topology_error,typed_edge,True,unresolved,unresolved,pending,unresolved,,0
gpt_mini_swe,GPT + mini-SWE,GPT,mini-SWE,shared,share_seq,SHARE-seq,pending,err_0068,T3,workflow_or_topology_error,typed_edge,True,unresolved,unresolved,pending,unresolved,,0
gpt_mini_swe,GPT + mini-SWE,GPT,mini-SWE,shared,share_seq,SHARE-seq,pending,err_0069,T3,workflow_or_topology_error,typed_edge,True,unresolved,unresolved,pending,unresolved,,0
gpt_mini_swe,GPT + mini-SWE,GPT,mini-SWE,shared,share_seq,SHARE-seq,pending,err_0070,T3,workflow_or_topology_error,typed_edge,True,unresolved,unresolved,pending,unresolved,,0
gpt_mini_swe,GPT + mini-SWE,GPT,mini-SWE,shared,share_seq,SHARE-seq,pending,err_0071,T3,workflow_or_topology_error,typed_edge,True,unresolved,unresolved,pending,unresolved,,0
gpt_mini_swe,GPT + mini-SWE,GPT,mini-SWE,shared,share_seq,SHARE-seq,pending,err_0072,T3,workflow_or_topology_error,typed_edge,True,unresolved,unresolved,pending,unresolved,,0
gpt_mini_swe,GPT + mini-SWE,GPT,mini-SWE,shared,smart_seq,SMART-seq,pending,err_0001,T2,unsupported_completion,oligo_family,True,unresolved,unresolved,pending,unresolved,,0
gpt_mini_swe,GPT + mini-SWE,GPT,mini-SWE,shared,smart_seq,SMART-seq,pending,err_0002,T2,unsupported_completion,oligo_family,True,unresolved,unresolved,pending,unresolved,,0
gpt_mini_swe,GPT + mini-SWE,GPT,mini-SWE,shared,smart_seq,SMART-seq,pending,err_0003,T2,unsupported_completion,oligo_family,True,unresolved,unresolved,pending,unresolved,,0
gpt_mini_swe,GPT + mini-SWE,GPT,mini-SWE,shared,smart_seq,SMART-seq,pending,err_0004,T2,unsupported_completion,oligo_family,True,unresolved,unresolved,pending,unresolved,,0
gpt_mini_swe,GPT + mini-SWE,GPT,mini-SWE,shared,smart_seq,SMART-seq,pending,err_0005,T2,missing_recoverable_information,oligo_family,True,unresolved,unresolved,pending,unresolved,,0
gpt_mini_swe,GPT + mini-SWE,GPT,mini-SWE,shared,smart_seq,SMART-seq,pending,err_0006,T2,molecular_state_or_assembly_error,oligo_family,True,unresolved,unresolved,pending,unresolved,,0
gpt_mini_swe,GPT + mini-SWE,GPT,mini-SWE,shared,smart_seq,SMART-seq,pending,err_0007,T2,molecular_state_or_assembly_error,oligo_family,True,unresolved,unresolved,pending,unresolved,,0
gpt_mini_swe,GPT + mini-SWE,GPT,mini-SWE,shared,smart_seq,SMART-seq,pending,err_0008,T3,missing_recoverable_information,transition,True,unresolved,unresolved,pending,unresolved,,0
gpt_mini_swe,GPT + mini-SWE,GPT,mini-SWE,shared,smart_seq,SMART-seq,pending,err_0009,T3,molecular_state_or_assembly_error,state,True,unresolved,unresolved,pending,unresolved,,0
gpt_mini_swe,GPT + mini-SWE,GPT,mini-SWE,shared,smart_seq,SMART-seq,pending,err_0010,T3,molecular_state_or_assembly_error,state,True,unresolved,unresolved,pending,unresolved,,0
gpt_mini_swe,GPT + mini-SWE,GPT,mini-SWE,shared,smart_seq,SMART-seq,pending,err_0011,T3,molecular_state_or_assembly_error,state,True,unresolved,unresolved,pending,unresolved,,0
gpt_mini_swe,GPT + mini-SWE,GPT,mini-SWE,shared,smart_seq,SMART-seq,pending,err_0012,T3,molecular_state_or_assembly_error,state,True,unresolved,unresolved,pending,unresolved,,0
gpt_mini_swe,GPT + mini-SWE,GPT,mini-SWE,shared,smart_seq,SMART-seq,pending,err_0013,T3,molecular_state_or_assembly_error,state,True,unresolved,unresolved,pending,unresolved,,0
gpt_mini_swe,GPT + mini-SWE,GPT,mini-SWE,shared,smart_seq,SMART-seq,pending,err_0014,T3,molecular_state_or_assembly_error,state,True,unresolved,unresolved,pending,unresolved,,0
gpt_mini_swe,GPT + mini-SWE,GPT,mini-SWE,shared,smart_seq,SMART-seq,pending,err_0015,T3,molecular_state_or_assembly_error,state,True,unresolved,unresolved,pending,unresolved,,0
gpt_mini_swe,GPT + mini-SWE,GPT,mini-SWE,shared,smart_seq,SMART-seq,pending,err_0016,T3,molecular_state_or_assembly_error,state,True,unresolved,unresolved,pending,unresolved,,0
gpt_mini_swe,GPT + mini-SWE,GPT,mini-SWE,shared,smart_seq,SMART-seq,pending,err_0017,T3,workflow_or_topology_error,transition,True,unresolved,unresolved,pending,unresolved,,0
gpt_mini_swe,GPT + mini-SWE,GPT,mini-SWE,shared,smart_seq,SMART-seq,pending,err_0018,T3,operation_error,transition,True,unresolved,unresolved,pending,unresolved,,0
gpt_mini_swe,GPT + mini-SWE,GPT,mini-SWE,shared,smart_seq,SMART-seq,pending,err_0019,T3,workflow_or_topology_error,transition,True,unresolved,unresolved,pending,unresolved,,0
gpt_mini_swe,GPT + mini-SWE,GPT,mini-SWE,shared,smart_seq,SMART-seq,pending,err_0020,T3,workflow_or_topology_error,transition,True,unresolved,unresolved,pending,unresolved,,0
gpt_mini_swe,GPT + mini-SWE,GPT,mini-SWE,shared,smart_seq,SMART-seq,pending,err_0021,T3,workflow_or_topology_error,transition,True,unresolved,unresolved,pending,unresolved,,0
gpt_mini_swe,GPT + mini-SWE,GPT,mini-SWE,shared,smart_seq,SMART-seq,pending,err_0022,T3,workflow_or_topology_error,typed_edge,True,unresolved,unresolved,pending,unresolved,,0
gpt_mini_swe,GPT + mini-SWE,GPT,mini-SWE,shared,smart_seq,SMART-seq,pending,err_0023,T3,workflow_or_topology_error,typed_edge,True,unresolved,unresolved,pending,unresolved,,0
gpt_mini_swe,GPT + mini-SWE,GPT,mini-SWE,shared,smart_seq,SMART-seq,pending,err_0024,T3,workflow_or_topology_error,typed_edge,True,unresolved,unresolved,pending,unresolved,,0
gpt_mini_swe,GPT + mini-SWE,GPT,mini-SWE,shared,smart_seq,SMART-seq,pending,err_0025,T3,workflow_or_topology_error,typed_edge,True,unresolved,unresolved,pending,unresolved,,0
gpt_mini_swe,GPT + mini-SWE,GPT,mini-SWE,shared,smart_seq,SMART-seq,pending,err_0026,T3,workflow_or_topology_error,typed_edge,True,unresolved,unresolved,pending,unresolved,,0
gpt_mini_swe,GPT + mini-SWE,GPT,mini-SWE,shared,smart_seq,SMART-seq,pending,err_0027,T3,workflow_or_topology_error,typed_edge,True,unresolved,unresolved,pending,unresolved,,0
gpt_mini_swe,GPT + mini-SWE,GPT,mini-SWE,shared,smart_seq,SMART-seq,pending,err_0028,T3,workflow_or_topology_error,typed_edge,True,unresolved,unresolved,pending,unresolved,,0
claude_pi,Claude + Pi,Claude,Pi,shared,10x_chromium_3_gene_expression_v4,10x 3' GEX v4,pending,err_0001,T2,unsupported_completion,oligo_family,True,unresolved,unresolved,pending,unresolved,,0
claude_pi,Claude + Pi,Claude,Pi,shared,10x_chromium_3_gene_expression_v4,10x 3' GEX v4,pending,err_0002,T2,unsupported_completion,oligo_family,True,unresolved,unresolved,pending,unresolved,,0
claude_pi,Claude + Pi,Claude,Pi,shared,10x_chromium_3_gene_expression_v4,10x 3' GEX v4,pending,err_0003,T2,unsupported_completion,oligo_family,True,unresolved,unresolved,pending,unresolved,,0
claude_pi,Claude + Pi,Claude,Pi,shared,10x_chromium_3_gene_expression_v4,10x 3' GEX v4,pending,err_0004,T2,unsupported_completion,oligo_family,True,unresolved,unresolved,pending,unresolved,,0
claude_pi,Claude + Pi,Claude,Pi,shared,10x_chromium_3_gene_expression_v4,10x 3' GEX v4,pending,err_0005,T2,unsupported_completion,oligo_family,True,unresolved,unresolved,pending,unresolved,,0
claude_pi,Claude + Pi,Claude,Pi,shared,10x_chromium_3_gene_expression_v4,10x 3' GEX v4,pending,err_0006,T2,molecular_state_or_assembly_error,oligo_family,True,unresolved,unresolved,pending,unresolved,,0
claude_pi,Claude + Pi,Claude,Pi,shared,10x_chromium_3_gene_expression_v4,10x 3' GEX v4,pending,err_0007,T2,molecular_state_or_assembly_error,oligo_family,True,unresolved,unresolved,pending,unresolved,,0
claude_pi,Claude + Pi,Claude,Pi,shared,10x_chromium_3_gene_expression_v4,10x 3' GEX v4,pending,err_0008,T2,workflow_or_topology_error,oligo_family,True,unresolved,unresolved,pending,unresolved,,0
claude_pi,Claude + Pi,Claude,Pi,shared,10x_chromium_3_gene_expression_v4,10x 3' GEX v4,pending,err_0009,T2,molecular_state_or_assembly_error,oligo_family,True,unresolved,unresolved,pending,unresolved,,0
claude_pi,Claude + Pi,Claude,Pi,shared,10x_chromium_3_gene_expression_v4,10x 3' GEX v4,pending,err_0010,T2,workflow_or_topology_error,oligo_family,True,unresolved,unresolved,pending,unresolved,,0
claude_pi,Claude + Pi,Claude,Pi,shared,10x_chromium_3_gene_expression_v4,10x 3' GEX v4,pending,err_0011,T2,molecular_state_or_assembly_error,oligo_family,True,unresolved,unresolved,pending,unresolved,,0
claude_pi,Claude + Pi,Claude,Pi,shared,10x_chromium_3_gene_expression_v4,10x 3' GEX v4,pending,err_0012,T2,workflow_or_topology_error,oligo_family,True,unresolved,unresolved,pending,unresolved,,0
claude_pi,Claude + Pi,Claude,Pi,shared,10x_chromium_3_gene_expression_v4,10x 3' GEX v4,pending,err_0013,T3,molecular_state_or_assembly_error,state,True,unresolved,unresolved,pending,unresolved,,0
claude_pi,Claude + Pi,Claude,Pi,shared,10x_chromium_3_gene_expression_v4,10x 3' GEX v4,pending,err_0014,T3,molecular_state_or_assembly_error,state,True,unresolved,unresolved,pending,unresolved,,0
claude_pi,Claude + Pi,Claude,Pi,shared,10x_chromium_3_gene_expression_v4,10x 3' GEX v4,pending,err_0015,T3,molecular_state_or_assembly_error,state,True,unresolved,unresolved,pending,unresolved,,0
claude_pi,Claude + Pi,Claude,Pi,shared,10x_chromium_3_gene_expression_v4,10x 3' GEX v4,pending,err_0016,T3,molecular_state_or_assembly_error,state,True,unresolved,unresolved,pending,unresolved,,0
claude_pi,Claude + Pi,Claude,Pi,shared,10x_chromium_3_gene_expression_v4,10x 3' GEX v4,pending,err_0017,T3,molecular_state_or_assembly_error,state,True,unresolved,unresolved,pending,unresolved,,0
claude_pi,Claude + Pi,Claude,Pi,shared,10x_chromium_3_gene_expression_v4,10x 3' GEX v4,pending,err_0018,T3,workflow_or_topology_error,transition,True,unresolved,unresolved,pending,unresolved,,0
claude_pi,Claude + Pi,Claude,Pi,shared,10x_chromium_3_gene_expression_v4,10x 3' GEX v4,pending,err_0019,T3,workflow_or_topology_error,transition,True,unresolved,unresolved,pending,unresolved,,0
claude_pi,Claude + Pi,Claude,Pi,shared,10x_chromium_3_gene_expression_v4,10x 3' GEX v4,pending,err_0020,T3,workflow_or_topology_error,transition,True,unresolved,unresolved,pending,unresolved,,0
claude_pi,Claude + Pi,Claude,Pi,shared,ddseq_single_cell_3_rna_seq_kit,ddSEQ 3' RNA,pending,err_0001,T2,unsupported_completion,oligo_family,True,unresolved,unresolved,pending,unresolved,,0
claude_pi,Claude + Pi,Claude,Pi,shared,ddseq_single_cell_3_rna_seq_kit,ddSEQ 3' RNA,pending,err_0002,T2,unsupported_completion,oligo_family,True,unresolved,unresolved,pending,unresolved,,0
claude_pi,Claude + Pi,Claude,Pi,shared,ddseq_single_cell_3_rna_seq_kit,ddSEQ 3' RNA,pending,err_0003,T2,unsupported_completion,oligo_family,True,unresolved,unresolved,pending,unresolved,,0
claude_pi,Claude + Pi,Claude,Pi,shared,ddseq_single_cell_3_rna_seq_kit,ddSEQ 3' RNA,pending,err_0004,T2,unsupported_completion,oligo_family,True,unresolved,unresolved,pending,unresolved,,0
claude_pi,Claude + Pi,Claude,Pi,shared,ddseq_single_cell_3_rna_seq_kit,ddSEQ 3' RNA,pending,err_0005,T2,unsupported_completion,oligo_family,True,unresolved,unresolved,pending,unresolved,,0
claude_pi,Claude + Pi,Claude,Pi,shared,ddseq_single_cell_3_rna_seq_kit,ddSEQ 3' RNA,pending,err_0006,T2,unsupported_completion,oligo_family,True,unresolved,unresolved,pending,unresolved,,0
claude_pi,Claude + Pi,Claude,Pi,shared,ddseq_single_cell_3_rna_seq_kit,ddSEQ 3' RNA,pending,err_0007,T3,unsupported_completion,state,True,unresolved,unresolved,pending,unresolved,,0
claude_pi,Claude + Pi,Claude,Pi,shared,ddseq_single_cell_3_rna_seq_kit,ddSEQ 3' RNA,pending,err_0008,T3,unsupported_completion,transition,True,unresolved,unresolved,pending,unresolved,,0
claude_pi,Claude + Pi,Claude,Pi,shared,ddseq_single_cell_3_rna_seq_kit,ddSEQ 3' RNA,pending,err_0009,T3,workflow_or_topology_error,terminal_output,True,unresolved,unresolved,pending,unresolved,,0
claude_pi,Claude + Pi,Claude,Pi,shared,ddseq_single_cell_3_rna_seq_kit,ddSEQ 3' RNA,pending,err_0010,T3,molecular_state_or_assembly_error,state,True,unresolved,unresolved,pending,unresolved,,0
claude_pi,Claude + Pi,Claude,Pi,shared,ddseq_single_cell_3_rna_seq_kit,ddSEQ 3' RNA,pending,err_0011,T3,molecular_state_or_assembly_error,state,True,unresolved,unresolved,pending,unresolved,,0
claude_pi,Claude + Pi,Claude,Pi,shared,ddseq_single_cell_3_rna_seq_kit,ddSEQ 3' RNA,pending,err_0012,T3,molecular_state_or_assembly_error,state,True,unresolved,unresolved,pending,unresolved,,0
claude_pi,Claude + Pi,Claude,Pi,shared,ddseq_single_cell_3_rna_seq_kit,ddSEQ 3' RNA,pending,err_0013,T3,workflow_or_topology_error,transition,True,unresolved,unresolved,pending,unresolved,,0
claude_pi,Claude + Pi,Claude,Pi,shared,ddseq_single_cell_3_rna_seq_kit,ddSEQ 3' RNA,pending,err_0014,T3,operation_error,transition,True,unresolved,unresolved,pending,unresolved,,0
claude_pi,Claude + Pi,Claude,Pi,shared,ddseq_single_cell_3_rna_seq_kit,ddSEQ 3' RNA,pending,err_0015,T3,workflow_or_topology_error,transition,True,unresolved,unresolved,pending,unresolved,,0
claude_pi,Claude + Pi,Claude,Pi,shared,ddseq_single_cell_3_rna_seq_kit,ddSEQ 3' RNA,pending,err_0016,T3,operation_error,transition,True,unresolved,unresolved,pending,unresolved,,0
claude_pi,Claude + Pi,Claude,Pi,shared,ddseq_single_cell_3_rna_seq_kit,ddSEQ 3' RNA,pending,err_0017,T3,workflow_or_topology_error,transition,True,unresolved,unresolved,pending,unresolved,,0
claude_pi,Claude + Pi,Claude,Pi,shared,ddseq_single_cell_3_rna_seq_kit,ddSEQ 3' RNA,pending,err_0018,T3,operation_error,transition,True,unresolved,unresolved,pending,unresolved,,0
claude_pi,Claude + Pi,Claude,Pi,shared,ddseq_single_cell_3_rna_seq_kit,ddSEQ 3' RNA,pending,err_0019,T3,workflow_or_topology_error,transition,True,unresolved,unresolved,pending,unresolved,,0
claude_pi,Claude + Pi,Claude,Pi,shared,ddseq_single_cell_3_rna_seq_kit,ddSEQ 3' RNA,pending,err_0020,T3,workflow_or_topology_error,transition,True,unresolved,unresolved,pending,unresolved,,0
claude_pi,Claude + Pi,Claude,Pi,shared,ddseq_single_cell_3_rna_seq_kit,ddSEQ 3' RNA,pending,err_0021,T3,workflow_or_topology_error,transition,True,unresolved,unresolved,pending,unresolved,,0
claude_pi,Claude + Pi,Claude,Pi,shared,ddseq_single_cell_3_rna_seq_kit,ddSEQ 3' RNA,pending,err_0022,T3,workflow_or_topology_error,typed_edge,True,unresolved,unresolved,pending,unresolved,,0
claude_pi,Claude + Pi,Claude,Pi,shared,ddseq_single_cell_3_rna_seq_kit,ddSEQ 3' RNA,pending,err_0023,T3,workflow_or_topology_error,typed_edge,True,unresolved,unresolved,pending,unresolved,,0
claude_pi,Claude + Pi,Claude,Pi,shared,ddseq_single_cell_3_rna_seq_kit,ddSEQ 3' RNA,pending,err_0024,T3,workflow_or_topology_error,typed_edge,True,unresolved,unresolved,pending,unresolved,,0
claude_pi,Claude + Pi,Claude,Pi,shared,ddseq_single_cell_3_rna_seq_kit,ddSEQ 3' RNA,pending,err_0025,T3,workflow_or_topology_error,typed_edge,True,unresolved,unresolved,pending,unresolved,,0
claude_pi,Claude + Pi,Claude,Pi,shared,ddseq_single_cell_3_rna_seq_kit,ddSEQ 3' RNA,pending,err_0026,T3,workflow_or_topology_error,typed_edge,True,unresolved,unresolved,pending,unresolved,,0
claude_pi,Claude + Pi,Claude,Pi,shared,ddseq_single_cell_3_rna_seq_kit,ddSEQ 3' RNA,pending,err_0027,T3,workflow_or_topology_error,typed_edge,True,unresolved,unresolved,pending,unresolved,,0
claude_pi,Claude + Pi,Claude,Pi,shared,ddseq_single_cell_3_rna_seq_kit,ddSEQ 3' RNA,pending,err_0028,T3,workflow_or_topology_error,typed_edge,True,unresolved,unresolved,pending,unresolved,,0
claude_pi,Claude + Pi,Claude,Pi,shared,ddseq_single_cell_3_rna_seq_kit,ddSEQ 3' RNA,pending,err_0029,T3,workflow_or_topology_error,typed_edge,True,unresolved,unresolved,pending,unresolved,,0
claude_pi,Claude + Pi,Claude,Pi,shared,ddseq_single_cell_3_rna_seq_kit,ddSEQ 3' RNA,pending,err_0030,T3,workflow_or_topology_error,typed_edge,True,unresolved,unresolved,pending,unresolved,,0
claude_pi,Claude + Pi,Claude,Pi,shared,ddseq_single_cell_3_rna_seq_kit,ddSEQ 3' RNA,pending,err_0031,T3,workflow_or_topology_error,typed_edge,True,unresolved,unresolved,pending,unresolved,,0
claude_pi,Claude + Pi,Claude,Pi,shared,ddseq_single_cell_3_rna_seq_kit,ddSEQ 3' RNA,pending,err_0032,T3,workflow_or_topology_error,typed_edge,True,unresolved,unresolved,pending,unresolved,,0
claude_pi,Claude + Pi,Claude,Pi,shared,ddseq_single_cell_3_rna_seq_kit,ddSEQ 3' RNA,pending,err_0033,T3,workflow_or_topology_error,typed_edge,True,unresolved,unresolved,pending,unresolved,,0
claude_pi,Claude + Pi,Claude,Pi,shared,ddseq_single_cell_3_rna_seq_kit,ddSEQ 3' RNA,pending,err_0034,T3,workflow_or_topology_error,typed_edge,True,unresolved,unresolved,pending,unresolved,,0
claude_pi,Claude + Pi,Claude,Pi,shared,ddseq_single_cell_3_rna_seq_kit,ddSEQ 3' RNA,pending,err_0035,T3,workflow_or_topology_error,typed_edge,True,unresolved,unresolved,pending,unresolved,,0
claude_pi,Claude + Pi,Claude,Pi,shared,ddseq_single_cell_3_rna_seq_kit,ddSEQ 3' RNA,pending,err_0036,T3,workflow_or_topology_error,typed_edge,True,unresolved,unresolved,pending,unresolved,,0
claude_pi,Claude + Pi,Claude,Pi,shared,ddseq_single_cell_3_rna_seq_kit,ddSEQ 3' RNA,pending,err_0037,T3,workflow_or_topology_error,typed_edge,True,unresolved,unresolved,pending,unresolved,,0
claude_pi,Claude + Pi,Claude,Pi,shared,dr_seq,DR-seq,pending,err_0001,T2,unsupported_completion,oligo_family,True,unresolved,unresolved,pending,unresolved,,0
claude_pi,Claude + Pi,Claude,Pi,shared,dr_seq,DR-seq,pending,err_0002,T2,unsupported_completion,oligo_family,True,unresolved,unresolved,pending,unresolved,,0
claude_pi,Claude + Pi,Claude,Pi,shared,dr_seq,DR-seq,pending,err_0003,T2,unsupported_completion,oligo_family,True,unresolved,unresolved,pending,unresolved,,0
claude_pi,Claude + Pi,Claude,Pi,shared,dr_seq,DR-seq,pending,err_0004,T2,unsupported_completion,oligo_family,True,unresolved,unresolved,pending,unresolved,,0
claude_pi,Claude + Pi,Claude,Pi,shared,dr_seq,DR-seq,pending,err_0005,T2,unsupported_completion,oligo_family,True,unresolved,unresolved,pending,unresolved,,0
claude_pi,Claude + Pi,Claude,Pi,shared,dr_seq,DR-seq,pending,err_0006,T2,workflow_or_topology_error,oligo_family,True,unresolved,unresolved,pending,unresolved,,0
claude_pi,Claude + Pi,Claude,Pi,shared,dr_seq,DR-seq,pending,err_0007,T3,unsupported_completion,state,True,unresolved,unresolved,pending,unresolved,,0
claude_pi,Claude + Pi,Claude,Pi,shared,dr_seq,DR-seq,pending,err_0008,T3,unsupported_completion,state,True,unresolved,unresolved,pending,unresolved,,0
claude_pi,Claude + Pi,Claude,Pi,shared,dr_seq,DR-seq,pending,err_0009,T3,unsupported_completion,transition,True,unresolved,unresolved,pending,unresolved,,0
claude_pi,Claude + Pi,Claude,Pi,shared,dr_seq,DR-seq,pending,err_0010,T3,unsupported_completion,transition,True,unresolved,unresolved,pending,unresolved,,0
claude_pi,Claude + Pi,Claude,Pi,shared,dr_seq,DR-seq,pending,err_0011,T3,workflow_or_topology_error,terminal_output,True,unresolved,unresolved,pending,unresolved,,0
claude_pi,Claude + Pi,Claude,Pi,shared,dr_seq,DR-seq,pending,err_0012,T3,workflow_or_topology_error,terminal_output,True,unresolved,unresolved,pending,unresolved,,0
claude_pi,Claude + Pi,Claude,Pi,shared,dr_seq,DR-seq,pending,err_0013,T3,molecular_state_or_assembly_error,state,True,unresolved,unresolved,pending,unresolved,,0
claude_pi,Claude + Pi,Claude,Pi,shared,dr_seq,DR-seq,pending,err_0014,T3,molecular_state_or_assembly_error,state,True,unresolved,unresolved,pending,unresolved,,0
claude_pi,Claude + Pi,Claude,Pi,shared,dr_seq,DR-seq,pending,err_0015,T3,molecular_state_or_assembly_error,state,True,unresolved,unresolved,pending,unresolved,,0
claude_pi,Claude + Pi,Claude,Pi,shared,dr_seq,DR-seq,pending,err_0016,T3,molecular_state_or_assembly_error,state,True,unresolved,unresolved,pending,unresolved,,0
claude_pi,Claude + Pi,Claude,Pi,shared,dr_seq,DR-seq,pending,err_0017,T3,molecular_state_or_assembly_error,state,True,unresolved,unresolved,pending,unresolved,,0
claude_pi,Claude + Pi,Claude,Pi,shared,dr_seq,DR-seq,pending,err_0018,T3,molecular_state_or_assembly_error,state,True,unresolved,unresolved,pending,unresolved,,0
claude_pi,Claude + Pi,Claude,Pi,shared,dr_seq,DR-seq,pending,err_0019,T3,molecular_state_or_assembly_error,state,True,unresolved,unresolved,pending,unresolved,,0
claude_pi,Claude + Pi,Claude,Pi,shared,dr_seq,DR-seq,pending,err_0020,T3,molecular_state_or_assembly_error,state,True,unresolved,unresolved,pending,unresolved,,0
claude_pi,Claude + Pi,Claude,Pi,shared,dr_seq,DR-seq,pending,err_0021,T3,molecular_state_or_assembly_error,state,True,unresolved,unresolved,pending,unresolved,,0
claude_pi,Claude + Pi,Claude,Pi,shared,dr_seq,DR-seq,pending,err_0022,T3,molecular_state_or_assembly_error,state,True,unresolved,unresolved,pending,unresolved,,0
claude_pi,Claude + Pi,Claude,Pi,shared,dr_seq,DR-seq,pending,err_0023,T3,molecular_state_or_assembly_error,state,True,unresolved,unresolved,pending,unresolved,,0
claude_pi,Claude + Pi,Claude,Pi,shared,dr_seq,DR-seq,pending,err_0024,T3,molecular_state_or_assembly_error,state,True,unresolved,unresolved,pending,unresolved,,0
claude_pi,Claude + Pi,Claude,Pi,shared,dr_seq,DR-seq,pending,err_0025,T3,molecular_state_or_assembly_error,state,True,unresolved,unresolved,pending,unresolved,,0
claude_pi,Claude + Pi,Claude,Pi,shared,dr_seq,DR-seq,pending,err_0026,T3,molecular_state_or_assembly_error,state,True,unresolved,unresolved,pending,unresolved,,0
claude_pi,Claude + Pi,Claude,Pi,shared,dr_seq,DR-seq,pending,err_0027,T3,operation_error,transition,True,unresolved,unresolved,pending,unresolved,,0
claude_pi,Claude + Pi,Claude,Pi,shared,dr_seq,DR-seq,pending,err_0028,T3,workflow_or_topology_error,transition,True,unresolved,unresolved,pending,unresolved,,0
claude_pi,Claude + Pi,Claude,Pi,shared,dr_seq,DR-seq,pending,err_0029,T3,workflow_or_topology_error,transition,True,unresolved,unresolved,pending,unresolved,,0
claude_pi,Claude + Pi,Claude,Pi,shared,dr_seq,DR-seq,pending,err_0030,T3,workflow_or_topology_error,transition,True,unresolved,unresolved,pending,unresolved,,0
claude_pi,Claude + Pi,Claude,Pi,shared,dr_seq,DR-seq,pending,err_0031,T3,workflow_or_topology_error,transition,True,unresolved,unresolved,pending,unresolved,,0
claude_pi,Claude + Pi,Claude,Pi,shared,dr_seq,DR-seq,pending,err_0032,T3,workflow_or_topology_error,transition,True,unresolved,unresolved,pending,unresolved,,0
claude_pi,Claude + Pi,Claude,Pi,shared,dr_seq,DR-seq,pending,err_0033,T3,operation_error,transition,True,unresolved,unresolved,pending,unresolved,,0
claude_pi,Claude + Pi,Claude,Pi,shared,dr_seq,DR-seq,pending,err_0034,T3,workflow_or_topology_error,transition,True,unresolved,unresolved,pending,unresolved,,0
claude_pi,Claude + Pi,Claude,Pi,shared,dr_seq,DR-seq,pending,err_0035,T3,workflow_or_topology_error,transition,True,unresolved,unresolved,pending,unresolved,,0
claude_pi,Claude + Pi,Claude,Pi,shared,dr_seq,DR-seq,pending,err_0036,T3,workflow_or_topology_error,transition,True,unresolved,unresolved,pending,unresolved,,0
claude_pi,Claude + Pi,Claude,Pi,shared,dr_seq,DR-seq,pending,err_0037,T3,operation_error,transition,True,unresolved,unresolved,pending,unresolved,,0
claude_pi,Claude + Pi,Claude,Pi,shared,dr_seq,DR-seq,pending,err_0038,T3,workflow_or_topology_error,transition,True,unresolved,unresolved,pending,unresolved,,0
claude_pi,Claude + Pi,Claude,Pi,shared,dr_seq,DR-seq,pending,err_0039,T3,workflow_or_topology_error,typed_edge,True,unresolved,unresolved,pending,unresolved,,0
claude_pi,Claude + Pi,Claude,Pi,shared,dr_seq,DR-seq,pending,err_0040,T3,workflow_or_topology_error,typed_edge,True,unresolved,unresolved,pending,unresolved,,0
claude_pi,Claude + Pi,Claude,Pi,shared,dr_seq,DR-seq,pending,err_0041,T3,workflow_or_topology_error,typed_edge,True,unresolved,unresolved,pending,unresolved,,0
claude_pi,Claude + Pi,Claude,Pi,shared,dr_seq,DR-seq,pending,err_0042,T3,workflow_or_topology_error,typed_edge,True,unresolved,unresolved,pending,unresolved,,0
claude_pi,Claude + Pi,Claude,Pi,shared,dr_seq,DR-seq,pending,err_0043,T3,workflow_or_topology_error,typed_edge,True,unresolved,unresolved,pending,unresolved,,0
claude_pi,Claude + Pi,Claude,Pi,shared,dr_seq,DR-seq,pending,err_0044,T3,workflow_or_topology_error,typed_edge,True,unresolved,unresolved,pending,unresolved,,0
claude_pi,Claude + Pi,Claude,Pi,shared,dr_seq,DR-seq,pending,err_0045,T3,workflow_or_topology_error,typed_edge,True,unresolved,unresolved,pending,unresolved,,0
claude_pi,Claude + Pi,Claude,Pi,shared,dr_seq,DR-seq,pending,err_0046,T3,workflow_or_topology_error,typed_edge,True,unresolved,unresolved,pending,unresolved,,0
claude_pi,Claude + Pi,Claude,Pi,shared,dr_seq,DR-seq,pending,err_0047,T3,workflow_or_topology_error,typed_edge,True,unresolved,unresolved,pending,unresolved,,0
claude_pi,Claude + Pi,Claude,Pi,shared,dr_seq,DR-seq,pending,err_0048,T3,workflow_or_topology_error,typed_edge,True,unresolved,unresolved,pending,unresolved,,0
claude_pi,Claude + Pi,Claude,Pi,shared,dr_seq,DR-seq,pending,err_0049,T3,workflow_or_topology_error,typed_edge,True,unresolved,unresolved,pending,unresolved,,0
claude_pi,Claude + Pi,Claude,Pi,shared,dr_seq,DR-seq,pending,err_0050,T3,workflow_or_topology_error,typed_edge,True,unresolved,unresolved,pending,unresolved,,0
claude_pi,Claude + Pi,Claude,Pi,shared,dr_seq,DR-seq,pending,err_0051,T3,workflow_or_topology_error,typed_edge,True,unresolved,unresolved,pending,unresolved,,0
claude_pi,Claude + Pi,Claude,Pi,shared,dr_seq,DR-seq,pending,err_0052,T3,workflow_or_topology_error,typed_edge,True,unresolved,unresolved,pending,unresolved,,0
claude_pi,Claude + Pi,Claude,Pi,shared,dr_seq,DR-seq,pending,err_0053,T3,workflow_or_topology_error,typed_edge,True,unresolved,unresolved,pending,unresolved,,0
claude_pi,Claude + Pi,Claude,Pi,shared,dr_seq,DR-seq,pending,err_0054,T3,workflow_or_topology_error,typed_edge,True,unresolved,unresolved,pending,unresolved,,0
claude_pi,Claude + Pi,Claude,Pi,shared,dr_seq,DR-seq,pending,err_0055,T3,workflow_or_topology_error,typed_edge,True,unresolved,unresolved,pending,unresolved,,0
claude_pi,Claude + Pi,Claude,Pi,shared,dr_seq,DR-seq,pending,err_0056,T3,workflow_or_topology_error,typed_edge,True,unresolved,unresolved,pending,unresolved,,0
claude_pi,Claude + Pi,Claude,Pi,shared,dr_seq,DR-seq,pending,err_0057,T3,workflow_or_topology_error,typed_edge,True,unresolved,unresolved,pending,unresolved,,0
claude_pi,Claude + Pi,Claude,Pi,shared,dr_seq,DR-seq,pending,err_0058,T3,workflow_or_topology_error,typed_edge,True,unresolved,unresolved,pending,unresolved,,0
claude_pi,Claude + Pi,Claude,Pi,shared,dr_seq,DR-seq,pending,err_0059,T3,workflow_or_topology_error,typed_edge,True,unresolved,unresolved,pending,unresolved,,0
claude_pi,Claude + Pi,Claude,Pi,shared,dr_seq,DR-seq,pending,err_0060,T3,workflow_or_topology_error,typed_edge,True,unresolved,unresolved,pending,unresolved,,0
claude_pi,Claude + Pi,Claude,Pi,shared,dr_seq,DR-seq,pending,err_0061,T3,workflow_or_topology_error,typed_edge,True,unresolved,unresolved,pending,unresolved,,0
claude_pi,Claude + Pi,Claude,Pi,shared,dr_seq,DR-seq,pending,err_0062,T3,workflow_or_topology_error,typed_edge,True,unresolved,unresolved,pending,unresolved,,0
claude_pi,Claude + Pi,Claude,Pi,shared,dr_seq,DR-seq,pending,err_0063,T3,workflow_or_topology_error,typed_edge,True,unresolved,unresolved,pending,unresolved,,0
claude_pi,Claude + Pi,Claude,Pi,shared,dr_seq,DR-seq,pending,err_0064,T3,workflow_or_topology_error,typed_edge,True,unresolved,unresolved,pending,unresolved,,0
claude_pi,Claude + Pi,Claude,Pi,shared,indrop_v1,inDrop v1,pending,err_0001,T2,unsupported_completion,oligo_family,True,unresolved,unresolved,pending,unresolved,,0
claude_pi,Claude + Pi,Claude,Pi,shared,indrop_v1,inDrop v1,pending,err_0002,T2,unsupported_completion,oligo_family,True,unresolved,unresolved,pending,unresolved,,0
claude_pi,Claude + Pi,Claude,Pi,shared,indrop_v1,inDrop v1,pending,err_0003,T2,unsupported_completion,oligo_family,True,unresolved,unresolved,pending,unresolved,,0
claude_pi,Claude + Pi,Claude,Pi,shared,indrop_v1,inDrop v1,pending,err_0004,T2,unsupported_completion,oligo_family,True,unresolved,unresolved,pending,unresolved,,0
claude_pi,Claude + Pi,Claude,Pi,shared,indrop_v1,inDrop v1,pending,err_0005,T2,missing_recoverable_information,oligo_family,True,unresolved,unresolved,pending,unresolved,,0
claude_pi,Claude + Pi,Claude,Pi,shared,indrop_v1,inDrop v1,pending,err_0006,T2,molecular_state_or_assembly_error,oligo_family,True,unresolved,unresolved,pending,unresolved,,0
claude_pi,Claude + Pi,Claude,Pi,shared,indrop_v1,inDrop v1,pending,err_0007,T2,workflow_or_topology_error,oligo_family,True,unresolved,unresolved,pending,unresolved,,0
claude_pi,Claude + Pi,Claude,Pi,shared,indrop_v1,inDrop v1,pending,err_0008,T2,missing_recoverable_information,oligo_family,True,unresolved,unresolved,pending,unresolved,,0
claude_pi,Claude + Pi,Claude,Pi,shared,indrop_v1,inDrop v1,pending,err_0009,T2,workflow_or_topology_error,oligo_family,True,unresolved,unresolved,pending,unresolved,,0
claude_pi,Claude + Pi,Claude,Pi,shared,indrop_v1,inDrop v1,pending,err_0010,T2,missing_recoverable_information,oligo_family,True,unresolved,unresolved,pending,unresolved,,0
claude_pi,Claude + Pi,Claude,Pi,shared,indrop_v1,inDrop v1,pending,err_0011,T2,workflow_or_topology_error,oligo_family,True,unresolved,unresolved,pending,unresolved,,0
claude_pi,Claude + Pi,Claude,Pi,shared,indrop_v1,inDrop v1,pending,err_0012,T2,workflow_or_topology_error,oligo_family,True,unresolved,unresolved,pending,unresolved,,0
claude_pi,Claude + Pi,Claude,Pi,shared,indrop_v1,inDrop v1,pending,err_0013,T2,workflow_or_topology_error,oligo_family,True,unresolved,unresolved,pending,unresolved,,0
claude_pi,Claude + Pi,Claude,Pi,shared,indrop_v1,inDrop v1,pending,err_0014,T2,molecular_state_or_assembly_error,oligo_family,True,unresolved,unresolved,pending,unresolved,,0
claude_pi,Claude + Pi,Claude,Pi,shared,indrop_v1,inDrop v1,pending,err_0015,T2,workflow_or_topology_error,oligo_family,True,unresolved,unresolved,pending,unresolved,,0
claude_pi,Claude + Pi,Claude,Pi,shared,indrop_v1,inDrop v1,pending,err_0016,T2,molecular_state_or_assembly_error,oligo_family,True,unresolved,unresolved,pending,unresolved,,0
claude_pi,Claude + Pi,Claude,Pi,shared,indrop_v1,inDrop v1,pending,err_0017,T2,workflow_or_topology_error,oligo_family,True,unresolved,unresolved,pending,unresolved,,0
claude_pi,Claude + Pi,Claude,Pi,shared,indrop_v1,inDrop v1,pending,err_0018,T3,unsupported_completion,state,True,unresolved,unresolved,pending,unresolved,,0
claude_pi,Claude + Pi,Claude,Pi,shared,indrop_v1,inDrop v1,pending,err_0019,T3,unsupported_completion,transition,True,unresolved,unresolved,pending,unresolved,,0
claude_pi,Claude + Pi,Claude,Pi,shared,indrop_v1,inDrop v1,pending,err_0020,T3,molecular_state_or_assembly_error,state,True,unresolved,unresolved,pending,unresolved,,0
claude_pi,Claude + Pi,Claude,Pi,shared,indrop_v1,inDrop v1,pending,err_0021,T3,molecular_state_or_assembly_error,state,True,unresolved,unresolved,pending,unresolved,,0
claude_pi,Claude + Pi,Claude,Pi,shared,indrop_v1,inDrop v1,pending,err_0022,T3,molecular_state_or_assembly_error,state,True,unresolved,unresolved,pending,unresolved,,0
claude_pi,Claude + Pi,Claude,Pi,shared,indrop_v1,inDrop v1,pending,err_0023,T3,molecular_state_or_assembly_error,state,True,unresolved,unresolved,pending,unresolved,,0
claude_pi,Claude + Pi,Claude,Pi,shared,indrop_v1,inDrop v1,pending,err_0024,T3,molecular_state_or_assembly_error,state,True,unresolved,unresolved,pending,unresolved,,0
claude_pi,Claude + Pi,Claude,Pi,shared,indrop_v1,inDrop v1,pending,err_0025,T3,molecular_state_or_assembly_error,state,True,unresolved,unresolved,pending,unresolved,,0
claude_pi,Claude + Pi,Claude,Pi,shared,indrop_v1,inDrop v1,pending,err_0026,T3,molecular_state_or_assembly_error,state,True,unresolved,unresolved,pending,unresolved,,0
claude_pi,Claude + Pi,Claude,Pi,shared,indrop_v1,inDrop v1,pending,err_0027,T3,workflow_or_topology_error,transition,True,unresolved,unresolved,pending,unresolved,,0
claude_pi,Claude + Pi,Claude,Pi,shared,indrop_v1,inDrop v1,pending,err_0028,T3,workflow_or_topology_error,transition,True,unresolved,unresolved,pending,unresolved,,0
claude_pi,Claude + Pi,Claude,Pi,shared,indrop_v1,inDrop v1,pending,err_0029,T3,workflow_or_topology_error,transition,True,unresolved,unresolved,pending,unresolved,,0
claude_pi,Claude + Pi,Claude,Pi,shared,indrop_v1,inDrop v1,pending,err_0030,T3,workflow_or_topology_error,transition,True,unresolved,unresolved,pending,unresolved,,0
claude_pi,Claude + Pi,Claude,Pi,shared,indrop_v1,inDrop v1,pending,err_0031,T3,workflow_or_topology_error,typed_edge,True,unresolved,unresolved,pending,unresolved,,0
claude_pi,Claude + Pi,Claude,Pi,shared,indrop_v1,inDrop v1,pending,err_0032,T3,workflow_or_topology_error,typed_edge,True,unresolved,unresolved,pending,unresolved,,0
claude_pi,Claude + Pi,Claude,Pi,shared,indrop_v1,inDrop v1,pending,err_0033,T3,workflow_or_topology_error,typed_edge,True,unresolved,unresolved,pending,unresolved,,0
claude_pi,Claude + Pi,Claude,Pi,shared,indrop_v1,inDrop v1,pending,err_0034,T3,workflow_or_topology_error,typed_edge,True,unresolved,unresolved,pending,unresolved,,0
claude_pi,Claude + Pi,Claude,Pi,shared,indrop_v1,inDrop v1,pending,err_0035,T3,workflow_or_topology_error,typed_edge,True,unresolved,unresolved,pending,unresolved,,0
claude_pi,Claude + Pi,Claude,Pi,shared,indrop_v1,inDrop v1,pending,err_0036,T3,workflow_or_topology_error,typed_edge,True,unresolved,unresolved,pending,unresolved,,0
claude_pi,Claude + Pi,Claude,Pi,shared,indrop_v1,inDrop v1,pending,err_0037,T3,workflow_or_topology_error,typed_edge,True,unresolved,unresolved,pending,unresolved,,0
claude_pi,Claude + Pi,Claude,Pi,shared,indrop_v1,inDrop v1,pending,err_0038,T3,workflow_or_topology_error,typed_edge,True,unresolved,unresolved,pending,unresolved,,0
claude_pi,Claude + Pi,Claude,Pi,shared,petri_seq,PETRI-seq,pending,err_0001,T2,unsupported_completion,oligo_family,True,unresolved,unresolved,pending,unresolved,,0
claude_pi,Claude + Pi,Claude,Pi,shared,petri_seq,PETRI-seq,pending,err_0002,T2,molecular_state_or_assembly_error,oligo_family,True,unresolved,unresolved,pending,unresolved,,0
claude_pi,Claude + Pi,Claude,Pi,shared,petri_seq,PETRI-seq,pending,err_0003,T2,workflow_or_topology_error,oligo_family,True,unresolved,unresolved,pending,unresolved,,0
claude_pi,Claude + Pi,Claude,Pi,shared,petri_seq,PETRI-seq,pending,err_0004,T2,molecular_state_or_assembly_error,oligo_family,True,unresolved,unresolved,pending,unresolved,,0
claude_pi,Claude + Pi,Claude,Pi,shared,petri_seq,PETRI-seq,pending,err_0005,T2,workflow_or_topology_error,oligo_family,True,unresolved,unresolved,pending,unresolved,,0
claude_pi,Claude + Pi,Claude,Pi,shared,petri_seq,PETRI-seq,pending,err_0006,T2,molecular_state_or_assembly_error,oligo_family,True,unresolved,unresolved,pending,unresolved,,0
claude_pi,Claude + Pi,Claude,Pi,shared,petri_seq,PETRI-seq,pending,err_0007,T2,workflow_or_topology_error,oligo_family,True,unresolved,unresolved,pending,unresolved,,0
claude_pi,Claude + Pi,Claude,Pi,shared,petri_seq,PETRI-seq,pending,err_0008,T2,workflow_or_topology_error,oligo_family,True,unresolved,unresolved,pending,unresolved,,0
claude_pi,Claude + Pi,Claude,Pi,shared,petri_seq,PETRI-seq,pending,err_0009,T2,missing_recoverable_information,oligo_family,True,unresolved,unresolved,pending,unresolved,,0
claude_pi,Claude + Pi,Claude,Pi,shared,petri_seq,PETRI-seq,pending,err_0010,T2,molecular_state_or_assembly_error,oligo_family,True,unresolved,unresolved,pending,unresolved,,0
claude_pi,Claude + Pi,Claude,Pi,shared,petri_seq,PETRI-seq,pending,err_0011,T2,workflow_or_topology_error,oligo_family,True,unresolved,unresolved,pending,unresolved,,0
claude_pi,Claude + Pi,Claude,Pi,shared,petri_seq,PETRI-seq,pending,err_0012,T2,missing_recoverable_information,oligo_family,True,unresolved,unresolved,pending,unresolved,,0
claude_pi,Claude + Pi,Claude,Pi,shared,petri_seq,PETRI-seq,pending,err_0013,T2,workflow_or_topology_error,oligo_family,True,unresolved,unresolved,pending,unresolved,,0
claude_pi,Claude + Pi,Claude,Pi,shared,petri_seq,PETRI-seq,pending,err_0014,T2,missing_recoverable_information,oligo_family,True,unresolved,unresolved,pending,unresolved,,0
claude_pi,Claude + Pi,Claude,Pi,shared,petri_seq,PETRI-seq,pending,err_0015,T2,workflow_or_topology_error,oligo_family,True,unresolved,unresolved,pending,unresolved,,0
claude_pi,Claude + Pi,Claude,Pi,shared,petri_seq,PETRI-seq,pending,err_0016,T3,unsupported_completion,state,True,unresolved,unresolved,pending,unresolved,,0
claude_pi,Claude + Pi,Claude,Pi,shared,petri_seq,PETRI-seq,pending,err_0017,T3,unsupported_completion,transition,True,unresolved,unresolved,pending,unresolved,,0
claude_pi,Claude + Pi,Claude,Pi,shared,petri_seq,PETRI-seq,pending,err_0018,T3,molecular_state_or_assembly_error,state,True,unresolved,unresolved,pending,unresolved,,0
claude_pi,Claude + Pi,Claude,Pi,shared,petri_seq,PETRI-seq,pending,err_0019,T3,molecular_state_or_assembly_error,state,True,unresolved,unresolved,pending,unresolved,,0
claude_pi,Claude + Pi,Claude,Pi,shared,petri_seq,PETRI-seq,pending,err_0020,T3,molecular_state_or_assembly_error,state,True,unresolved,unresolved,pending,unresolved,,0
claude_pi,Claude + Pi,Claude,Pi,shared,petri_seq,PETRI-seq,pending,err_0021,T3,molecular_state_or_assembly_error,state,True,unresolved,unresolved,pending,unresolved,,0
claude_pi,Claude + Pi,Claude,Pi,shared,petri_seq,PETRI-seq,pending,err_0022,T3,molecular_state_or_assembly_error,state,True,unresolved,unresolved,pending,unresolved,,0
claude_pi,Claude + Pi,Claude,Pi,shared,petri_seq,PETRI-seq,pending,err_0023,T3,molecular_state_or_assembly_error,state,True,unresolved,unresolved,pending,unresolved,,0
claude_pi,Claude + Pi,Claude,Pi,shared,petri_seq,PETRI-seq,pending,err_0024,T3,workflow_or_topology_error,transition,True,unresolved,unresolved,pending,unresolved,,0
claude_pi,Claude + Pi,Claude,Pi,shared,petri_seq,PETRI-seq,pending,err_0025,T3,workflow_or_topology_error,transition,True,unresolved,unresolved,pending,unresolved,,0
claude_pi,Claude + Pi,Claude,Pi,shared,petri_seq,PETRI-seq,pending,err_0026,T3,workflow_or_topology_error,transition,True,unresolved,unresolved,pending,unresolved,,0
claude_pi,Claude + Pi,Claude,Pi,shared,petri_seq,PETRI-seq,pending,err_0027,T3,workflow_or_topology_error,typed_edge,True,unresolved,unresolved,pending,unresolved,,0
claude_pi,Claude + Pi,Claude,Pi,shared,petri_seq,PETRI-seq,pending,err_0028,T3,workflow_or_topology_error,typed_edge,True,unresolved,unresolved,pending,unresolved,,0
claude_pi,Claude + Pi,Claude,Pi,shared,petri_seq,PETRI-seq,pending,err_0029,T3,workflow_or_topology_error,typed_edge,True,unresolved,unresolved,pending,unresolved,,0
claude_pi,Claude + Pi,Claude,Pi,shared,petri_seq,PETRI-seq,pending,err_0030,T3,workflow_or_topology_error,typed_edge,True,unresolved,unresolved,pending,unresolved,,0
claude_pi,Claude + Pi,Claude,Pi,shared,pip_seq_v4,PIP-seq v4,pending,err_0001,T2,unsupported_completion,oligo_family,True,unresolved,unresolved,pending,unresolved,,0
claude_pi,Claude + Pi,Claude,Pi,shared,pip_seq_v4,PIP-seq v4,pending,err_0002,T2,unsupported_completion,oligo_family,True,unresolved,unresolved,pending,unresolved,,0
claude_pi,Claude + Pi,Claude,Pi,shared,pip_seq_v4,PIP-seq v4,pending,err_0003,T2,unsupported_completion,oligo_family,True,unresolved,unresolved,pending,unresolved,,0
claude_pi,Claude + Pi,Claude,Pi,shared,pip_seq_v4,PIP-seq v4,pending,err_0004,T2,unsupported_completion,oligo_family,True,unresolved,unresolved,pending,unresolved,,0
claude_pi,Claude + Pi,Claude,Pi,shared,pip_seq_v4,PIP-seq v4,pending,err_0005,T2,missing_recoverable_information,oligo_family,True,unresolved,unresolved,pending,unresolved,,0
claude_pi,Claude + Pi,Claude,Pi,shared,pip_seq_v4,PIP-seq v4,pending,err_0006,T2,molecular_state_or_assembly_error,oligo_family,True,unresolved,unresolved,pending,unresolved,,0
claude_pi,Claude + Pi,Claude,Pi,shared,pip_seq_v4,PIP-seq v4,pending,err_0007,T2,workflow_or_topology_error,oligo_family,True,unresolved,unresolved,pending,unresolved,,0
claude_pi,Claude + Pi,Claude,Pi,shared,pip_seq_v4,PIP-seq v4,pending,err_0008,T2,molecular_state_or_assembly_error,oligo_family,True,unresolved,unresolved,pending,unresolved,,0
claude_pi,Claude + Pi,Claude,Pi,shared,pip_seq_v4,PIP-seq v4,pending,err_0009,T2,molecular_state_or_assembly_error,oligo_family,True,unresolved,unresolved,pending,unresolved,,0
claude_pi,Claude + Pi,Claude,Pi,shared,pip_seq_v4,PIP-seq v4,pending,err_0010,T2,workflow_or_topology_error,oligo_family,True,unresolved,unresolved,pending,unresolved,,0
claude_pi,Claude + Pi,Claude,Pi,shared,pip_seq_v4,PIP-seq v4,pending,err_0011,T2,molecular_state_or_assembly_error,oligo_family,True,unresolved,unresolved,pending,unresolved,,0
claude_pi,Claude + Pi,Claude,Pi,shared,pip_seq_v4,PIP-seq v4,pending,err_0012,T2,molecular_state_or_assembly_error,oligo_family,True,unresolved,unresolved,pending,unresolved,,0
claude_pi,Claude + Pi,Claude,Pi,shared,pip_seq_v4,PIP-seq v4,pending,err_0013,T2,workflow_or_topology_error,oligo_family,True,unresolved,unresolved,pending,unresolved,,0
claude_pi,Claude + Pi,Claude,Pi,shared,pip_seq_v4,PIP-seq v4,pending,err_0014,T3,unsupported_completion,state,True,unresolved,unresolved,pending,unresolved,,0
claude_pi,Claude + Pi,Claude,Pi,shared,pip_seq_v4,PIP-seq v4,pending,err_0015,T3,unsupported_completion,state,True,unresolved,unresolved,pending,unresolved,,0
claude_pi,Claude + Pi,Claude,Pi,shared,pip_seq_v4,PIP-seq v4,pending,err_0016,T3,unsupported_completion,transition,True,unresolved,unresolved,pending,unresolved,,0
claude_pi,Claude + Pi,Claude,Pi,shared,pip_seq_v4,PIP-seq v4,pending,err_0017,T3,unsupported_completion,transition,True,unresolved,unresolved,pending,unresolved,,0
claude_pi,Claude + Pi,Claude,Pi,shared,pip_seq_v4,PIP-seq v4,pending,err_0018,T3,unsupported_completion,terminal_output,True,unresolved,unresolved,pending,unresolved,,0
claude_pi,Claude + Pi,Claude,Pi,shared,pip_seq_v4,PIP-seq v4,pending,err_0019,T3,molecular_state_or_assembly_error,state,True,unresolved,unresolved,pending,unresolved,,0
claude_pi,Claude + Pi,Claude,Pi,shared,pip_seq_v4,PIP-seq v4,pending,err_0020,T3,molecular_state_or_assembly_error,state,True,unresolved,unresolved,pending,unresolved,,0
claude_pi,Claude + Pi,Claude,Pi,shared,pip_seq_v4,PIP-seq v4,pending,err_0021,T3,molecular_state_or_assembly_error,state,True,unresolved,unresolved,pending,unresolved,,0
claude_pi,Claude + Pi,Claude,Pi,shared,pip_seq_v4,PIP-seq v4,pending,err_0022,T3,molecular_state_or_assembly_error,state,True,unresolved,unresolved,pending,unresolved,,0
claude_pi,Claude + Pi,Claude,Pi,shared,pip_seq_v4,PIP-seq v4,pending,err_0023,T3,molecular_state_or_assembly_error,state,True,unresolved,unresolved,pending,unresolved,,0
claude_pi,Claude + Pi,Claude,Pi,shared,pip_seq_v4,PIP-seq v4,pending,err_0024,T3,molecular_state_or_assembly_error,state,True,unresolved,unresolved,pending,unresolved,,0
claude_pi,Claude + Pi,Claude,Pi,shared,pip_seq_v4,PIP-seq v4,pending,err_0025,T3,molecular_state_or_assembly_error,state,True,unresolved,unresolved,pending,unresolved,,0
claude_pi,Claude + Pi,Claude,Pi,shared,pip_seq_v4,PIP-seq v4,pending,err_0026,T3,molecular_state_or_assembly_error,state,True,unresolved,unresolved,pending,unresolved,,0
claude_pi,Claude + Pi,Claude,Pi,shared,pip_seq_v4,PIP-seq v4,pending,err_0027,T3,workflow_or_topology_error,transition,True,unresolved,unresolved,pending,unresolved,,0
claude_pi,Claude + Pi,Claude,Pi,shared,pip_seq_v4,PIP-seq v4,pending,err_0028,T3,workflow_or_topology_error,typed_edge,True,unresolved,unresolved,pending,unresolved,,0
claude_pi,Claude + Pi,Claude,Pi,shared,pip_seq_v4,PIP-seq v4,pending,err_0029,T3,workflow_or_topology_error,typed_edge,True,unresolved,unresolved,pending,unresolved,,0
claude_pi,Claude + Pi,Claude,Pi,shared,pip_seq_v4,PIP-seq v4,pending,err_0030,T3,workflow_or_topology_error,typed_edge,True,unresolved,unresolved,pending,unresolved,,0
claude_pi,Claude + Pi,Claude,Pi,shared,pip_seq_v4,PIP-seq v4,pending,err_0031,T3,workflow_or_topology_error,typed_edge,True,unresolved,unresolved,pending,unresolved,,0
claude_pi,Claude + Pi,Claude,Pi,shared,pip_seq_v4,PIP-seq v4,pending,err_0032,T3,workflow_or_topology_error,typed_edge,True,unresolved,unresolved,pending,unresolved,,0
claude_pi,Claude + Pi,Claude,Pi,shared,pip_seq_v4,PIP-seq v4,pending,err_0033,T3,workflow_or_topology_error,typed_edge,True,unresolved,unresolved,pending,unresolved,,0
claude_pi,Claude + Pi,Claude,Pi,shared,pip_seq_v4,PIP-seq v4,pending,err_0034,T3,workflow_or_topology_error,typed_edge,True,unresolved,unresolved,pending,unresolved,,0
claude_pi,Claude + Pi,Claude,Pi,shared,pip_seq_v4,PIP-seq v4,pending,err_0035,T3,workflow_or_topology_error,typed_edge,True,unresolved,unresolved,pending,unresolved,,0
claude_pi,Claude + Pi,Claude,Pi,shared,sci_atac_seq,sci-ATAC-seq,pending,err_0001,T2,unsupported_completion,oligo_family,True,unresolved,unresolved,pending,unresolved,,0
claude_pi,Claude + Pi,Claude,Pi,shared,sci_atac_seq,sci-ATAC-seq,pending,err_0002,T2,molecular_state_or_assembly_error,oligo_family,True,unresolved,unresolved,pending,unresolved,,0
claude_pi,Claude + Pi,Claude,Pi,shared,sci_atac_seq,sci-ATAC-seq,pending,err_0003,T2,molecular_state_or_assembly_error,oligo_family,True,unresolved,unresolved,pending,unresolved,,0
claude_pi,Claude + Pi,Claude,Pi,shared,sci_atac_seq,sci-ATAC-seq,pending,err_0004,T2,workflow_or_topology_error,oligo_family,True,unresolved,unresolved,pending,unresolved,,0
claude_pi,Claude + Pi,Claude,Pi,shared,sci_atac_seq,sci-ATAC-seq,pending,err_0005,T2,missing_recoverable_information,oligo_family,True,unresolved,unresolved,pending,unresolved,,0
claude_pi,Claude + Pi,Claude,Pi,shared,sci_atac_seq,sci-ATAC-seq,pending,err_0006,T2,missing_recoverable_information,oligo_family,True,unresolved,unresolved,pending,unresolved,,0
claude_pi,Claude + Pi,Claude,Pi,shared,sci_atac_seq,sci-ATAC-seq,pending,err_0007,T3,missing_recoverable_information,state,True,unresolved,unresolved,pending,unresolved,,0
claude_pi,Claude + Pi,Claude,Pi,shared,sci_atac_seq,sci-ATAC-seq,pending,err_0008,T3,missing_recoverable_information,state,True,unresolved,unresolved,pending,unresolved,,0
claude_pi,Claude + Pi,Claude,Pi,shared,sci_atac_seq,sci-ATAC-seq,pending,err_0009,T3,missing_recoverable_information,state,True,unresolved,unresolved,pending,unresolved,,0
claude_pi,Claude + Pi,Claude,Pi,shared,sci_atac_seq,sci-ATAC-seq,pending,err_0010,T3,missing_recoverable_information,state,True,unresolved,unresolved,pending,unresolved,,0
claude_pi,Claude + Pi,Claude,Pi,shared,sci_atac_seq,sci-ATAC-seq,pending,err_0011,T3,missing_recoverable_information,state,True,unresolved,unresolved,pending,unresolved,,0
claude_pi,Claude + Pi,Claude,Pi,shared,sci_atac_seq,sci-ATAC-seq,pending,err_0012,T3,missing_recoverable_information,state,True,unresolved,unresolved,pending,unresolved,,0
claude_pi,Claude + Pi,Claude,Pi,shared,sci_atac_seq,sci-ATAC-seq,pending,err_0013,T3,missing_recoverable_information,transition,True,unresolved,unresolved,pending,unresolved,,0
claude_pi,Claude + Pi,Claude,Pi,shared,sci_atac_seq,sci-ATAC-seq,pending,err_0014,T3,unsupported_completion,transition,True,unresolved,unresolved,pending,unresolved,,0
claude_pi,Claude + Pi,Claude,Pi,shared,sci_atac_seq,sci-ATAC-seq,pending,err_0015,T3,molecular_state_or_assembly_error,state,True,unresolved,unresolved,pending,unresolved,,0
claude_pi,Claude + Pi,Claude,Pi,shared,sci_atac_seq,sci-ATAC-seq,pending,err_0016,T3,molecular_state_or_assembly_error,state,True,unresolved,unresolved,pending,unresolved,,0
claude_pi,Claude + Pi,Claude,Pi,shared,sci_atac_seq,sci-ATAC-seq,pending,err_0017,T3,molecular_state_or_assembly_error,state,True,unresolved,unresolved,pending,unresolved,,0
claude_pi,Claude + Pi,Claude,Pi,shared,sci_atac_seq,sci-ATAC-seq,pending,err_0018,T3,molecular_state_or_assembly_error,state,True,unresolved,unresolved,pending,unresolved,,0
claude_pi,Claude + Pi,Claude,Pi,shared,sci_atac_seq,sci-ATAC-seq,pending,err_0019,T3,workflow_or_topology_error,transition,True,unresolved,unresolved,pending,unresolved,,0
claude_pi,Claude + Pi,Claude,Pi,shared,sci_atac_seq,sci-ATAC-seq,pending,err_0020,T3,workflow_or_topology_error,transition,True,unresolved,unresolved,pending,unresolved,,0
claude_pi,Claude + Pi,Claude,Pi,shared,sci_atac_seq,sci-ATAC-seq,pending,err_0021,T3,workflow_or_topology_error,typed_edge,True,unresolved,unresolved,pending,unresolved,,0
claude_pi,Claude + Pi,Claude,Pi,shared,sci_atac_seq,sci-ATAC-seq,pending,err_0022,T3,workflow_or_topology_error,typed_edge,True,unresolved,unresolved,pending,unresolved,,0
claude_pi,Claude + Pi,Claude,Pi,shared,sci_atac_seq,sci-ATAC-seq,pending,err_0023,T3,workflow_or_topology_error,typed_edge,True,unresolved,unresolved,pending,unresolved,,0
claude_pi,Claude + Pi,Claude,Pi,shared,sci_atac_seq,sci-ATAC-seq,pending,err_0024,T3,workflow_or_topology_error,typed_edge,True,unresolved,unresolved,pending,unresolved,,0
claude_pi,Claude + Pi,Claude,Pi,shared,sci_atac_seq,sci-ATAC-seq,pending,err_0025,T3,workflow_or_topology_error,typed_edge,True,unresolved,unresolved,pending,unresolved,,0
claude_pi,Claude + Pi,Claude,Pi,shared,sci_atac_seq,sci-ATAC-seq,pending,err_0026,T3,workflow_or_topology_error,typed_edge,True,unresolved,unresolved,pending,unresolved,,0
claude_pi,Claude + Pi,Claude,Pi,shared,sci_atac_seq,sci-ATAC-seq,pending,err_0027,T3,workflow_or_topology_error,typed_edge,True,unresolved,unresolved,pending,unresolved,,0
claude_pi,Claude + Pi,Claude,Pi,shared,sci_atac_seq,sci-ATAC-seq,pending,err_0028,T3,workflow_or_topology_error,typed_edge,True,unresolved,unresolved,pending,unresolved,,0
claude_pi,Claude + Pi,Claude,Pi,shared,sci_atac_seq,sci-ATAC-seq,pending,err_0029,T3,workflow_or_topology_error,typed_edge,True,unresolved,unresolved,pending,unresolved,,0
claude_pi,Claude + Pi,Claude,Pi,shared,sci_atac_seq,sci-ATAC-seq,pending,err_0030,T3,workflow_or_topology_error,typed_edge,True,unresolved,unresolved,pending,unresolved,,0
claude_pi,Claude + Pi,Claude,Pi,shared,sci_atac_seq,sci-ATAC-seq,pending,err_0031,T3,workflow_or_topology_error,typed_edge,True,unresolved,unresolved,pending,unresolved,,0
claude_pi,Claude + Pi,Claude,Pi,shared,sci_atac_seq,sci-ATAC-seq,pending,err_0032,T3,workflow_or_topology_error,typed_edge,True,unresolved,unresolved,pending,unresolved,,0
claude_pi,Claude + Pi,Claude,Pi,shared,sci_atac_seq,sci-ATAC-seq,pending,err_0033,T3,workflow_or_topology_error,typed_edge,True,unresolved,unresolved,pending,unresolved,,0
claude_pi,Claude + Pi,Claude,Pi,shared,scrrbs,scRRBS,pending,err_0001,T2,missing_recoverable_information,oligo_family,True,unresolved,unresolved,pending,unresolved,,0
claude_pi,Claude + Pi,Claude,Pi,shared,scrrbs,scRRBS,pending,err_0002,T2,molecular_state_or_assembly_error,oligo_family,True,unresolved,unresolved,pending,unresolved,,0
claude_pi,Claude + Pi,Claude,Pi,shared,scrrbs,scRRBS,pending,err_0003,T2,molecular_state_or_assembly_error,oligo_family,True,unresolved,unresolved,pending,unresolved,,0
claude_pi,Claude + Pi,Claude,Pi,shared,scrrbs,scRRBS,pending,err_0004,T2,missing_recoverable_information,oligo_family,True,unresolved,unresolved,pending,unresolved,,0
claude_pi,Claude + Pi,Claude,Pi,shared,scrrbs,scRRBS,pending,err_0005,T2,molecular_state_or_assembly_error,oligo_family,True,unresolved,unresolved,pending,unresolved,,0
claude_pi,Claude + Pi,Claude,Pi,shared,scrrbs,scRRBS,pending,err_0006,T2,molecular_state_or_assembly_error,oligo_family,True,unresolved,unresolved,pending,unresolved,,0
claude_pi,Claude + Pi,Claude,Pi,shared,scrrbs,scRRBS,pending,err_0007,T2,workflow_or_topology_error,oligo_family,True,unresolved,unresolved,pending,unresolved,,0
claude_pi,Claude + Pi,Claude,Pi,shared,scrrbs,scRRBS,pending,err_0008,T3,unsupported_completion,transition,True,unresolved,unresolved,pending,unresolved,,0
claude_pi,Claude + Pi,Claude,Pi,shared,scrrbs,scRRBS,pending,err_0009,T3,molecular_state_or_assembly_error,state,True,unresolved,unresolved,pending,unresolved,,0
claude_pi,Claude + Pi,Claude,Pi,shared,scrrbs,scRRBS,pending,err_0010,T3,molecular_state_or_assembly_error,state,True,unresolved,unresolved,pending,unresolved,,0
claude_pi,Claude + Pi,Claude,Pi,shared,scrrbs,scRRBS,pending,err_0011,T3,molecular_state_or_assembly_error,state,True,unresolved,unresolved,pending,unresolved,,0
claude_pi,Claude + Pi,Claude,Pi,shared,scrrbs,scRRBS,pending,err_0012,T3,molecular_state_or_assembly_error,state,True,unresolved,unresolved,pending,unresolved,,0
claude_pi,Claude + Pi,Claude,Pi,shared,scrrbs,scRRBS,pending,err_0013,T3,molecular_state_or_assembly_error,state,True,unresolved,unresolved,pending,unresolved,,0
claude_pi,Claude + Pi,Claude,Pi,shared,scrrbs,scRRBS,pending,err_0014,T3,molecular_state_or_assembly_error,state,True,unresolved,unresolved,pending,unresolved,,0
claude_pi,Claude + Pi,Claude,Pi,shared,scrrbs,scRRBS,pending,err_0015,T3,molecular_state_or_assembly_error,state,True,unresolved,unresolved,pending,unresolved,,0
claude_pi,Claude + Pi,Claude,Pi,shared,scrrbs,scRRBS,pending,err_0016,T3,workflow_or_topology_error,transition,True,unresolved,unresolved,pending,unresolved,,0
claude_pi,Claude + Pi,Claude,Pi,shared,scrrbs,scRRBS,pending,err_0017,T3,workflow_or_topology_error,transition,True,unresolved,unresolved,pending,unresolved,,0
claude_pi,Claude + Pi,Claude,Pi,shared,scrrbs,scRRBS,pending,err_0018,T3,workflow_or_topology_error,transition,True,unresolved,unresolved,pending,unresolved,,0
claude_pi,Claude + Pi,Claude,Pi,shared,scrrbs,scRRBS,pending,err_0019,T3,workflow_or_topology_error,typed_edge,True,unresolved,unresolved,pending,unresolved,,0
claude_pi,Claude + Pi,Claude,Pi,shared,scrrbs,scRRBS,pending,err_0020,T3,workflow_or_topology_error,typed_edge,True,unresolved,unresolved,pending,unresolved,,0
claude_pi,Claude + Pi,Claude,Pi,shared,scrrbs,scRRBS,pending,err_0021,T3,workflow_or_topology_error,typed_edge,True,unresolved,unresolved,pending,unresolved,,0
claude_pi,Claude + Pi,Claude,Pi,shared,scrrbs,scRRBS,pending,err_0022,T3,workflow_or_topology_error,typed_edge,True,unresolved,unresolved,pending,unresolved,,0
claude_pi,Claude + Pi,Claude,Pi,shared,scrrbs,scRRBS,pending,err_0023,T3,workflow_or_topology_error,typed_edge,True,unresolved,unresolved,pending,unresolved,,0
claude_pi,Claude + Pi,Claude,Pi,shared,scrrbs,scRRBS,pending,err_0024,T3,workflow_or_topology_error,typed_edge,True,unresolved,unresolved,pending,unresolved,,0
claude_pi,Claude + Pi,Claude,Pi,shared,share_seq,SHARE-seq,pending,err_0001,T2,workflow_or_topology_error,oligo_family,True,unresolved,unresolved,pending,unresolved,,0
claude_pi,Claude + Pi,Claude,Pi,shared,share_seq,SHARE-seq,pending,err_0002,T2,molecular_state_or_assembly_error,oligo_family,True,unresolved,unresolved,pending,unresolved,,0
claude_pi,Claude + Pi,Claude,Pi,shared,share_seq,SHARE-seq,pending,err_0003,T2,molecular_state_or_assembly_error,oligo_family,True,unresolved,unresolved,pending,unresolved,,0
claude_pi,Claude + Pi,Claude,Pi,shared,share_seq,SHARE-seq,pending,err_0004,T2,molecular_state_or_assembly_error,oligo_family,True,unresolved,unresolved,pending,unresolved,,0
claude_pi,Claude + Pi,Claude,Pi,shared,share_seq,SHARE-seq,pending,err_0005,T2,molecular_state_or_assembly_error,oligo_family,True,unresolved,unresolved,pending,unresolved,,0
claude_pi,Claude + Pi,Claude,Pi,shared,share_seq,SHARE-seq,pending,err_0006,T2,molecular_state_or_assembly_error,oligo_family,True,unresolved,unresolved,pending,unresolved,,0
claude_pi,Claude + Pi,Claude,Pi,shared,share_seq,SHARE-seq,pending,err_0007,T2,molecular_state_or_assembly_error,oligo_family,True,unresolved,unresolved,pending,unresolved,,0
claude_pi,Claude + Pi,Claude,Pi,shared,share_seq,SHARE-seq,pending,err_0008,T2,molecular_state_or_assembly_error,oligo_family,True,unresolved,unresolved,pending,unresolved,,0
claude_pi,Claude + Pi,Claude,Pi,shared,share_seq,SHARE-seq,pending,err_0009,T2,molecular_state_or_assembly_error,oligo_family,True,unresolved,unresolved,pending,unresolved,,0
claude_pi,Claude + Pi,Claude,Pi,shared,share_seq,SHARE-seq,pending,err_0010,T2,workflow_or_topology_error,oligo_family,True,unresolved,unresolved,pending,unresolved,,0
claude_pi,Claude + Pi,Claude,Pi,shared,share_seq,SHARE-seq,pending,err_0011,T2,molecular_state_or_assembly_error,oligo_family,True,unresolved,unresolved,pending,unresolved,,0
claude_pi,Claude + Pi,Claude,Pi,shared,share_seq,SHARE-seq,pending,err_0012,T3,unsupported_completion,state,True,unresolved,unresolved,pending,unresolved,,0
claude_pi,Claude + Pi,Claude,Pi,shared,share_seq,SHARE-seq,pending,err_0013,T3,unsupported_completion,state,True,unresolved,unresolved,pending,unresolved,,0
claude_pi,Claude + Pi,Claude,Pi,shared,share_seq,SHARE-seq,pending,err_0014,T3,unsupported_completion,transition,True,unresolved,unresolved,pending,unresolved,,0
claude_pi,Claude + Pi,Claude,Pi,shared,share_seq,SHARE-seq,pending,err_0015,T3,molecular_state_or_assembly_error,state,True,unresolved,unresolved,pending,unresolved,,0
claude_pi,Claude + Pi,Claude,Pi,shared,share_seq,SHARE-seq,pending,err_0016,T3,molecular_state_or_assembly_error,state,True,unresolved,unresolved,pending,unresolved,,0
claude_pi,Claude + Pi,Claude,Pi,shared,share_seq,SHARE-seq,pending,err_0017,T3,molecular_state_or_assembly_error,state,True,unresolved,unresolved,pending,unresolved,,0
claude_pi,Claude + Pi,Claude,Pi,shared,share_seq,SHARE-seq,pending,err_0018,T3,molecular_state_or_assembly_error,state,True,unresolved,unresolved,pending,unresolved,,0
claude_pi,Claude + Pi,Claude,Pi,shared,share_seq,SHARE-seq,pending,err_0019,T3,molecular_state_or_assembly_error,state,True,unresolved,unresolved,pending,unresolved,,0
claude_pi,Claude + Pi,Claude,Pi,shared,share_seq,SHARE-seq,pending,err_0020,T3,molecular_state_or_assembly_error,state,True,unresolved,unresolved,pending,unresolved,,0
claude_pi,Claude + Pi,Claude,Pi,shared,share_seq,SHARE-seq,pending,err_0021,T3,molecular_state_or_assembly_error,state,True,unresolved,unresolved,pending,unresolved,,0
claude_pi,Claude + Pi,Claude,Pi,shared,share_seq,SHARE-seq,pending,err_0022,T3,molecular_state_or_assembly_error,state,True,unresolved,unresolved,pending,unresolved,,0
claude_pi,Claude + Pi,Claude,Pi,shared,share_seq,SHARE-seq,pending,err_0023,T3,molecular_state_or_assembly_error,state,True,unresolved,unresolved,pending,unresolved,,0
claude_pi,Claude + Pi,Claude,Pi,shared,share_seq,SHARE-seq,pending,err_0024,T3,molecular_state_or_assembly_error,state,True,unresolved,unresolved,pending,unresolved,,0
claude_pi,Claude + Pi,Claude,Pi,shared,share_seq,SHARE-seq,pending,err_0025,T3,molecular_state_or_assembly_error,state,True,unresolved,unresolved,pending,unresolved,,0
claude_pi,Claude + Pi,Claude,Pi,shared,share_seq,SHARE-seq,pending,err_0026,T3,molecular_state_or_assembly_error,state,True,unresolved,unresolved,pending,unresolved,,0
claude_pi,Claude + Pi,Claude,Pi,shared,share_seq,SHARE-seq,pending,err_0027,T3,molecular_state_or_assembly_error,state,True,unresolved,unresolved,pending,unresolved,,0
claude_pi,Claude + Pi,Claude,Pi,shared,share_seq,SHARE-seq,pending,err_0028,T3,molecular_state_or_assembly_error,state,True,unresolved,unresolved,pending,unresolved,,0
claude_pi,Claude + Pi,Claude,Pi,shared,share_seq,SHARE-seq,pending,err_0029,T3,molecular_state_or_assembly_error,state,True,unresolved,unresolved,pending,unresolved,,0
claude_pi,Claude + Pi,Claude,Pi,shared,share_seq,SHARE-seq,pending,err_0030,T3,operation_error,transition,True,unresolved,unresolved,pending,unresolved,,0
claude_pi,Claude + Pi,Claude,Pi,shared,share_seq,SHARE-seq,pending,err_0031,T3,operation_error,transition,True,unresolved,unresolved,pending,unresolved,,0
claude_pi,Claude + Pi,Claude,Pi,shared,share_seq,SHARE-seq,pending,err_0032,T3,workflow_or_topology_error,transition,True,unresolved,unresolved,pending,unresolved,,0
claude_pi,Claude + Pi,Claude,Pi,shared,share_seq,SHARE-seq,pending,err_0033,T3,workflow_or_topology_error,transition,True,unresolved,unresolved,pending,unresolved,,0
claude_pi,Claude + Pi,Claude,Pi,shared,share_seq,SHARE-seq,pending,err_0034,T3,workflow_or_topology_error,transition,True,unresolved,unresolved,pending,unresolved,,0
claude_pi,Claude + Pi,Claude,Pi,shared,share_seq,SHARE-seq,pending,err_0035,T3,operation_error,transition,True,unresolved,unresolved,pending,unresolved,,0
claude_pi,Claude + Pi,Claude,Pi,shared,share_seq,SHARE-seq,pending,err_0036,T3,workflow_or_topology_error,typed_edge,True,unresolved,unresolved,pending,unresolved,,0
claude_pi,Claude + Pi,Claude,Pi,shared,share_seq,SHARE-seq,pending,err_0037,T3,workflow_or_topology_error,typed_edge,True,unresolved,unresolved,pending,unresolved,,0
claude_pi,Claude + Pi,Claude,Pi,shared,share_seq,SHARE-seq,pending,err_0038,T3,workflow_or_topology_error,typed_edge,True,unresolved,unresolved,pending,unresolved,,0
claude_pi,Claude + Pi,Claude,Pi,shared,share_seq,SHARE-seq,pending,err_0039,T3,workflow_or_topology_error,typed_edge,True,unresolved,unresolved,pending,unresolved,,0
claude_pi,Claude + Pi,Claude,Pi,shared,share_seq,SHARE-seq,pending,err_0040,T3,workflow_or_topology_error,typed_edge,True,unresolved,unresolved,pending,unresolved,,0
claude_pi,Claude + Pi,Claude,Pi,shared,share_seq,SHARE-seq,pending,err_0041,T3,workflow_or_topology_error,typed_edge,True,unresolved,unresolved,pending,unresolved,,0
claude_pi,Claude + Pi,Claude,Pi,shared,share_seq,SHARE-seq,pending,err_0042,T3,workflow_or_topology_error,typed_edge,True,unresolved,unresolved,pending,unresolved,,0
claude_pi,Claude + Pi,Claude,Pi,shared,share_seq,SHARE-seq,pending,err_0043,T3,workflow_or_topology_error,typed_edge,True,unresolved,unresolved,pending,unresolved,,0
claude_pi,Claude + Pi,Claude,Pi,shared,share_seq,SHARE-seq,pending,err_0044,T3,workflow_or_topology_error,typed_edge,True,unresolved,unresolved,pending,unresolved,,0
claude_pi,Claude + Pi,Claude,Pi,shared,share_seq,SHARE-seq,pending,err_0045,T3,workflow_or_topology_error,typed_edge,True,unresolved,unresolved,pending,unresolved,,0
claude_pi,Claude + Pi,Claude,Pi,shared,share_seq,SHARE-seq,pending,err_0046,T3,workflow_or_topology_error,typed_edge,True,unresolved,unresolved,pending,unresolved,,0
claude_pi,Claude + Pi,Claude,Pi,shared,share_seq,SHARE-seq,pending,err_0047,T3,workflow_or_topology_error,typed_edge,True,unresolved,unresolved,pending,unresolved,,0
claude_pi,Claude + Pi,Claude,Pi,shared,share_seq,SHARE-seq,pending,err_0048,T3,workflow_or_topology_error,typed_edge,True,unresolved,unresolved,pending,unresolved,,0
claude_pi,Claude + Pi,Claude,Pi,shared,share_seq,SHARE-seq,pending,err_0049,T3,workflow_or_topology_error,typed_edge,True,unresolved,unresolved,pending,unresolved,,0
claude_pi,Claude + Pi,Claude,Pi,shared,share_seq,SHARE-seq,pending,err_0050,T3,workflow_or_topology_error,typed_edge,True,unresolved,unresolved,pending,unresolved,,0
claude_pi,Claude + Pi,Claude,Pi,shared,share_seq,SHARE-seq,pending,err_0051,T3,workflow_or_topology_error,typed_edge,True,unresolved,unresolved,pending,unresolved,,0
claude_pi,Claude + Pi,Claude,Pi,shared,smart_seq,SMART-seq,pending,err_0001,T2,unsupported_completion,oligo_family,True,unresolved,unresolved,pending,unresolved,,0
claude_pi,Claude + Pi,Claude,Pi,shared,smart_seq,SMART-seq,pending,err_0002,T2,unsupported_completion,oligo_family,True,unresolved,unresolved,pending,unresolved,,0
claude_pi,Claude + Pi,Claude,Pi,shared,smart_seq,SMART-seq,pending,err_0003,T2,unsupported_completion,oligo_family,True,unresolved,unresolved,pending,unresolved,,0
claude_pi,Claude + Pi,Claude,Pi,shared,smart_seq,SMART-seq,pending,err_0004,T2,unsupported_completion,oligo_family,True,unresolved,unresolved,pending,unresolved,,0
claude_pi,Claude + Pi,Claude,Pi,shared,smart_seq,SMART-seq,pending,err_0005,T2,molecular_state_or_assembly_error,oligo_family,True,unresolved,unresolved,pending,unresolved,,0
claude_pi,Claude + Pi,Claude,Pi,shared,smart_seq,SMART-seq,pending,err_0006,T2,molecular_state_or_assembly_error,oligo_family,True,unresolved,unresolved,pending,unresolved,,0
claude_pi,Claude + Pi,Claude,Pi,shared,smart_seq,SMART-seq,pending,err_0007,T2,molecular_state_or_assembly_error,oligo_family,True,unresolved,unresolved,pending,unresolved,,0
claude_pi,Claude + Pi,Claude,Pi,shared,smart_seq,SMART-seq,pending,err_0008,T3,molecular_state_or_assembly_error,state,True,unresolved,unresolved,pending,unresolved,,0
claude_pi,Claude + Pi,Claude,Pi,shared,smart_seq,SMART-seq,pending,err_0009,T3,molecular_state_or_assembly_error,state,True,unresolved,unresolved,pending,unresolved,,0
claude_pi,Claude + Pi,Claude,Pi,shared,smart_seq,SMART-seq,pending,err_0010,T3,molecular_state_or_assembly_error,state,True,unresolved,unresolved,pending,unresolved,,0
claude_pi,Claude + Pi,Claude,Pi,shared,smart_seq,SMART-seq,pending,err_0011,T3,molecular_state_or_assembly_error,state,True,unresolved,unresolved,pending,unresolved,,0
claude_pi,Claude + Pi,Claude,Pi,shared,smart_seq,SMART-seq,pending,err_0012,T3,molecular_state_or_assembly_error,state,True,unresolved,unresolved,pending,unresolved,,0
claude_pi,Claude + Pi,Claude,Pi,shared,smart_seq,SMART-seq,pending,err_0013,T3,molecular_state_or_assembly_error,state,True,unresolved,unresolved,pending,unresolved,,0
claude_pi,Claude + Pi,Claude,Pi,shared,smart_seq,SMART-seq,pending,err_0014,T3,workflow_or_topology_error,transition,True,unresolved,unresolved,pending,unresolved,,0
claude_pi,Claude + Pi,Claude,Pi,shared,smart_seq,SMART-seq,pending,err_0015,T3,workflow_or_topology_error,transition,True,unresolved,unresolved,pending,unresolved,,0
claude_pi,Claude + Pi,Claude,Pi,shared,smart_seq,SMART-seq,pending,err_0016,T3,workflow_or_topology_error,transition,True,unresolved,unresolved,pending,unresolved,,0
claude_pi,Claude + Pi,Claude,Pi,shared,smart_seq,SMART-seq,pending,err_0017,T3,workflow_or_topology_error,transition,True,unresolved,unresolved,pending,unresolved,,0
claude_pi,Claude + Pi,Claude,Pi,shared,smart_seq,SMART-seq,pending,err_0018,T3,workflow_or_topology_error,transition,True,unresolved,unresolved,pending,unresolved,,0
claude_pi,Claude + Pi,Claude,Pi,shared,smart_seq,SMART-seq,pending,err_0019,T3,workflow_or_topology_error,typed_edge,True,unresolved,unresolved,pending,unresolved,,0
claude_pi,Claude + Pi,Claude,Pi,shared,smart_seq,SMART-seq,pending,err_0020,T3,workflow_or_topology_error,typed_edge,True,unresolved,unresolved,pending,unresolved,,0
claude_pi,Claude + Pi,Claude,Pi,shared,smart_seq,SMART-seq,pending,err_0021,T3,workflow_or_topology_error,typed_edge,True,unresolved,unresolved,pending,unresolved,,0
claude_pi,Claude + Pi,Claude,Pi,shared,smart_seq,SMART-seq,pending,err_0022,T3,workflow_or_topology_error,typed_edge,True,unresolved,unresolved,pending,unresolved,,0
claude_pi,Claude + Pi,Claude,Pi,shared,smart_seq,SMART-seq,pending,err_0023,T3,workflow_or_topology_error,typed_edge,True,unresolved,unresolved,pending,unresolved,,0
claude_pi,Claude + Pi,Claude,Pi,shared,smart_seq,SMART-seq,pending,err_0024,T3,workflow_or_topology_error,typed_edge,True,unresolved,unresolved,pending,unresolved,,0
claude_mini_swe,Claude + mini-SWE,Claude,mini-SWE,shared,10x_chromium_3_gene_expression_v4,10x 3' GEX v4,pending,err_0001,T2,unsupported_completion,oligo_family,True,unresolved,unresolved,pending,unresolved,,0
claude_mini_swe,Claude + mini-SWE,Claude,mini-SWE,shared,10x_chromium_3_gene_expression_v4,10x 3' GEX v4,pending,err_0002,T2,unsupported_completion,oligo_family,True,unresolved,unresolved,pending,unresolved,,0
claude_mini_swe,Claude + mini-SWE,Claude,mini-SWE,shared,10x_chromium_3_gene_expression_v4,10x 3' GEX v4,pending,err_0003,T2,unsupported_completion,oligo_family,True,unresolved,unresolved,pending,unresolved,,0
claude_mini_swe,Claude + mini-SWE,Claude,mini-SWE,shared,10x_chromium_3_gene_expression_v4,10x 3' GEX v4,pending,err_0004,T2,unsupported_completion,oligo_family,True,unresolved,unresolved,pending,unresolved,,0
claude_mini_swe,Claude + mini-SWE,Claude,mini-SWE,shared,10x_chromium_3_gene_expression_v4,10x 3' GEX v4,pending,err_0005,T2,molecular_state_or_assembly_error,oligo_family,True,unresolved,unresolved,pending,unresolved,,0
claude_mini_swe,Claude + mini-SWE,Claude,mini-SWE,shared,10x_chromium_3_gene_expression_v4,10x 3' GEX v4,pending,err_0006,T2,molecular_state_or_assembly_error,oligo_family,True,unresolved,unresolved,pending,unresolved,,0
claude_mini_swe,Claude + mini-SWE,Claude,mini-SWE,shared,10x_chromium_3_gene_expression_v4,10x 3' GEX v4,pending,err_0007,T2,workflow_or_topology_error,oligo_family,True,unresolved,unresolved,pending,unresolved,,0
claude_mini_swe,Claude + mini-SWE,Claude,mini-SWE,shared,10x_chromium_3_gene_expression_v4,10x 3' GEX v4,pending,err_0008,T2,molecular_state_or_assembly_error,oligo_family,True,unresolved,unresolved,pending,unresolved,,0
claude_mini_swe,Claude + mini-SWE,Claude,mini-SWE,shared,10x_chromium_3_gene_expression_v4,10x 3' GEX v4,pending,err_0009,T2,molecular_state_or_assembly_error,oligo_family,True,unresolved,unresolved,pending,unresolved,,0
claude_mini_swe,Claude + mini-SWE,Claude,mini-SWE,shared,10x_chromium_3_gene_expression_v4,10x 3' GEX v4,pending,err_0010,T2,workflow_or_topology_error,oligo_family,True,unresolved,unresolved,pending,unresolved,,0
claude_mini_swe,Claude + mini-SWE,Claude,mini-SWE,shared,10x_chromium_3_gene_expression_v4,10x 3' GEX v4,pending,err_0011,T3,molecular_state_or_assembly_error,state,True,unresolved,unresolved,pending,unresolved,,0
claude_mini_swe,Claude + mini-SWE,Claude,mini-SWE,shared,10x_chromium_3_gene_expression_v4,10x 3' GEX v4,pending,err_0012,T3,molecular_state_or_assembly_error,state,True,unresolved,unresolved,pending,unresolved,,0
claude_mini_swe,Claude + mini-SWE,Claude,mini-SWE,shared,10x_chromium_3_gene_expression_v4,10x 3' GEX v4,pending,err_0013,T3,molecular_state_or_assembly_error,state,True,unresolved,unresolved,pending,unresolved,,0
claude_mini_swe,Claude + mini-SWE,Claude,mini-SWE,shared,10x_chromium_3_gene_expression_v4,10x 3' GEX v4,pending,err_0014,T3,molecular_state_or_assembly_error,state,True,unresolved,unresolved,pending,unresolved,,0
claude_mini_swe,Claude + mini-SWE,Claude,mini-SWE,shared,10x_chromium_3_gene_expression_v4,10x 3' GEX v4,pending,err_0015,T3,molecular_state_or_assembly_error,state,True,unresolved,unresolved,pending,unresolved,,0
claude_mini_swe,Claude + mini-SWE,Claude,mini-SWE,shared,10x_chromium_3_gene_expression_v4,10x 3' GEX v4,pending,err_0016,T3,molecular_state_or_assembly_error,state,True,unresolved,unresolved,pending,unresolved,,0
claude_mini_swe,Claude + mini-SWE,Claude,mini-SWE,shared,10x_chromium_3_gene_expression_v4,10x 3' GEX v4,pending,err_0017,T3,workflow_or_topology_error,transition,True,unresolved,unresolved,pending,unresolved,,0
claude_mini_swe,Claude + mini-SWE,Claude,mini-SWE,shared,10x_chromium_3_gene_expression_v4,10x 3' GEX v4,pending,err_0018,T3,workflow_or_topology_error,transition,True,unresolved,unresolved,pending,unresolved,,0
claude_mini_swe,Claude + mini-SWE,Claude,mini-SWE,shared,10x_chromium_3_gene_expression_v4,10x 3' GEX v4,pending,err_0019,T3,workflow_or_topology_error,transition,True,unresolved,unresolved,pending,unresolved,,0
claude_mini_swe,Claude + mini-SWE,Claude,mini-SWE,shared,ddseq_single_cell_3_rna_seq_kit,ddSEQ 3' RNA,pending,err_0001,T2,unsupported_completion,oligo_family,True,unresolved,unresolved,pending,unresolved,,0
claude_mini_swe,Claude + mini-SWE,Claude,mini-SWE,shared,ddseq_single_cell_3_rna_seq_kit,ddSEQ 3' RNA,pending,err_0002,T2,unsupported_completion,oligo_family,True,unresolved,unresolved,pending,unresolved,,0
claude_mini_swe,Claude + mini-SWE,Claude,mini-SWE,shared,ddseq_single_cell_3_rna_seq_kit,ddSEQ 3' RNA,pending,err_0003,T2,unsupported_completion,oligo_family,True,unresolved,unresolved,pending,unresolved,,0
claude_mini_swe,Claude + mini-SWE,Claude,mini-SWE,shared,ddseq_single_cell_3_rna_seq_kit,ddSEQ 3' RNA,pending,err_0004,T2,unsupported_completion,oligo_family,True,unresolved,unresolved,pending,unresolved,,0
claude_mini_swe,Claude + mini-SWE,Claude,mini-SWE,shared,ddseq_single_cell_3_rna_seq_kit,ddSEQ 3' RNA,pending,err_0005,T2,unsupported_completion,oligo_family,True,unresolved,unresolved,pending,unresolved,,0
claude_mini_swe,Claude + mini-SWE,Claude,mini-SWE,shared,ddseq_single_cell_3_rna_seq_kit,ddSEQ 3' RNA,pending,err_0006,T3,unsupported_completion,workflow,True,unresolved,unresolved,pending,unresolved,,0
claude_mini_swe,Claude + mini-SWE,Claude,mini-SWE,shared,ddseq_single_cell_3_rna_seq_kit,ddSEQ 3' RNA,pending,err_0007,T3,missing_recoverable_information,state,True,unresolved,unresolved,pending,unresolved,,0
claude_mini_swe,Claude + mini-SWE,Claude,mini-SWE,shared,ddseq_single_cell_3_rna_seq_kit,ddSEQ 3' RNA,pending,err_0008,T3,missing_recoverable_information,state,True,unresolved,unresolved,pending,unresolved,,0
claude_mini_swe,Claude + mini-SWE,Claude,mini-SWE,shared,ddseq_single_cell_3_rna_seq_kit,ddSEQ 3' RNA,pending,err_0009,T3,missing_recoverable_information,state,True,unresolved,unresolved,pending,unresolved,,0
claude_mini_swe,Claude + mini-SWE,Claude,mini-SWE,shared,ddseq_single_cell_3_rna_seq_kit,ddSEQ 3' RNA,pending,err_0010,T3,missing_recoverable_information,state,True,unresolved,unresolved,pending,unresolved,,0
claude_mini_swe,Claude + mini-SWE,Claude,mini-SWE,shared,ddseq_single_cell_3_rna_seq_kit,ddSEQ 3' RNA,pending,err_0011,T3,missing_recoverable_information,state,True,unresolved,unresolved,pending,unresolved,,0
claude_mini_swe,Claude + mini-SWE,Claude,mini-SWE,shared,ddseq_single_cell_3_rna_seq_kit,ddSEQ 3' RNA,pending,err_0012,T3,missing_recoverable_information,transition,True,unresolved,unresolved,pending,unresolved,,0
claude_mini_swe,Claude + mini-SWE,Claude,mini-SWE,shared,ddseq_single_cell_3_rna_seq_kit,ddSEQ 3' RNA,pending,err_0013,T3,missing_recoverable_information,transition,True,unresolved,unresolved,pending,unresolved,,0
claude_mini_swe,Claude + mini-SWE,Claude,mini-SWE,shared,ddseq_single_cell_3_rna_seq_kit,ddSEQ 3' RNA,pending,err_0014,T3,missing_recoverable_information,transition,True,unresolved,unresolved,pending,unresolved,,0
claude_mini_swe,Claude + mini-SWE,Claude,mini-SWE,shared,ddseq_single_cell_3_rna_seq_kit,ddSEQ 3' RNA,pending,err_0015,T3,missing_recoverable_information,terminal_output,True,unresolved,unresolved,pending,unresolved,,0
claude_mini_swe,Claude + mini-SWE,Claude,mini-SWE,shared,ddseq_single_cell_3_rna_seq_kit,ddSEQ 3' RNA,pending,err_0016,T3,molecular_state_or_assembly_error,state,True,unresolved,unresolved,pending,unresolved,,0
claude_mini_swe,Claude + mini-SWE,Claude,mini-SWE,shared,ddseq_single_cell_3_rna_seq_kit,ddSEQ 3' RNA,pending,err_0017,T3,molecular_state_or_assembly_error,state,True,unresolved,unresolved,pending,unresolved,,0
claude_mini_swe,Claude + mini-SWE,Claude,mini-SWE,shared,ddseq_single_cell_3_rna_seq_kit,ddSEQ 3' RNA,pending,err_0018,T3,workflow_or_topology_error,transition,True,unresolved,unresolved,pending,unresolved,,0
claude_mini_swe,Claude + mini-SWE,Claude,mini-SWE,shared,ddseq_single_cell_3_rna_seq_kit,ddSEQ 3' RNA,pending,err_0019,T3,workflow_or_topology_error,transition,True,unresolved,unresolved,pending,unresolved,,0
claude_mini_swe,Claude + mini-SWE,Claude,mini-SWE,shared,ddseq_single_cell_3_rna_seq_kit,ddSEQ 3' RNA,pending,err_0020,T3,workflow_or_topology_error,transition,True,unresolved,unresolved,pending,unresolved,,0
claude_mini_swe,Claude + mini-SWE,Claude,mini-SWE,shared,ddseq_single_cell_3_rna_seq_kit,ddSEQ 3' RNA,pending,err_0021,T3,workflow_or_topology_error,typed_edge,True,unresolved,unresolved,pending,unresolved,,0
claude_mini_swe,Claude + mini-SWE,Claude,mini-SWE,shared,ddseq_single_cell_3_rna_seq_kit,ddSEQ 3' RNA,pending,err_0022,T3,workflow_or_topology_error,typed_edge,True,unresolved,unresolved,pending,unresolved,,0
claude_mini_swe,Claude + mini-SWE,Claude,mini-SWE,shared,ddseq_single_cell_3_rna_seq_kit,ddSEQ 3' RNA,pending,err_0023,T3,workflow_or_topology_error,typed_edge,True,unresolved,unresolved,pending,unresolved,,0
claude_mini_swe,Claude + mini-SWE,Claude,mini-SWE,shared,ddseq_single_cell_3_rna_seq_kit,ddSEQ 3' RNA,pending,err_0024,T3,workflow_or_topology_error,typed_edge,True,unresolved,unresolved,pending,unresolved,,0
claude_mini_swe,Claude + mini-SWE,Claude,mini-SWE,shared,ddseq_single_cell_3_rna_seq_kit,ddSEQ 3' RNA,pending,err_0025,T3,workflow_or_topology_error,typed_edge,True,unresolved,unresolved,pending,unresolved,,0
claude_mini_swe,Claude + mini-SWE,Claude,mini-SWE,shared,ddseq_single_cell_3_rna_seq_kit,ddSEQ 3' RNA,pending,err_0026,T3,workflow_or_topology_error,typed_edge,True,unresolved,unresolved,pending,unresolved,,0
claude_mini_swe,Claude + mini-SWE,Claude,mini-SWE,shared,ddseq_single_cell_3_rna_seq_kit,ddSEQ 3' RNA,pending,err_0027,T3,workflow_or_topology_error,typed_edge,True,unresolved,unresolved,pending,unresolved,,0
claude_mini_swe,Claude + mini-SWE,Claude,mini-SWE,shared,ddseq_single_cell_3_rna_seq_kit,ddSEQ 3' RNA,pending,err_0028,T3,workflow_or_topology_error,typed_edge,True,unresolved,unresolved,pending,unresolved,,0
claude_mini_swe,Claude + mini-SWE,Claude,mini-SWE,shared,ddseq_single_cell_3_rna_seq_kit,ddSEQ 3' RNA,pending,err_0029,T3,workflow_or_topology_error,typed_edge,True,unresolved,unresolved,pending,unresolved,,0
claude_mini_swe,Claude + mini-SWE,Claude,mini-SWE,shared,ddseq_single_cell_3_rna_seq_kit,ddSEQ 3' RNA,pending,err_0030,T3,workflow_or_topology_error,typed_edge,True,unresolved,unresolved,pending,unresolved,,0
claude_mini_swe,Claude + mini-SWE,Claude,mini-SWE,shared,dr_seq,DR-seq,pending,err_0001,T2,unsupported_completion,oligo_family,True,unresolved,unresolved,pending,unresolved,,0
claude_mini_swe,Claude + mini-SWE,Claude,mini-SWE,shared,dr_seq,DR-seq,pending,err_0002,T2,unsupported_completion,oligo_family,True,unresolved,unresolved,pending,unresolved,,0
claude_mini_swe,Claude + mini-SWE,Claude,mini-SWE,shared,dr_seq,DR-seq,pending,err_0003,T2,unsupported_completion,oligo_family,True,unresolved,unresolved,pending,unresolved,,0
claude_mini_swe,Claude + mini-SWE,Claude,mini-SWE,shared,dr_seq,DR-seq,pending,err_0004,T2,unsupported_completion,oligo_family,True,unresolved,unresolved,pending,unresolved,,0
claude_mini_swe,Claude + mini-SWE,Claude,mini-SWE,shared,dr_seq,DR-seq,pending,err_0005,T2,unsupported_completion,oligo_family,True,unresolved,unresolved,pending,unresolved,,0
claude_mini_swe,Claude + mini-SWE,Claude,mini-SWE,shared,dr_seq,DR-seq,pending,err_0006,T2,unsupported_completion,oligo_family,True,unresolved,unresolved,pending,unresolved,,0
claude_mini_swe,Claude + mini-SWE,Claude,mini-SWE,shared,dr_seq,DR-seq,pending,err_0007,T2,workflow_or_topology_error,oligo_family,True,unresolved,unresolved,pending,unresolved,,0
claude_mini_swe,Claude + mini-SWE,Claude,mini-SWE,shared,dr_seq,DR-seq,pending,err_0008,T2,workflow_or_topology_error,oligo_family,True,unresolved,unresolved,pending,unresolved,,0
claude_mini_swe,Claude + mini-SWE,Claude,mini-SWE,shared,dr_seq,DR-seq,pending,err_0009,T3,unsupported_completion,state,True,unresolved,unresolved,pending,unresolved,,0
claude_mini_swe,Claude + mini-SWE,Claude,mini-SWE,shared,dr_seq,DR-seq,pending,err_0010,T3,unsupported_completion,state,True,unresolved,unresolved,pending,unresolved,,0
claude_mini_swe,Claude + mini-SWE,Claude,mini-SWE,shared,dr_seq,DR-seq,pending,err_0011,T3,missing_recoverable_information,transition,True,unresolved,unresolved,pending,unresolved,,0
claude_mini_swe,Claude + mini-SWE,Claude,mini-SWE,shared,dr_seq,DR-seq,pending,err_0012,T3,unsupported_completion,transition,True,unresolved,unresolved,pending,unresolved,,0
claude_mini_swe,Claude + mini-SWE,Claude,mini-SWE,shared,dr_seq,DR-seq,pending,err_0013,T3,unsupported_completion,transition,True,unresolved,unresolved,pending,unresolved,,0
claude_mini_swe,Claude + mini-SWE,Claude,mini-SWE,shared,dr_seq,DR-seq,pending,err_0014,T3,workflow_or_topology_error,terminal_output,True,unresolved,unresolved,pending,unresolved,,0
claude_mini_swe,Claude + mini-SWE,Claude,mini-SWE,shared,dr_seq,DR-seq,pending,err_0015,T3,workflow_or_topology_error,terminal_output,True,unresolved,unresolved,pending,unresolved,,0
claude_mini_swe,Claude + mini-SWE,Claude,mini-SWE,shared,dr_seq,DR-seq,pending,err_0016,T3,molecular_state_or_assembly_error,state,True,unresolved,unresolved,pending,unresolved,,0
claude_mini_swe,Claude + mini-SWE,Claude,mini-SWE,shared,dr_seq,DR-seq,pending,err_0017,T3,molecular_state_or_assembly_error,state,True,unresolved,unresolved,pending,unresolved,,0
claude_mini_swe,Claude + mini-SWE,Claude,mini-SWE,shared,dr_seq,DR-seq,pending,err_0018,T3,molecular_state_or_assembly_error,state,True,unresolved,unresolved,pending,unresolved,,0
claude_mini_swe,Claude + mini-SWE,Claude,mini-SWE,shared,dr_seq,DR-seq,pending,err_0019,T3,molecular_state_or_assembly_error,state,True,unresolved,unresolved,pending,unresolved,,0
claude_mini_swe,Claude + mini-SWE,Claude,mini-SWE,shared,dr_seq,DR-seq,pending,err_0020,T3,molecular_state_or_assembly_error,state,True,unresolved,unresolved,pending,unresolved,,0
claude_mini_swe,Claude + mini-SWE,Claude,mini-SWE,shared,dr_seq,DR-seq,pending,err_0021,T3,molecular_state_or_assembly_error,state,True,unresolved,unresolved,pending,unresolved,,0
claude_mini_swe,Claude + mini-SWE,Claude,mini-SWE,shared,dr_seq,DR-seq,pending,err_0022,T3,molecular_state_or_assembly_error,state,True,unresolved,unresolved,pending,unresolved,,0
claude_mini_swe,Claude + mini-SWE,Claude,mini-SWE,shared,dr_seq,DR-seq,pending,err_0023,T3,molecular_state_or_assembly_error,state,True,unresolved,unresolved,pending,unresolved,,0
claude_mini_swe,Claude + mini-SWE,Claude,mini-SWE,shared,dr_seq,DR-seq,pending,err_0024,T3,molecular_state_or_assembly_error,state,True,unresolved,unresolved,pending,unresolved,,0
claude_mini_swe,Claude + mini-SWE,Claude,mini-SWE,shared,dr_seq,DR-seq,pending,err_0025,T3,molecular_state_or_assembly_error,state,True,unresolved,unresolved,pending,unresolved,,0
claude_mini_swe,Claude + mini-SWE,Claude,mini-SWE,shared,dr_seq,DR-seq,pending,err_0026,T3,molecular_state_or_assembly_error,state,True,unresolved,unresolved,pending,unresolved,,0
claude_mini_swe,Claude + mini-SWE,Claude,mini-SWE,shared,dr_seq,DR-seq,pending,err_0027,T3,molecular_state_or_assembly_error,state,True,unresolved,unresolved,pending,unresolved,,0
claude_mini_swe,Claude + mini-SWE,Claude,mini-SWE,shared,dr_seq,DR-seq,pending,err_0028,T3,molecular_state_or_assembly_error,state,True,unresolved,unresolved,pending,unresolved,,0
claude_mini_swe,Claude + mini-SWE,Claude,mini-SWE,shared,dr_seq,DR-seq,pending,err_0029,T3,molecular_state_or_assembly_error,state,True,unresolved,unresolved,pending,unresolved,,0
claude_mini_swe,Claude + mini-SWE,Claude,mini-SWE,shared,dr_seq,DR-seq,pending,err_0030,T3,workflow_or_topology_error,transition,True,unresolved,unresolved,pending,unresolved,,0
claude_mini_swe,Claude + mini-SWE,Claude,mini-SWE,shared,dr_seq,DR-seq,pending,err_0031,T3,operation_error,transition,True,unresolved,unresolved,pending,unresolved,,0
claude_mini_swe,Claude + mini-SWE,Claude,mini-SWE,shared,dr_seq,DR-seq,pending,err_0032,T3,workflow_or_topology_error,transition,True,unresolved,unresolved,pending,unresolved,,0
claude_mini_swe,Claude + mini-SWE,Claude,mini-SWE,shared,dr_seq,DR-seq,pending,err_0033,T3,workflow_or_topology_error,transition,True,unresolved,unresolved,pending,unresolved,,0
claude_mini_swe,Claude + mini-SWE,Claude,mini-SWE,shared,dr_seq,DR-seq,pending,err_0034,T3,workflow_or_topology_error,transition,True,unresolved,unresolved,pending,unresolved,,0
claude_mini_swe,Claude + mini-SWE,Claude,mini-SWE,shared,dr_seq,DR-seq,pending,err_0035,T3,workflow_or_topology_error,transition,True,unresolved,unresolved,pending,unresolved,,0
claude_mini_swe,Claude + mini-SWE,Claude,mini-SWE,shared,dr_seq,DR-seq,pending,err_0036,T3,workflow_or_topology_error,transition,True,unresolved,unresolved,pending,unresolved,,0
claude_mini_swe,Claude + mini-SWE,Claude,mini-SWE,shared,dr_seq,DR-seq,pending,err_0037,T3,workflow_or_topology_error,transition,True,unresolved,unresolved,pending,unresolved,,0
claude_mini_swe,Claude + mini-SWE,Claude,mini-SWE,shared,dr_seq,DR-seq,pending,err_0038,T3,operation_error,transition,True,unresolved,unresolved,pending,unresolved,,0
claude_mini_swe,Claude + mini-SWE,Claude,mini-SWE,shared,dr_seq,DR-seq,pending,err_0039,T3,workflow_or_topology_error,transition,True,unresolved,unresolved,pending,unresolved,,0
claude_mini_swe,Claude + mini-SWE,Claude,mini-SWE,shared,dr_seq,DR-seq,pending,err_0040,T3,workflow_or_topology_error,typed_edge,True,unresolved,unresolved,pending,unresolved,,0
claude_mini_swe,Claude + mini-SWE,Claude,mini-SWE,shared,dr_seq,DR-seq,pending,err_0041,T3,workflow_or_topology_error,typed_edge,True,unresolved,unresolved,pending,unresolved,,0
claude_mini_swe,Claude + mini-SWE,Claude,mini-SWE,shared,dr_seq,DR-seq,pending,err_0042,T3,workflow_or_topology_error,typed_edge,True,unresolved,unresolved,pending,unresolved,,0
claude_mini_swe,Claude + mini-SWE,Claude,mini-SWE,shared,dr_seq,DR-seq,pending,err_0043,T3,workflow_or_topology_error,typed_edge,True,unresolved,unresolved,pending,unresolved,,0
claude_mini_swe,Claude + mini-SWE,Claude,mini-SWE,shared,dr_seq,DR-seq,pending,err_0044,T3,workflow_or_topology_error,typed_edge,True,unresolved,unresolved,pending,unresolved,,0
claude_mini_swe,Claude + mini-SWE,Claude,mini-SWE,shared,dr_seq,DR-seq,pending,err_0045,T3,workflow_or_topology_error,typed_edge,True,unresolved,unresolved,pending,unresolved,,0
claude_mini_swe,Claude + mini-SWE,Claude,mini-SWE,shared,dr_seq,DR-seq,pending,err_0046,T3,workflow_or_topology_error,typed_edge,True,unresolved,unresolved,pending,unresolved,,0
claude_mini_swe,Claude + mini-SWE,Claude,mini-SWE,shared,dr_seq,DR-seq,pending,err_0047,T3,workflow_or_topology_error,typed_edge,True,unresolved,unresolved,pending,unresolved,,0
claude_mini_swe,Claude + mini-SWE,Claude,mini-SWE,shared,dr_seq,DR-seq,pending,err_0048,T3,workflow_or_topology_error,typed_edge,True,unresolved,unresolved,pending,unresolved,,0
claude_mini_swe,Claude + mini-SWE,Claude,mini-SWE,shared,dr_seq,DR-seq,pending,err_0049,T3,workflow_or_topology_error,typed_edge,True,unresolved,unresolved,pending,unresolved,,0
claude_mini_swe,Claude + mini-SWE,Claude,mini-SWE,shared,dr_seq,DR-seq,pending,err_0050,T3,workflow_or_topology_error,typed_edge,True,unresolved,unresolved,pending,unresolved,,0
claude_mini_swe,Claude + mini-SWE,Claude,mini-SWE,shared,dr_seq,DR-seq,pending,err_0051,T3,workflow_or_topology_error,typed_edge,True,unresolved,unresolved,pending,unresolved,,0
claude_mini_swe,Claude + mini-SWE,Claude,mini-SWE,shared,dr_seq,DR-seq,pending,err_0052,T3,workflow_or_topology_error,typed_edge,True,unresolved,unresolved,pending,unresolved,,0
claude_mini_swe,Claude + mini-SWE,Claude,mini-SWE,shared,dr_seq,DR-seq,pending,err_0053,T3,workflow_or_topology_error,typed_edge,True,unresolved,unresolved,pending,unresolved,,0
claude_mini_swe,Claude + mini-SWE,Claude,mini-SWE,shared,dr_seq,DR-seq,pending,err_0054,T3,workflow_or_topology_error,typed_edge,True,unresolved,unresolved,pending,unresolved,,0
claude_mini_swe,Claude + mini-SWE,Claude,mini-SWE,shared,dr_seq,DR-seq,pending,err_0055,T3,workflow_or_topology_error,typed_edge,True,unresolved,unresolved,pending,unresolved,,0
claude_mini_swe,Claude + mini-SWE,Claude,mini-SWE,shared,dr_seq,DR-seq,pending,err_0056,T3,workflow_or_topology_error,typed_edge,True,unresolved,unresolved,pending,unresolved,,0
claude_mini_swe,Claude + mini-SWE,Claude,mini-SWE,shared,dr_seq,DR-seq,pending,err_0057,T3,workflow_or_topology_error,typed_edge,True,unresolved,unresolved,pending,unresolved,,0
claude_mini_swe,Claude + mini-SWE,Claude,mini-SWE,shared,dr_seq,DR-seq,pending,err_0058,T3,workflow_or_topology_error,typed_edge,True,unresolved,unresolved,pending,unresolved,,0
claude_mini_swe,Claude + mini-SWE,Claude,mini-SWE,shared,dr_seq,DR-seq,pending,err_0059,T3,workflow_or_topology_error,typed_edge,True,unresolved,unresolved,pending,unresolved,,0
claude_mini_swe,Claude + mini-SWE,Claude,mini-SWE,shared,dr_seq,DR-seq,pending,err_0060,T3,workflow_or_topology_error,typed_edge,True,unresolved,unresolved,pending,unresolved,,0
claude_mini_swe,Claude + mini-SWE,Claude,mini-SWE,shared,dr_seq,DR-seq,pending,err_0061,T3,workflow_or_topology_error,typed_edge,True,unresolved,unresolved,pending,unresolved,,0
claude_mini_swe,Claude + mini-SWE,Claude,mini-SWE,shared,dr_seq,DR-seq,pending,err_0062,T3,workflow_or_topology_error,typed_edge,True,unresolved,unresolved,pending,unresolved,,0
claude_mini_swe,Claude + mini-SWE,Claude,mini-SWE,shared,dr_seq,DR-seq,pending,err_0063,T3,workflow_or_topology_error,typed_edge,True,unresolved,unresolved,pending,unresolved,,0
claude_mini_swe,Claude + mini-SWE,Claude,mini-SWE,shared,dr_seq,DR-seq,pending,err_0064,T3,workflow_or_topology_error,typed_edge,True,unresolved,unresolved,pending,unresolved,,0
claude_mini_swe,Claude + mini-SWE,Claude,mini-SWE,shared,dr_seq,DR-seq,pending,err_0065,T3,workflow_or_topology_error,typed_edge,True,unresolved,unresolved,pending,unresolved,,0
claude_mini_swe,Claude + mini-SWE,Claude,mini-SWE,shared,dr_seq,DR-seq,pending,err_0066,T3,workflow_or_topology_error,typed_edge,True,unresolved,unresolved,pending,unresolved,,0
claude_mini_swe,Claude + mini-SWE,Claude,mini-SWE,shared,dr_seq,DR-seq,pending,err_0067,T3,workflow_or_topology_error,typed_edge,True,unresolved,unresolved,pending,unresolved,,0
claude_mini_swe,Claude + mini-SWE,Claude,mini-SWE,shared,dr_seq,DR-seq,pending,err_0068,T3,workflow_or_topology_error,typed_edge,True,unresolved,unresolved,pending,unresolved,,0
claude_mini_swe,Claude + mini-SWE,Claude,mini-SWE,shared,dr_seq,DR-seq,pending,err_0069,T3,workflow_or_topology_error,typed_edge,True,unresolved,unresolved,pending,unresolved,,0
claude_mini_swe,Claude + mini-SWE,Claude,mini-SWE,shared,indrop_v1,inDrop v1,pending,err_0001,T2,unsupported_completion,oligo_family,True,unresolved,unresolved,pending,unresolved,,0
claude_mini_swe,Claude + mini-SWE,Claude,mini-SWE,shared,indrop_v1,inDrop v1,pending,err_0002,T2,unsupported_completion,oligo_family,True,unresolved,unresolved,pending,unresolved,,0
claude_mini_swe,Claude + mini-SWE,Claude,mini-SWE,shared,indrop_v1,inDrop v1,pending,err_0003,T2,unsupported_completion,oligo_family,True,unresolved,unresolved,pending,unresolved,,0
claude_mini_swe,Claude + mini-SWE,Claude,mini-SWE,shared,indrop_v1,inDrop v1,pending,err_0004,T2,missing_recoverable_information,oligo_family,True,unresolved,unresolved,pending,unresolved,,0
claude_mini_swe,Claude + mini-SWE,Claude,mini-SWE,shared,indrop_v1,inDrop v1,pending,err_0005,T2,workflow_or_topology_error,oligo_family,True,unresolved,unresolved,pending,unresolved,,0
claude_mini_swe,Claude + mini-SWE,Claude,mini-SWE,shared,indrop_v1,inDrop v1,pending,err_0006,T2,missing_recoverable_information,oligo_family,True,unresolved,unresolved,pending,unresolved,,0
claude_mini_swe,Claude + mini-SWE,Claude,mini-SWE,shared,indrop_v1,inDrop v1,pending,err_0007,T2,molecular_state_or_assembly_error,oligo_family,True,unresolved,unresolved,pending,unresolved,,0
claude_mini_swe,Claude + mini-SWE,Claude,mini-SWE,shared,indrop_v1,inDrop v1,pending,err_0008,T2,molecular_state_or_assembly_error,oligo_family,True,unresolved,unresolved,pending,unresolved,,0
claude_mini_swe,Claude + mini-SWE,Claude,mini-SWE,shared,indrop_v1,inDrop v1,pending,err_0009,T2,missing_recoverable_information,oligo_family,True,unresolved,unresolved,pending,unresolved,,0
claude_mini_swe,Claude + mini-SWE,Claude,mini-SWE,shared,indrop_v1,inDrop v1,pending,err_0010,T2,workflow_or_topology_error,oligo_family,True,unresolved,unresolved,pending,unresolved,,0
claude_mini_swe,Claude + mini-SWE,Claude,mini-SWE,shared,indrop_v1,inDrop v1,pending,err_0011,T2,workflow_or_topology_error,oligo_family,True,unresolved,unresolved,pending,unresolved,,0
claude_mini_swe,Claude + mini-SWE,Claude,mini-SWE,shared,indrop_v1,inDrop v1,pending,err_0012,T2,molecular_state_or_assembly_error,oligo_family,True,unresolved,unresolved,pending,unresolved,,0
claude_mini_swe,Claude + mini-SWE,Claude,mini-SWE,shared,indrop_v1,inDrop v1,pending,err_0013,T2,molecular_state_or_assembly_error,oligo_family,True,unresolved,unresolved,pending,unresolved,,0
claude_mini_swe,Claude + mini-SWE,Claude,mini-SWE,shared,indrop_v1,inDrop v1,pending,err_0014,T2,workflow_or_topology_error,oligo_family,True,unresolved,unresolved,pending,unresolved,,0
claude_mini_swe,Claude + mini-SWE,Claude,mini-SWE,shared,indrop_v1,inDrop v1,pending,err_0015,T3,unsupported_completion,state,True,unresolved,unresolved,pending,unresolved,,0
claude_mini_swe,Claude + mini-SWE,Claude,mini-SWE,shared,indrop_v1,inDrop v1,pending,err_0016,T3,unsupported_completion,transition,True,unresolved,unresolved,pending,unresolved,,0
claude_mini_swe,Claude + mini-SWE,Claude,mini-SWE,shared,indrop_v1,inDrop v1,pending,err_0017,T3,molecular_state_or_assembly_error,state,True,unresolved,unresolved,pending,unresolved,,0
claude_mini_swe,Claude + mini-SWE,Claude,mini-SWE,shared,indrop_v1,inDrop v1,pending,err_0018,T3,molecular_state_or_assembly_error,state,True,unresolved,unresolved,pending,unresolved,,0
claude_mini_swe,Claude + mini-SWE,Claude,mini-SWE,shared,indrop_v1,inDrop v1,pending,err_0019,T3,molecular_state_or_assembly_error,state,True,unresolved,unresolved,pending,unresolved,,0
claude_mini_swe,Claude + mini-SWE,Claude,mini-SWE,shared,indrop_v1,inDrop v1,pending,err_0020,T3,molecular_state_or_assembly_error,state,True,unresolved,unresolved,pending,unresolved,,0
claude_mini_swe,Claude + mini-SWE,Claude,mini-SWE,shared,indrop_v1,inDrop v1,pending,err_0021,T3,molecular_state_or_assembly_error,state,True,unresolved,unresolved,pending,unresolved,,0
claude_mini_swe,Claude + mini-SWE,Claude,mini-SWE,shared,indrop_v1,inDrop v1,pending,err_0022,T3,molecular_state_or_assembly_error,state,True,unresolved,unresolved,pending,unresolved,,0
claude_mini_swe,Claude + mini-SWE,Claude,mini-SWE,shared,indrop_v1,inDrop v1,pending,err_0023,T3,molecular_state_or_assembly_error,state,True,unresolved,unresolved,pending,unresolved,,0
claude_mini_swe,Claude + mini-SWE,Claude,mini-SWE,shared,indrop_v1,inDrop v1,pending,err_0024,T3,workflow_or_topology_error,transition,True,unresolved,unresolved,pending,unresolved,,0
claude_mini_swe,Claude + mini-SWE,Claude,mini-SWE,shared,indrop_v1,inDrop v1,pending,err_0025,T3,workflow_or_topology_error,transition,True,unresolved,unresolved,pending,unresolved,,0
claude_mini_swe,Claude + mini-SWE,Claude,mini-SWE,shared,indrop_v1,inDrop v1,pending,err_0026,T3,workflow_or_topology_error,typed_edge,True,unresolved,unresolved,pending,unresolved,,0
claude_mini_swe,Claude + mini-SWE,Claude,mini-SWE,shared,indrop_v1,inDrop v1,pending,err_0027,T3,workflow_or_topology_error,typed_edge,True,unresolved,unresolved,pending,unresolved,,0
claude_mini_swe,Claude + mini-SWE,Claude,mini-SWE,shared,indrop_v1,inDrop v1,pending,err_0028,T3,workflow_or_topology_error,typed_edge,True,unresolved,unresolved,pending,unresolved,,0
claude_mini_swe,Claude + mini-SWE,Claude,mini-SWE,shared,indrop_v1,inDrop v1,pending,err_0029,T3,workflow_or_topology_error,typed_edge,True,unresolved,unresolved,pending,unresolved,,0
claude_mini_swe,Claude + mini-SWE,Claude,mini-SWE,shared,petri_seq,PETRI-seq,pending,err_0001,T2,unsupported_completion,oligo_family,True,unresolved,unresolved,pending,unresolved,,0
claude_mini_swe,Claude + mini-SWE,Claude,mini-SWE,shared,petri_seq,PETRI-seq,pending,err_0002,T2,molecular_state_or_assembly_error,oligo_family,True,unresolved,unresolved,pending,unresolved,,0
claude_mini_swe,Claude + mini-SWE,Claude,mini-SWE,shared,petri_seq,PETRI-seq,pending,err_0003,T2,workflow_or_topology_error,oligo_family,True,unresolved,unresolved,pending,unresolved,,0
claude_mini_swe,Claude + mini-SWE,Claude,mini-SWE,shared,petri_seq,PETRI-seq,pending,err_0004,T2,molecular_state_or_assembly_error,oligo_family,True,unresolved,unresolved,pending,unresolved,,0
claude_mini_swe,Claude + mini-SWE,Claude,mini-SWE,shared,petri_seq,PETRI-seq,pending,err_0005,T2,workflow_or_topology_error,oligo_family,True,unresolved,unresolved,pending,unresolved,,0
claude_mini_swe,Claude + mini-SWE,Claude,mini-SWE,shared,petri_seq,PETRI-seq,pending,err_0006,T2,workflow_or_topology_error,oligo_family,True,unresolved,unresolved,pending,unresolved,,0
claude_mini_swe,Claude + mini-SWE,Claude,mini-SWE,shared,petri_seq,PETRI-seq,pending,err_0007,T2,molecular_state_or_assembly_error,oligo_family,True,unresolved,unresolved,pending,unresolved,,0
claude_mini_swe,Claude + mini-SWE,Claude,mini-SWE,shared,petri_seq,PETRI-seq,pending,err_0008,T2,workflow_or_topology_error,oligo_family,True,unresolved,unresolved,pending,unresolved,,0
claude_mini_swe,Claude + mini-SWE,Claude,mini-SWE,shared,petri_seq,PETRI-seq,pending,err_0009,T2,missing_recoverable_information,oligo_family,True,unresolved,unresolved,pending,unresolved,,0
claude_mini_swe,Claude + mini-SWE,Claude,mini-SWE,shared,petri_seq,PETRI-seq,pending,err_0010,T2,workflow_or_topology_error,oligo_family,True,unresolved,unresolved,pending,unresolved,,0
claude_mini_swe,Claude + mini-SWE,Claude,mini-SWE,shared,petri_seq,PETRI-seq,pending,err_0011,T2,missing_recoverable_information,oligo_family,True,unresolved,unresolved,pending,unresolved,,0
claude_mini_swe,Claude + mini-SWE,Claude,mini-SWE,shared,petri_seq,PETRI-seq,pending,err_0012,T2,workflow_or_topology_error,oligo_family,True,unresolved,unresolved,pending,unresolved,,0
claude_mini_swe,Claude + mini-SWE,Claude,mini-SWE,shared,petri_seq,PETRI-seq,pending,err_0013,T2,missing_recoverable_information,oligo_family,True,unresolved,unresolved,pending,unresolved,,0
claude_mini_swe,Claude + mini-SWE,Claude,mini-SWE,shared,petri_seq,PETRI-seq,pending,err_0014,T2,molecular_state_or_assembly_error,oligo_family,True,unresolved,unresolved,pending,unresolved,,0
claude_mini_swe,Claude + mini-SWE,Claude,mini-SWE,shared,petri_seq,PETRI-seq,pending,err_0015,T3,molecular_state_or_assembly_error,state,True,unresolved,unresolved,pending,unresolved,,0
claude_mini_swe,Claude + mini-SWE,Claude,mini-SWE,shared,petri_seq,PETRI-seq,pending,err_0016,T3,molecular_state_or_assembly_error,state,True,unresolved,unresolved,pending,unresolved,,0
claude_mini_swe,Claude + mini-SWE,Claude,mini-SWE,shared,petri_seq,PETRI-seq,pending,err_0017,T3,molecular_state_or_assembly_error,state,True,unresolved,unresolved,pending,unresolved,,0
claude_mini_swe,Claude + mini-SWE,Claude,mini-SWE,shared,petri_seq,PETRI-seq,pending,err_0018,T3,molecular_state_or_assembly_error,state,True,unresolved,unresolved,pending,unresolved,,0
claude_mini_swe,Claude + mini-SWE,Claude,mini-SWE,shared,petri_seq,PETRI-seq,pending,err_0019,T3,molecular_state_or_assembly_error,state,True,unresolved,unresolved,pending,unresolved,,0
claude_mini_swe,Claude + mini-SWE,Claude,mini-SWE,shared,petri_seq,PETRI-seq,pending,err_0020,T3,molecular_state_or_assembly_error,state,True,unresolved,unresolved,pending,unresolved,,0
claude_mini_swe,Claude + mini-SWE,Claude,mini-SWE,shared,petri_seq,PETRI-seq,pending,err_0021,T3,workflow_or_topology_error,transition,True,unresolved,unresolved,pending,unresolved,,0
claude_mini_swe,Claude + mini-SWE,Claude,mini-SWE,shared,petri_seq,PETRI-seq,pending,err_0022,T3,workflow_or_topology_error,transition,True,unresolved,unresolved,pending,unresolved,,0
claude_mini_swe,Claude + mini-SWE,Claude,mini-SWE,shared,pip_seq_v4,PIP-seq v4,pending,err_0001,T2,unsupported_completion,oligo_family,True,unresolved,unresolved,pending,unresolved,,0
claude_mini_swe,Claude + mini-SWE,Claude,mini-SWE,shared,pip_seq_v4,PIP-seq v4,pending,err_0002,T2,unsupported_completion,oligo_family,True,unresolved,unresolved,pending,unresolved,,0
claude_mini_swe,Claude + mini-SWE,Claude,mini-SWE,shared,pip_seq_v4,PIP-seq v4,pending,err_0003,T2,unsupported_completion,oligo_family,True,unresolved,unresolved,pending,unresolved,,0
claude_mini_swe,Claude + mini-SWE,Claude,mini-SWE,shared,pip_seq_v4,PIP-seq v4,pending,err_0004,T2,unsupported_completion,oligo_family,True,unresolved,unresolved,pending,unresolved,,0
claude_mini_swe,Claude + mini-SWE,Claude,mini-SWE,shared,pip_seq_v4,PIP-seq v4,pending,err_0005,T2,unsupported_completion,oligo_family,True,unresolved,unresolved,pending,unresolved,,0
claude_mini_swe,Claude + mini-SWE,Claude,mini-SWE,shared,pip_seq_v4,PIP-seq v4,pending,err_0006,T2,unsupported_completion,oligo_family,True,unresolved,unresolved,pending,unresolved,,0
claude_mini_swe,Claude + mini-SWE,Claude,mini-SWE,shared,pip_seq_v4,PIP-seq v4,pending,err_0007,T2,missing_recoverable_information,oligo_family,True,unresolved,unresolved,pending,unresolved,,0
claude_mini_swe,Claude + mini-SWE,Claude,mini-SWE,shared,pip_seq_v4,PIP-seq v4,pending,err_0008,T2,molecular_state_or_assembly_error,oligo_family,True,unresolved,unresolved,pending,unresolved,,0
claude_mini_swe,Claude + mini-SWE,Claude,mini-SWE,shared,pip_seq_v4,PIP-seq v4,pending,err_0009,T2,workflow_or_topology_error,oligo_family,True,unresolved,unresolved,pending,unresolved,,0
claude_mini_swe,Claude + mini-SWE,Claude,mini-SWE,shared,pip_seq_v4,PIP-seq v4,pending,err_0010,T2,molecular_state_or_assembly_error,oligo_family,True,unresolved,unresolved,pending,unresolved,,0
claude_mini_swe,Claude + mini-SWE,Claude,mini-SWE,shared,pip_seq_v4,PIP-seq v4,pending,err_0011,T2,missing_recoverable_information,oligo_family,True,unresolved,unresolved,pending,unresolved,,0
claude_mini_swe,Claude + mini-SWE,Claude,mini-SWE,shared,pip_seq_v4,PIP-seq v4,pending,err_0012,T2,molecular_state_or_assembly_error,oligo_family,True,unresolved,unresolved,pending,unresolved,,0
claude_mini_swe,Claude + mini-SWE,Claude,mini-SWE,shared,pip_seq_v4,PIP-seq v4,pending,err_0013,T2,molecular_state_or_assembly_error,oligo_family,True,unresolved,unresolved,pending,unresolved,,0
claude_mini_swe,Claude + mini-SWE,Claude,mini-SWE,shared,pip_seq_v4,PIP-seq v4,pending,err_0014,T2,molecular_state_or_assembly_error,oligo_family,True,unresolved,unresolved,pending,unresolved,,0
claude_mini_swe,Claude + mini-SWE,Claude,mini-SWE,shared,pip_seq_v4,PIP-seq v4,pending,err_0015,T2,workflow_or_topology_error,oligo_family,True,unresolved,unresolved,pending,unresolved,,0
claude_mini_swe,Claude + mini-SWE,Claude,mini-SWE,shared,pip_seq_v4,PIP-seq v4,pending,err_0016,T3,unsupported_completion,state,True,unresolved,unresolved,pending,unresolved,,0
claude_mini_swe,Claude + mini-SWE,Claude,mini-SWE,shared,pip_seq_v4,PIP-seq v4,pending,err_0017,T3,unsupported_completion,state,True,unresolved,unresolved,pending,unresolved,,0
claude_mini_swe,Claude + mini-SWE,Claude,mini-SWE,shared,pip_seq_v4,PIP-seq v4,pending,err_0018,T3,unsupported_completion,state,True,unresolved,unresolved,pending,unresolved,,0
claude_mini_swe,Claude + mini-SWE,Claude,mini-SWE,shared,pip_seq_v4,PIP-seq v4,pending,err_0019,T3,unsupported_completion,state,True,unresolved,unresolved,pending,unresolved,,0
claude_mini_swe,Claude + mini-SWE,Claude,mini-SWE,shared,pip_seq_v4,PIP-seq v4,pending,err_0020,T3,unsupported_completion,state,True,unresolved,unresolved,pending,unresolved,,0
claude_mini_swe,Claude + mini-SWE,Claude,mini-SWE,shared,pip_seq_v4,PIP-seq v4,pending,err_0021,T3,unsupported_completion,state,True,unresolved,unresolved,pending,unresolved,,0
claude_mini_swe,Claude + mini-SWE,Claude,mini-SWE,shared,pip_seq_v4,PIP-seq v4,pending,err_0022,T3,unsupported_completion,transition,True,unresolved,unresolved,pending,unresolved,,0
claude_mini_swe,Claude + mini-SWE,Claude,mini-SWE,shared,pip_seq_v4,PIP-seq v4,pending,err_0023,T3,unsupported_completion,transition,True,unresolved,unresolved,pending,unresolved,,0
claude_mini_swe,Claude + mini-SWE,Claude,mini-SWE,shared,pip_seq_v4,PIP-seq v4,pending,err_0024,T3,unsupported_completion,transition,True,unresolved,unresolved,pending,unresolved,,0
claude_mini_swe,Claude + mini-SWE,Claude,mini-SWE,shared,pip_seq_v4,PIP-seq v4,pending,err_0025,T3,unsupported_completion,transition,True,unresolved,unresolved,pending,unresolved,,0
claude_mini_swe,Claude + mini-SWE,Claude,mini-SWE,shared,pip_seq_v4,PIP-seq v4,pending,err_0026,T3,unsupported_completion,transition,True,unresolved,unresolved,pending,unresolved,,0
claude_mini_swe,Claude + mini-SWE,Claude,mini-SWE,shared,pip_seq_v4,PIP-seq v4,pending,err_0027,T3,unsupported_completion,terminal_output,True,unresolved,unresolved,pending,unresolved,,0
claude_mini_swe,Claude + mini-SWE,Claude,mini-SWE,shared,pip_seq_v4,PIP-seq v4,pending,err_0028,T3,unsupported_completion,terminal_output,True,unresolved,unresolved,pending,unresolved,,0
claude_mini_swe,Claude + mini-SWE,Claude,mini-SWE,shared,pip_seq_v4,PIP-seq v4,pending,err_0029,T3,molecular_state_or_assembly_error,state,True,unresolved,unresolved,pending,unresolved,,0
claude_mini_swe,Claude + mini-SWE,Claude,mini-SWE,shared,pip_seq_v4,PIP-seq v4,pending,err_0030,T3,molecular_state_or_assembly_error,state,True,unresolved,unresolved,pending,unresolved,,0
claude_mini_swe,Claude + mini-SWE,Claude,mini-SWE,shared,pip_seq_v4,PIP-seq v4,pending,err_0031,T3,molecular_state_or_assembly_error,state,True,unresolved,unresolved,pending,unresolved,,0
claude_mini_swe,Claude + mini-SWE,Claude,mini-SWE,shared,pip_seq_v4,PIP-seq v4,pending,err_0032,T3,molecular_state_or_assembly_error,state,True,unresolved,unresolved,pending,unresolved,,0
claude_mini_swe,Claude + mini-SWE,Claude,mini-SWE,shared,pip_seq_v4,PIP-seq v4,pending,err_0033,T3,molecular_state_or_assembly_error,state,True,unresolved,unresolved,pending,unresolved,,0
claude_mini_swe,Claude + mini-SWE,Claude,mini-SWE,shared,pip_seq_v4,PIP-seq v4,pending,err_0034,T3,molecular_state_or_assembly_error,state,True,unresolved,unresolved,pending,unresolved,,0
claude_mini_swe,Claude + mini-SWE,Claude,mini-SWE,shared,pip_seq_v4,PIP-seq v4,pending,err_0035,T3,molecular_state_or_assembly_error,state,True,unresolved,unresolved,pending,unresolved,,0
claude_mini_swe,Claude + mini-SWE,Claude,mini-SWE,shared,pip_seq_v4,PIP-seq v4,pending,err_0036,T3,workflow_or_topology_error,transition,True,unresolved,unresolved,pending,unresolved,,0
claude_mini_swe,Claude + mini-SWE,Claude,mini-SWE,shared,pip_seq_v4,PIP-seq v4,pending,err_0037,T3,workflow_or_topology_error,transition,True,unresolved,unresolved,pending,unresolved,,0
claude_mini_swe,Claude + mini-SWE,Claude,mini-SWE,shared,pip_seq_v4,PIP-seq v4,pending,err_0038,T3,workflow_or_topology_error,transition,True,unresolved,unresolved,pending,unresolved,,0
claude_mini_swe,Claude + mini-SWE,Claude,mini-SWE,shared,pip_seq_v4,PIP-seq v4,pending,err_0039,T3,workflow_or_topology_error,transition,True,unresolved,unresolved,pending,unresolved,,0
claude_mini_swe,Claude + mini-SWE,Claude,mini-SWE,shared,pip_seq_v4,PIP-seq v4,pending,err_0040,T3,workflow_or_topology_error,typed_edge,True,unresolved,unresolved,pending,unresolved,,0
claude_mini_swe,Claude + mini-SWE,Claude,mini-SWE,shared,pip_seq_v4,PIP-seq v4,pending,err_0041,T3,workflow_or_topology_error,typed_edge,True,unresolved,unresolved,pending,unresolved,,0
claude_mini_swe,Claude + mini-SWE,Claude,mini-SWE,shared,pip_seq_v4,PIP-seq v4,pending,err_0042,T3,workflow_or_topology_error,typed_edge,True,unresolved,unresolved,pending,unresolved,,0
claude_mini_swe,Claude + mini-SWE,Claude,mini-SWE,shared,pip_seq_v4,PIP-seq v4,pending,err_0043,T3,workflow_or_topology_error,typed_edge,True,unresolved,unresolved,pending,unresolved,,0
claude_mini_swe,Claude + mini-SWE,Claude,mini-SWE,shared,pip_seq_v4,PIP-seq v4,pending,err_0044,T3,workflow_or_topology_error,typed_edge,True,unresolved,unresolved,pending,unresolved,,0
claude_mini_swe,Claude + mini-SWE,Claude,mini-SWE,shared,pip_seq_v4,PIP-seq v4,pending,err_0045,T3,workflow_or_topology_error,typed_edge,True,unresolved,unresolved,pending,unresolved,,0
claude_mini_swe,Claude + mini-SWE,Claude,mini-SWE,shared,pip_seq_v4,PIP-seq v4,pending,err_0046,T3,workflow_or_topology_error,typed_edge,True,unresolved,unresolved,pending,unresolved,,0
claude_mini_swe,Claude + mini-SWE,Claude,mini-SWE,shared,pip_seq_v4,PIP-seq v4,pending,err_0047,T3,workflow_or_topology_error,typed_edge,True,unresolved,unresolved,pending,unresolved,,0
claude_mini_swe,Claude + mini-SWE,Claude,mini-SWE,shared,pip_seq_v4,PIP-seq v4,pending,err_0048,T3,workflow_or_topology_error,typed_edge,True,unresolved,unresolved,pending,unresolved,,0
claude_mini_swe,Claude + mini-SWE,Claude,mini-SWE,shared,pip_seq_v4,PIP-seq v4,pending,err_0049,T3,workflow_or_topology_error,typed_edge,True,unresolved,unresolved,pending,unresolved,,0
claude_mini_swe,Claude + mini-SWE,Claude,mini-SWE,shared,pip_seq_v4,PIP-seq v4,pending,err_0050,T3,workflow_or_topology_error,typed_edge,True,unresolved,unresolved,pending,unresolved,,0
claude_mini_swe,Claude + mini-SWE,Claude,mini-SWE,shared,pip_seq_v4,PIP-seq v4,pending,err_0051,T3,workflow_or_topology_error,typed_edge,True,unresolved,unresolved,pending,unresolved,,0
claude_mini_swe,Claude + mini-SWE,Claude,mini-SWE,shared,pip_seq_v4,PIP-seq v4,pending,err_0052,T3,workflow_or_topology_error,typed_edge,True,unresolved,unresolved,pending,unresolved,,0
claude_mini_swe,Claude + mini-SWE,Claude,mini-SWE,shared,pip_seq_v4,PIP-seq v4,pending,err_0053,T3,workflow_or_topology_error,typed_edge,True,unresolved,unresolved,pending,unresolved,,0
claude_mini_swe,Claude + mini-SWE,Claude,mini-SWE,shared,pip_seq_v4,PIP-seq v4,pending,err_0054,T3,workflow_or_topology_error,typed_edge,True,unresolved,unresolved,pending,unresolved,,0
claude_mini_swe,Claude + mini-SWE,Claude,mini-SWE,shared,pip_seq_v4,PIP-seq v4,pending,err_0055,T3,workflow_or_topology_error,typed_edge,True,unresolved,unresolved,pending,unresolved,,0
claude_mini_swe,Claude + mini-SWE,Claude,mini-SWE,shared,pip_seq_v4,PIP-seq v4,pending,err_0056,T3,workflow_or_topology_error,typed_edge,True,unresolved,unresolved,pending,unresolved,,0
claude_mini_swe,Claude + mini-SWE,Claude,mini-SWE,shared,pip_seq_v4,PIP-seq v4,pending,err_0057,T3,workflow_or_topology_error,typed_edge,True,unresolved,unresolved,pending,unresolved,,0
claude_mini_swe,Claude + mini-SWE,Claude,mini-SWE,shared,pip_seq_v4,PIP-seq v4,pending,err_0058,T3,workflow_or_topology_error,typed_edge,True,unresolved,unresolved,pending,unresolved,,0
claude_mini_swe,Claude + mini-SWE,Claude,mini-SWE,shared,sci_atac_seq,sci-ATAC-seq,pending,err_0001,T2,unsupported_completion,oligo_family,True,unresolved,unresolved,pending,unresolved,,0
claude_mini_swe,Claude + mini-SWE,Claude,mini-SWE,shared,sci_atac_seq,sci-ATAC-seq,pending,err_0002,T2,molecular_state_or_assembly_error,oligo_family,True,unresolved,unresolved,pending,unresolved,,0
claude_mini_swe,Claude + mini-SWE,Claude,mini-SWE,shared,sci_atac_seq,sci-ATAC-seq,pending,err_0003,T2,molecular_state_or_assembly_error,oligo_family,True,unresolved,unresolved,pending,unresolved,,0
claude_mini_swe,Claude + mini-SWE,Claude,mini-SWE,shared,sci_atac_seq,sci-ATAC-seq,pending,err_0004,T2,workflow_or_topology_error,oligo_family,True,unresolved,unresolved,pending,unresolved,,0
claude_mini_swe,Claude + mini-SWE,Claude,mini-SWE,shared,sci_atac_seq,sci-ATAC-seq,pending,err_0005,T2,missing_recoverable_information,oligo_family,True,unresolved,unresolved,pending,unresolved,,0
claude_mini_swe,Claude + mini-SWE,Claude,mini-SWE,shared,sci_atac_seq,sci-ATAC-seq,pending,err_0006,T2,missing_recoverable_information,oligo_family,True,unresolved,unresolved,pending,unresolved,,0
claude_mini_swe,Claude + mini-SWE,Claude,mini-SWE,shared,sci_atac_seq,sci-ATAC-seq,pending,err_0007,T3,missing_recoverable_information,state,True,unresolved,unresolved,pending,unresolved,,0
claude_mini_swe,Claude + mini-SWE,Claude,mini-SWE,shared,sci_atac_seq,sci-ATAC-seq,pending,err_0008,T3,missing_recoverable_information,state,True,unresolved,unresolved,pending,unresolved,,0
claude_mini_swe,Claude + mini-SWE,Claude,mini-SWE,shared,sci_atac_seq,sci-ATAC-seq,pending,err_0009,T3,missing_recoverable_information,state,True,unresolved,unresolved,pending,unresolved,,0
claude_mini_swe,Claude + mini-SWE,Claude,mini-SWE,shared,sci_atac_seq,sci-ATAC-seq,pending,err_0010,T3,missing_recoverable_information,state,True,unresolved,unresolved,pending,unresolved,,0
claude_mini_swe,Claude + mini-SWE,Claude,mini-SWE,shared,sci_atac_seq,sci-ATAC-seq,pending,err_0011,T3,missing_recoverable_information,state,True,unresolved,unresolved,pending,unresolved,,0
claude_mini_swe,Claude + mini-SWE,Claude,mini-SWE,shared,sci_atac_seq,sci-ATAC-seq,pending,err_0012,T3,missing_recoverable_information,state,True,unresolved,unresolved,pending,unresolved,,0
claude_mini_swe,Claude + mini-SWE,Claude,mini-SWE,shared,sci_atac_seq,sci-ATAC-seq,pending,err_0013,T3,missing_recoverable_information,transition,True,unresolved,unresolved,pending,unresolved,,0
claude_mini_swe,Claude + mini-SWE,Claude,mini-SWE,shared,sci_atac_seq,sci-ATAC-seq,pending,err_0014,T3,unsupported_completion,transition,True,unresolved,unresolved,pending,unresolved,,0
claude_mini_swe,Claude + mini-SWE,Claude,mini-SWE,shared,sci_atac_seq,sci-ATAC-seq,pending,err_0015,T3,molecular_state_or_assembly_error,state,True,unresolved,unresolved,pending,unresolved,,0
claude_mini_swe,Claude + mini-SWE,Claude,mini-SWE,shared,sci_atac_seq,sci-ATAC-seq,pending,err_0016,T3,molecular_state_or_assembly_error,state,True,unresolved,unresolved,pending,unresolved,,0
claude_mini_swe,Claude + mini-SWE,Claude,mini-SWE,shared,sci_atac_seq,sci-ATAC-seq,pending,err_0017,T3,molecular_state_or_assembly_error,state,True,unresolved,unresolved,pending,unresolved,,0
claude_mini_swe,Claude + mini-SWE,Claude,mini-SWE,shared,sci_atac_seq,sci-ATAC-seq,pending,err_0018,T3,molecular_state_or_assembly_error,state,True,unresolved,unresolved,pending,unresolved,,0
claude_mini_swe,Claude + mini-SWE,Claude,mini-SWE,shared,sci_atac_seq,sci-ATAC-seq,pending,err_0019,T3,workflow_or_topology_error,transition,True,unresolved,unresolved,pending,unresolved,,0
claude_mini_swe,Claude + mini-SWE,Claude,mini-SWE,shared,sci_atac_seq,sci-ATAC-seq,pending,err_0020,T3,workflow_or_topology_error,transition,True,unresolved,unresolved,pending,unresolved,,0
claude_mini_swe,Claude + mini-SWE,Claude,mini-SWE,shared,sci_atac_seq,sci-ATAC-seq,pending,err_0021,T3,workflow_or_topology_error,typed_edge,True,unresolved,unresolved,pending,unresolved,,0
claude_mini_swe,Claude + mini-SWE,Claude,mini-SWE,shared,sci_atac_seq,sci-ATAC-seq,pending,err_0022,T3,workflow_or_topology_error,typed_edge,True,unresolved,unresolved,pending,unresolved,,0
claude_mini_swe,Claude + mini-SWE,Claude,mini-SWE,shared,sci_atac_seq,sci-ATAC-seq,pending,err_0023,T3,workflow_or_topology_error,typed_edge,True,unresolved,unresolved,pending,unresolved,,0
claude_mini_swe,Claude + mini-SWE,Claude,mini-SWE,shared,sci_atac_seq,sci-ATAC-seq,pending,err_0024,T3,workflow_or_topology_error,typed_edge,True,unresolved,unresolved,pending,unresolved,,0
claude_mini_swe,Claude + mini-SWE,Claude,mini-SWE,shared,sci_atac_seq,sci-ATAC-seq,pending,err_0025,T3,workflow_or_topology_error,typed_edge,True,unresolved,unresolved,pending,unresolved,,0
claude_mini_swe,Claude + mini-SWE,Claude,mini-SWE,shared,sci_atac_seq,sci-ATAC-seq,pending,err_0026,T3,workflow_or_topology_error,typed_edge,True,unresolved,unresolved,pending,unresolved,,0
claude_mini_swe,Claude + mini-SWE,Claude,mini-SWE,shared,sci_atac_seq,sci-ATAC-seq,pending,err_0027,T3,workflow_or_topology_error,typed_edge,True,unresolved,unresolved,pending,unresolved,,0
claude_mini_swe,Claude + mini-SWE,Claude,mini-SWE,shared,sci_atac_seq,sci-ATAC-seq,pending,err_0028,T3,workflow_or_topology_error,typed_edge,True,unresolved,unresolved,pending,unresolved,,0
claude_mini_swe,Claude + mini-SWE,Claude,mini-SWE,shared,sci_atac_seq,sci-ATAC-seq,pending,err_0029,T3,workflow_or_topology_error,typed_edge,True,unresolved,unresolved,pending,unresolved,,0
claude_mini_swe,Claude + mini-SWE,Claude,mini-SWE,shared,sci_atac_seq,sci-ATAC-seq,pending,err_0030,T3,workflow_or_topology_error,typed_edge,True,unresolved,unresolved,pending,unresolved,,0
claude_mini_swe,Claude + mini-SWE,Claude,mini-SWE,shared,sci_atac_seq,sci-ATAC-seq,pending,err_0031,T3,workflow_or_topology_error,typed_edge,True,unresolved,unresolved,pending,unresolved,,0
claude_mini_swe,Claude + mini-SWE,Claude,mini-SWE,shared,sci_atac_seq,sci-ATAC-seq,pending,err_0032,T3,workflow_or_topology_error,typed_edge,True,unresolved,unresolved,pending,unresolved,,0
claude_mini_swe,Claude + mini-SWE,Claude,mini-SWE,shared,sci_atac_seq,sci-ATAC-seq,pending,err_0033,T3,workflow_or_topology_error,typed_edge,True,unresolved,unresolved,pending,unresolved,,0
claude_mini_swe,Claude + mini-SWE,Claude,mini-SWE,shared,scrrbs,scRRBS,pending,err_0001,T2,missing_recoverable_information,oligo_family,True,unresolved,unresolved,pending,unresolved,,0
claude_mini_swe,Claude + mini-SWE,Claude,mini-SWE,shared,scrrbs,scRRBS,pending,err_0002,T2,molecular_state_or_assembly_error,oligo_family,True,unresolved,unresolved,pending,unresolved,,0
claude_mini_swe,Claude + mini-SWE,Claude,mini-SWE,shared,scrrbs,scRRBS,pending,err_0003,T2,missing_recoverable_information,oligo_family,True,unresolved,unresolved,pending,unresolved,,0
claude_mini_swe,Claude + mini-SWE,Claude,mini-SWE,shared,scrrbs,scRRBS,pending,err_0004,T2,molecular_state_or_assembly_error,oligo_family,True,unresolved,unresolved,pending,unresolved,,0
claude_mini_swe,Claude + mini-SWE,Claude,mini-SWE,shared,scrrbs,scRRBS,pending,err_0005,T2,workflow_or_topology_error,oligo_family,True,unresolved,unresolved,pending,unresolved,,0
claude_mini_swe,Claude + mini-SWE,Claude,mini-SWE,shared,scrrbs,scRRBS,pending,err_0006,T3,unsupported_completion,transition,True,unresolved,unresolved,pending,unresolved,,0
claude_mini_swe,Claude + mini-SWE,Claude,mini-SWE,shared,scrrbs,scRRBS,pending,err_0007,T3,molecular_state_or_assembly_error,state,True,unresolved,unresolved,pending,unresolved,,0
claude_mini_swe,Claude + mini-SWE,Claude,mini-SWE,shared,scrrbs,scRRBS,pending,err_0008,T3,molecular_state_or_assembly_error,state,True,unresolved,unresolved,pending,unresolved,,0
claude_mini_swe,Claude + mini-SWE,Claude,mini-SWE,shared,scrrbs,scRRBS,pending,err_0009,T3,molecular_state_or_assembly_error,state,True,unresolved,unresolved,pending,unresolved,,0
claude_mini_swe,Claude + mini-SWE,Claude,mini-SWE,shared,scrrbs,scRRBS,pending,err_0010,T3,molecular_state_or_assembly_error,state,True,unresolved,unresolved,pending,unresolved,,0
claude_mini_swe,Claude + mini-SWE,Claude,mini-SWE,shared,scrrbs,scRRBS,pending,err_0011,T3,molecular_state_or_assembly_error,state,True,unresolved,unresolved,pending,unresolved,,0
claude_mini_swe,Claude + mini-SWE,Claude,mini-SWE,shared,scrrbs,scRRBS,pending,err_0012,T3,molecular_state_or_assembly_error,state,True,unresolved,unresolved,pending,unresolved,,0
claude_mini_swe,Claude + mini-SWE,Claude,mini-SWE,shared,scrrbs,scRRBS,pending,err_0013,T3,molecular_state_or_assembly_error,state,True,unresolved,unresolved,pending,unresolved,,0
claude_mini_swe,Claude + mini-SWE,Claude,mini-SWE,shared,scrrbs,scRRBS,pending,err_0014,T3,workflow_or_topology_error,transition,True,unresolved,unresolved,pending,unresolved,,0
claude_mini_swe,Claude + mini-SWE,Claude,mini-SWE,shared,scrrbs,scRRBS,pending,err_0015,T3,workflow_or_topology_error,transition,True,unresolved,unresolved,pending,unresolved,,0
claude_mini_swe,Claude + mini-SWE,Claude,mini-SWE,shared,scrrbs,scRRBS,pending,err_0016,T3,workflow_or_topology_error,transition,True,unresolved,unresolved,pending,unresolved,,0
claude_mini_swe,Claude + mini-SWE,Claude,mini-SWE,shared,scrrbs,scRRBS,pending,err_0017,T3,workflow_or_topology_error,typed_edge,True,unresolved,unresolved,pending,unresolved,,0
claude_mini_swe,Claude + mini-SWE,Claude,mini-SWE,shared,scrrbs,scRRBS,pending,err_0018,T3,workflow_or_topology_error,typed_edge,True,unresolved,unresolved,pending,unresolved,,0
claude_mini_swe,Claude + mini-SWE,Claude,mini-SWE,shared,scrrbs,scRRBS,pending,err_0019,T3,workflow_or_topology_error,typed_edge,True,unresolved,unresolved,pending,unresolved,,0
claude_mini_swe,Claude + mini-SWE,Claude,mini-SWE,shared,scrrbs,scRRBS,pending,err_0020,T3,workflow_or_topology_error,typed_edge,True,unresolved,unresolved,pending,unresolved,,0
claude_mini_swe,Claude + mini-SWE,Claude,mini-SWE,shared,scrrbs,scRRBS,pending,err_0021,T3,workflow_or_topology_error,typed_edge,True,unresolved,unresolved,pending,unresolved,,0
claude_mini_swe,Claude + mini-SWE,Claude,mini-SWE,shared,scrrbs,scRRBS,pending,err_0022,T3,workflow_or_topology_error,typed_edge,True,unresolved,unresolved,pending,unresolved,,0
claude_mini_swe,Claude + mini-SWE,Claude,mini-SWE,shared,share_seq,SHARE-seq,pending,err_0001,T2,workflow_or_topology_error,oligo_family,True,unresolved,unresolved,pending,unresolved,,0
claude_mini_swe,Claude + mini-SWE,Claude,mini-SWE,shared,share_seq,SHARE-seq,pending,err_0002,T2,workflow_or_topology_error,oligo_family,True,unresolved,unresolved,pending,unresolved,,0
claude_mini_swe,Claude + mini-SWE,Claude,mini-SWE,shared,share_seq,SHARE-seq,pending,err_0003,T2,molecular_state_or_assembly_error,oligo_family,True,unresolved,unresolved,pending,unresolved,,0
claude_mini_swe,Claude + mini-SWE,Claude,mini-SWE,shared,share_seq,SHARE-seq,pending,err_0004,T2,molecular_state_or_assembly_error,oligo_family,True,unresolved,unresolved,pending,unresolved,,0
claude_mini_swe,Claude + mini-SWE,Claude,mini-SWE,shared,share_seq,SHARE-seq,pending,err_0005,T2,molecular_state_or_assembly_error,oligo_family,True,unresolved,unresolved,pending,unresolved,,0
claude_mini_swe,Claude + mini-SWE,Claude,mini-SWE,shared,share_seq,SHARE-seq,pending,err_0006,T2,molecular_state_or_assembly_error,oligo_family,True,unresolved,unresolved,pending,unresolved,,0
claude_mini_swe,Claude + mini-SWE,Claude,mini-SWE,shared,share_seq,SHARE-seq,pending,err_0007,T2,molecular_state_or_assembly_error,oligo_family,True,unresolved,unresolved,pending,unresolved,,0
claude_mini_swe,Claude + mini-SWE,Claude,mini-SWE,shared,share_seq,SHARE-seq,pending,err_0008,T2,molecular_state_or_assembly_error,oligo_family,True,unresolved,unresolved,pending,unresolved,,0
claude_mini_swe,Claude + mini-SWE,Claude,mini-SWE,shared,share_seq,SHARE-seq,pending,err_0009,T2,molecular_state_or_assembly_error,oligo_family,True,unresolved,unresolved,pending,unresolved,,0
claude_mini_swe,Claude + mini-SWE,Claude,mini-SWE,shared,share_seq,SHARE-seq,pending,err_0010,T2,molecular_state_or_assembly_error,oligo_family,True,unresolved,unresolved,pending,unresolved,,0
claude_mini_swe,Claude + mini-SWE,Claude,mini-SWE,shared,share_seq,SHARE-seq,pending,err_0011,T2,molecular_state_or_assembly_error,oligo_family,True,unresolved,unresolved,pending,unresolved,,0
claude_mini_swe,Claude + mini-SWE,Claude,mini-SWE,shared,share_seq,SHARE-seq,pending,err_0012,T3,molecular_state_or_assembly_error,state,True,unresolved,unresolved,pending,unresolved,,0
claude_mini_swe,Claude + mini-SWE,Claude,mini-SWE,shared,share_seq,SHARE-seq,pending,err_0013,T3,molecular_state_or_assembly_error,state,True,unresolved,unresolved,pending,unresolved,,0
claude_mini_swe,Claude + mini-SWE,Claude,mini-SWE,shared,share_seq,SHARE-seq,pending,err_0014,T3,molecular_state_or_assembly_error,state,True,unresolved,unresolved,pending,unresolved,,0
claude_mini_swe,Claude + mini-SWE,Claude,mini-SWE,shared,share_seq,SHARE-seq,pending,err_0015,T3,molecular_state_or_assembly_error,state,True,unresolved,unresolved,pending,unresolved,,0
claude_mini_swe,Claude + mini-SWE,Claude,mini-SWE,shared,share_seq,SHARE-seq,pending,err_0016,T3,molecular_state_or_assembly_error,state,True,unresolved,unresolved,pending,unresolved,,0
claude_mini_swe,Claude + mini-SWE,Claude,mini-SWE,shared,share_seq,SHARE-seq,pending,err_0017,T3,molecular_state_or_assembly_error,state,True,unresolved,unresolved,pending,unresolved,,0
claude_mini_swe,Claude + mini-SWE,Claude,mini-SWE,shared,share_seq,SHARE-seq,pending,err_0018,T3,molecular_state_or_assembly_error,state,True,unresolved,unresolved,pending,unresolved,,0
claude_mini_swe,Claude + mini-SWE,Claude,mini-SWE,shared,share_seq,SHARE-seq,pending,err_0019,T3,molecular_state_or_assembly_error,state,True,unresolved,unresolved,pending,unresolved,,0
claude_mini_swe,Claude + mini-SWE,Claude,mini-SWE,shared,share_seq,SHARE-seq,pending,err_0020,T3,molecular_state_or_assembly_error,state,True,unresolved,unresolved,pending,unresolved,,0
claude_mini_swe,Claude + mini-SWE,Claude,mini-SWE,shared,share_seq,SHARE-seq,pending,err_0021,T3,molecular_state_or_assembly_error,state,True,unresolved,unresolved,pending,unresolved,,0
claude_mini_swe,Claude + mini-SWE,Claude,mini-SWE,shared,share_seq,SHARE-seq,pending,err_0022,T3,molecular_state_or_assembly_error,state,True,unresolved,unresolved,pending,unresolved,,0
claude_mini_swe,Claude + mini-SWE,Claude,mini-SWE,shared,share_seq,SHARE-seq,pending,err_0023,T3,molecular_state_or_assembly_error,state,True,unresolved,unresolved,pending,unresolved,,0
claude_mini_swe,Claude + mini-SWE,Claude,mini-SWE,shared,share_seq,SHARE-seq,pending,err_0024,T3,molecular_state_or_assembly_error,state,True,unresolved,unresolved,pending,unresolved,,0
claude_mini_swe,Claude + mini-SWE,Claude,mini-SWE,shared,share_seq,SHARE-seq,pending,err_0025,T3,molecular_state_or_assembly_error,state,True,unresolved,unresolved,pending,unresolved,,0
claude_mini_swe,Claude + mini-SWE,Claude,mini-SWE,shared,share_seq,SHARE-seq,pending,err_0026,T3,molecular_state_or_assembly_error,state,True,unresolved,unresolved,pending,unresolved,,0
claude_mini_swe,Claude + mini-SWE,Claude,mini-SWE,shared,share_seq,SHARE-seq,pending,err_0027,T3,molecular_state_or_assembly_error,state,True,unresolved,unresolved,pending,unresolved,,0
claude_mini_swe,Claude + mini-SWE,Claude,mini-SWE,shared,share_seq,SHARE-seq,pending,err_0028,T3,molecular_state_or_assembly_error,state,True,unresolved,unresolved,pending,unresolved,,0
claude_mini_swe,Claude + mini-SWE,Claude,mini-SWE,shared,share_seq,SHARE-seq,pending,err_0029,T3,operation_error,transition,True,unresolved,unresolved,pending,unresolved,,0
claude_mini_swe,Claude + mini-SWE,Claude,mini-SWE,shared,share_seq,SHARE-seq,pending,err_0030,T3,operation_error,transition,True,unresolved,unresolved,pending,unresolved,,0
claude_mini_swe,Claude + mini-SWE,Claude,mini-SWE,shared,share_seq,SHARE-seq,pending,err_0031,T3,workflow_or_topology_error,transition,True,unresolved,unresolved,pending,unresolved,,0
claude_mini_swe,Claude + mini-SWE,Claude,mini-SWE,shared,share_seq,SHARE-seq,pending,err_0032,T3,operation_error,transition,True,unresolved,unresolved,pending,unresolved,,0
claude_mini_swe,Claude + mini-SWE,Claude,mini-SWE,shared,share_seq,SHARE-seq,pending,err_0033,T3,workflow_or_topology_error,transition,True,unresolved,unresolved,pending,unresolved,,0
claude_mini_swe,Claude + mini-SWE,Claude,mini-SWE,shared,share_seq,SHARE-seq,pending,err_0034,T3,operation_error,transition,True,unresolved,unresolved,pending,unresolved,,0
claude_mini_swe,Claude + mini-SWE,Claude,mini-SWE,shared,share_seq,SHARE-seq,pending,err_0035,T3,workflow_or_topology_error,transition,True,unresolved,unresolved,pending,unresolved,,0
claude_mini_swe,Claude + mini-SWE,Claude,mini-SWE,shared,share_seq,SHARE-seq,pending,err_0036,T3,workflow_or_topology_error,transition,True,unresolved,unresolved,pending,unresolved,,0
claude_mini_swe,Claude + mini-SWE,Claude,mini-SWE,shared,share_seq,SHARE-seq,pending,err_0037,T3,workflow_or_topology_error,transition,True,unresolved,unresolved,pending,unresolved,,0
claude_mini_swe,Claude + mini-SWE,Claude,mini-SWE,shared,share_seq,SHARE-seq,pending,err_0038,T3,workflow_or_topology_error,transition,True,unresolved,unresolved,pending,unresolved,,0
claude_mini_swe,Claude + mini-SWE,Claude,mini-SWE,shared,share_seq,SHARE-seq,pending,err_0039,T3,workflow_or_topology_error,typed_edge,True,unresolved,unresolved,pending,unresolved,,0
claude_mini_swe,Claude + mini-SWE,Claude,mini-SWE,shared,share_seq,SHARE-seq,pending,err_0040,T3,workflow_or_topology_error,typed_edge,True,unresolved,unresolved,pending,unresolved,,0
claude_mini_swe,Claude + mini-SWE,Claude,mini-SWE,shared,share_seq,SHARE-seq,pending,err_0041,T3,workflow_or_topology_error,typed_edge,True,unresolved,unresolved,pending,unresolved,,0
claude_mini_swe,Claude + mini-SWE,Claude,mini-SWE,shared,share_seq,SHARE-seq,pending,err_0042,T3,workflow_or_topology_error,typed_edge,True,unresolved,unresolved,pending,unresolved,,0
claude_mini_swe,Claude + mini-SWE,Claude,mini-SWE,shared,share_seq,SHARE-seq,pending,err_0043,T3,workflow_or_topology_error,typed_edge,True,unresolved,unresolved,pending,unresolved,,0
claude_mini_swe,Claude + mini-SWE,Claude,mini-SWE,shared,share_seq,SHARE-seq,pending,err_0044,T3,workflow_or_topology_error,typed_edge,True,unresolved,unresolved,pending,unresolved,,0
claude_mini_swe,Claude + mini-SWE,Claude,mini-SWE,shared,share_seq,SHARE-seq,pending,err_0045,T3,workflow_or_topology_error,typed_edge,True,unresolved,unresolved,pending,unresolved,,0
claude_mini_swe,Claude + mini-SWE,Claude,mini-SWE,shared,share_seq,SHARE-seq,pending,err_0046,T3,workflow_or_topology_error,typed_edge,True,unresolved,unresolved,pending,unresolved,,0
claude_mini_swe,Claude + mini-SWE,Claude,mini-SWE,shared,share_seq,SHARE-seq,pending,err_0047,T3,workflow_or_topology_error,typed_edge,True,unresolved,unresolved,pending,unresolved,,0
claude_mini_swe,Claude + mini-SWE,Claude,mini-SWE,shared,share_seq,SHARE-seq,pending,err_0048,T3,workflow_or_topology_error,typed_edge,True,unresolved,unresolved,pending,unresolved,,0
claude_mini_swe,Claude + mini-SWE,Claude,mini-SWE,shared,share_seq,SHARE-seq,pending,err_0049,T3,workflow_or_topology_error,typed_edge,True,unresolved,unresolved,pending,unresolved,,0
claude_mini_swe,Claude + mini-SWE,Claude,mini-SWE,shared,share_seq,SHARE-seq,pending,err_0050,T3,workflow_or_topology_error,typed_edge,True,unresolved,unresolved,pending,unresolved,,0
claude_mini_swe,Claude + mini-SWE,Claude,mini-SWE,shared,share_seq,SHARE-seq,pending,err_0051,T3,workflow_or_topology_error,typed_edge,True,unresolved,unresolved,pending,unresolved,,0
claude_mini_swe,Claude + mini-SWE,Claude,mini-SWE,shared,share_seq,SHARE-seq,pending,err_0052,T3,workflow_or_topology_error,typed_edge,True,unresolved,unresolved,pending,unresolved,,0
claude_mini_swe,Claude + mini-SWE,Claude,mini-SWE,shared,share_seq,SHARE-seq,pending,err_0053,T3,workflow_or_topology_error,typed_edge,True,unresolved,unresolved,pending,unresolved,,0
claude_mini_swe,Claude + mini-SWE,Claude,mini-SWE,shared,share_seq,SHARE-seq,pending,err_0054,T3,workflow_or_topology_error,typed_edge,True,unresolved,unresolved,pending,unresolved,,0
claude_mini_swe,Claude + mini-SWE,Claude,mini-SWE,shared,smart_seq,SMART-seq,pending,err_0001,T2,unsupported_completion,oligo_family,True,unresolved,unresolved,pending,unresolved,,0
claude_mini_swe,Claude + mini-SWE,Claude,mini-SWE,shared,smart_seq,SMART-seq,pending,err_0002,T2,unsupported_completion,oligo_family,True,unresolved,unresolved,pending,unresolved,,0
claude_mini_swe,Claude + mini-SWE,Claude,mini-SWE,shared,smart_seq,SMART-seq,pending,err_0003,T2,unsupported_completion,oligo_family,True,unresolved,unresolved,pending,unresolved,,0
claude_mini_swe,Claude + mini-SWE,Claude,mini-SWE,shared,smart_seq,SMART-seq,pending,err_0004,T2,unsupported_completion,oligo_family,True,unresolved,unresolved,pending,unresolved,,0
claude_mini_swe,Claude + mini-SWE,Claude,mini-SWE,shared,smart_seq,SMART-seq,pending,err_0005,T2,unsupported_completion,oligo_family,True,unresolved,unresolved,pending,unresolved,,0
claude_mini_swe,Claude + mini-SWE,Claude,mini-SWE,shared,smart_seq,SMART-seq,pending,err_0006,T2,unsupported_completion,oligo_family,True,unresolved,unresolved,pending,unresolved,,0
claude_mini_swe,Claude + mini-SWE,Claude,mini-SWE,shared,smart_seq,SMART-seq,pending,err_0007,T2,molecular_state_or_assembly_error,oligo_family,True,unresolved,unresolved,pending,unresolved,,0
claude_mini_swe,Claude + mini-SWE,Claude,mini-SWE,shared,smart_seq,SMART-seq,pending,err_0008,T2,molecular_state_or_assembly_error,oligo_family,True,unresolved,unresolved,pending,unresolved,,0
claude_mini_swe,Claude + mini-SWE,Claude,mini-SWE,shared,smart_seq,SMART-seq,pending,err_0009,T2,molecular_state_or_assembly_error,oligo_family,True,unresolved,unresolved,pending,unresolved,,0
claude_mini_swe,Claude + mini-SWE,Claude,mini-SWE,shared,smart_seq,SMART-seq,pending,err_0010,T3,missing_recoverable_information,transition,True,unresolved,unresolved,pending,unresolved,,0
claude_mini_swe,Claude + mini-SWE,Claude,mini-SWE,shared,smart_seq,SMART-seq,pending,err_0011,T3,molecular_state_or_assembly_error,state,True,unresolved,unresolved,pending,unresolved,,0
claude_mini_swe,Claude + mini-SWE,Claude,mini-SWE,shared,smart_seq,SMART-seq,pending,err_0012,T3,molecular_state_or_assembly_error,state,True,unresolved,unresolved,pending,unresolved,,0
claude_mini_swe,Claude + mini-SWE,Claude,mini-SWE,shared,smart_seq,SMART-seq,pending,err_0013,T3,molecular_state_or_assembly_error,state,True,unresolved,unresolved,pending,unresolved,,0
claude_mini_swe,Claude + mini-SWE,Claude,mini-SWE,shared,smart_seq,SMART-seq,pending,err_0014,T3,molecular_state_or_assembly_error,state,True,unresolved,unresolved,pending,unresolved,,0
claude_mini_swe,Claude + mini-SWE,Claude,mini-SWE,shared,smart_seq,SMART-seq,pending,err_0015,T3,molecular_state_or_assembly_error,state,True,unresolved,unresolved,pending,unresolved,,0
claude_mini_swe,Claude + mini-SWE,Claude,mini-SWE,shared,smart_seq,SMART-seq,pending,err_0016,T3,molecular_state_or_assembly_error,state,True,unresolved,unresolved,pending,unresolved,,0
claude_mini_swe,Claude + mini-SWE,Claude,mini-SWE,shared,smart_seq,SMART-seq,pending,err_0017,T3,workflow_or_topology_error,transition,True,unresolved,unresolved,pending,unresolved,,0
claude_mini_swe,Claude + mini-SWE,Claude,mini-SWE,shared,smart_seq,SMART-seq,pending,err_0018,T3,workflow_or_topology_error,transition,True,unresolved,unresolved,pending,unresolved,,0
claude_mini_swe,Claude + mini-SWE,Claude,mini-SWE,shared,smart_seq,SMART-seq,pending,err_0019,T3,workflow_or_topology_error,transition,True,unresolved,unresolved,pending,unresolved,,0
claude_mini_swe,Claude + mini-SWE,Claude,mini-SWE,shared,smart_seq,SMART-seq,pending,err_0020,T3,workflow_or_topology_error,typed_edge,True,unresolved,unresolved,pending,unresolved,,0
claude_mini_swe,Claude + mini-SWE,Claude,mini-SWE,shared,smart_seq,SMART-seq,pending,err_0021,T3,workflow_or_topology_error,typed_edge,True,unresolved,unresolved,pending,unresolved,,0
claude_mini_swe,Claude + mini-SWE,Claude,mini-SWE,shared,smart_seq,SMART-seq,pending,err_0022,T3,workflow_or_topology_error,typed_edge,True,unresolved,unresolved,pending,unresolved,,0
claude_mini_swe,Claude + mini-SWE,Claude,mini-SWE,shared,smart_seq,SMART-seq,pending,err_0023,T3,workflow_or_topology_error,typed_edge,True,unresolved,unresolved,pending,unresolved,,0
claude_mini_swe,Claude + mini-SWE,Claude,mini-SWE,shared,smart_seq,SMART-seq,pending,err_0024,T3,workflow_or_topology_error,typed_edge,True,unresolved,unresolved,pending,unresolved,,0
claude_mini_swe,Claude + mini-SWE,Claude,mini-SWE,shared,smart_seq,SMART-seq,pending,err_0025,T3,workflow_or_topology_error,typed_edge,True,unresolved,unresolved,pending,unresolved,,0
claude_mini_swe,Claude + mini-SWE,Claude,mini-SWE,shared,smart_seq,SMART-seq,pending,err_0026,T3,workflow_or_topology_error,typed_edge,True,unresolved,unresolved,pending,unresolved,,0
gemini_pi,Gemini + Pi,Gemini,Pi,shared,10x_chromium_3_gene_expression_v4,10x 3' GEX v4,pending,err_0001,T2,unsupported_completion,oligo_family,True,unresolved,unresolved,pending,unresolved,,0
gemini_pi,Gemini + Pi,Gemini,Pi,shared,10x_chromium_3_gene_expression_v4,10x 3' GEX v4,pending,err_0002,T2,unsupported_completion,oligo_family,True,unresolved,unresolved,pending,unresolved,,0
gemini_pi,Gemini + Pi,Gemini,Pi,shared,10x_chromium_3_gene_expression_v4,10x 3' GEX v4,pending,err_0003,T2,unsupported_completion,oligo_family,True,unresolved,unresolved,pending,unresolved,,0
gemini_pi,Gemini + Pi,Gemini,Pi,shared,10x_chromium_3_gene_expression_v4,10x 3' GEX v4,pending,err_0004,T2,molecular_state_or_assembly_error,oligo_family,True,unresolved,unresolved,pending,unresolved,,0
gemini_pi,Gemini + Pi,Gemini,Pi,shared,10x_chromium_3_gene_expression_v4,10x 3' GEX v4,pending,err_0005,T2,molecular_state_or_assembly_error,oligo_family,True,unresolved,unresolved,pending,unresolved,,0
gemini_pi,Gemini + Pi,Gemini,Pi,shared,10x_chromium_3_gene_expression_v4,10x 3' GEX v4,pending,err_0006,T2,workflow_or_topology_error,oligo_family,True,unresolved,unresolved,pending,unresolved,,0
gemini_pi,Gemini + Pi,Gemini,Pi,shared,10x_chromium_3_gene_expression_v4,10x 3' GEX v4,pending,err_0007,T2,molecular_state_or_assembly_error,oligo_family,True,unresolved,unresolved,pending,unresolved,,0
gemini_pi,Gemini + Pi,Gemini,Pi,shared,10x_chromium_3_gene_expression_v4,10x 3' GEX v4,pending,err_0008,T2,workflow_or_topology_error,oligo_family,True,unresolved,unresolved,pending,unresolved,,0
gemini_pi,Gemini + Pi,Gemini,Pi,shared,10x_chromium_3_gene_expression_v4,10x 3' GEX v4,pending,err_0009,T2,molecular_state_or_assembly_error,oligo_family,True,unresolved,unresolved,pending,unresolved,,0
gemini_pi,Gemini + Pi,Gemini,Pi,shared,10x_chromium_3_gene_expression_v4,10x 3' GEX v4,pending,err_0010,T2,workflow_or_topology_error,oligo_family,True,unresolved,unresolved,pending,unresolved,,0
gemini_pi,Gemini + Pi,Gemini,Pi,shared,10x_chromium_3_gene_expression_v4,10x 3' GEX v4,pending,err_0011,T3,molecular_state_or_assembly_error,state,True,unresolved,unresolved,pending,unresolved,,0
gemini_pi,Gemini + Pi,Gemini,Pi,shared,10x_chromium_3_gene_expression_v4,10x 3' GEX v4,pending,err_0012,T3,molecular_state_or_assembly_error,state,True,unresolved,unresolved,pending,unresolved,,0
gemini_pi,Gemini + Pi,Gemini,Pi,shared,10x_chromium_3_gene_expression_v4,10x 3' GEX v4,pending,err_0013,T3,molecular_state_or_assembly_error,state,True,unresolved,unresolved,pending,unresolved,,0
gemini_pi,Gemini + Pi,Gemini,Pi,shared,10x_chromium_3_gene_expression_v4,10x 3' GEX v4,pending,err_0014,T3,molecular_state_or_assembly_error,state,True,unresolved,unresolved,pending,unresolved,,0
gemini_pi,Gemini + Pi,Gemini,Pi,shared,10x_chromium_3_gene_expression_v4,10x 3' GEX v4,pending,err_0015,T3,molecular_state_or_assembly_error,state,True,unresolved,unresolved,pending,unresolved,,0
gemini_pi,Gemini + Pi,Gemini,Pi,shared,10x_chromium_3_gene_expression_v4,10x 3' GEX v4,pending,err_0016,T3,molecular_state_or_assembly_error,state,True,unresolved,unresolved,pending,unresolved,,0
gemini_pi,Gemini + Pi,Gemini,Pi,shared,10x_chromium_3_gene_expression_v4,10x 3' GEX v4,pending,err_0017,T3,molecular_state_or_assembly_error,state,True,unresolved,unresolved,pending,unresolved,,0
gemini_pi,Gemini + Pi,Gemini,Pi,shared,10x_chromium_3_gene_expression_v4,10x 3' GEX v4,pending,err_0018,T3,workflow_or_topology_error,transition,True,unresolved,unresolved,pending,unresolved,,0
gemini_pi,Gemini + Pi,Gemini,Pi,shared,10x_chromium_3_gene_expression_v4,10x 3' GEX v4,pending,err_0019,T3,workflow_or_topology_error,transition,True,unresolved,unresolved,pending,unresolved,,0
gemini_pi,Gemini + Pi,Gemini,Pi,shared,10x_chromium_3_gene_expression_v4,10x 3' GEX v4,pending,err_0020,T3,workflow_or_topology_error,transition,True,unresolved,unresolved,pending,unresolved,,0
gemini_pi,Gemini + Pi,Gemini,Pi,shared,10x_chromium_3_gene_expression_v4,10x 3' GEX v4,pending,err_0021,T3,workflow_or_topology_error,transition,True,unresolved,unresolved,pending,unresolved,,0
gemini_pi,Gemini + Pi,Gemini,Pi,shared,10x_chromium_3_gene_expression_v4,10x 3' GEX v4,pending,err_0022,T3,operation_error,transition,True,unresolved,unresolved,pending,unresolved,,0
gemini_pi,Gemini + Pi,Gemini,Pi,shared,10x_chromium_3_gene_expression_v4,10x 3' GEX v4,pending,err_0023,T3,workflow_or_topology_error,transition,True,unresolved,unresolved,pending,unresolved,,0
gemini_pi,Gemini + Pi,Gemini,Pi,shared,10x_chromium_3_gene_expression_v4,10x 3' GEX v4,pending,err_0024,T3,workflow_or_topology_error,typed_edge,True,unresolved,unresolved,pending,unresolved,,0
gemini_pi,Gemini + Pi,Gemini,Pi,shared,10x_chromium_3_gene_expression_v4,10x 3' GEX v4,pending,err_0025,T3,workflow_or_topology_error,typed_edge,True,unresolved,unresolved,pending,unresolved,,0
gemini_pi,Gemini + Pi,Gemini,Pi,shared,10x_chromium_3_gene_expression_v4,10x 3' GEX v4,pending,err_0026,T3,workflow_or_topology_error,typed_edge,True,unresolved,unresolved,pending,unresolved,,0
gemini_pi,Gemini + Pi,Gemini,Pi,shared,10x_chromium_3_gene_expression_v4,10x 3' GEX v4,pending,err_0027,T3,workflow_or_topology_error,typed_edge,True,unresolved,unresolved,pending,unresolved,,0
gemini_pi,Gemini + Pi,Gemini,Pi,shared,10x_chromium_3_gene_expression_v4,10x 3' GEX v4,pending,err_0028,T3,workflow_or_topology_error,typed_edge,True,unresolved,unresolved,pending,unresolved,,0
gemini_pi,Gemini + Pi,Gemini,Pi,shared,10x_chromium_3_gene_expression_v4,10x 3' GEX v4,pending,err_0029,T3,workflow_or_topology_error,typed_edge,True,unresolved,unresolved,pending,unresolved,,0
gemini_pi,Gemini + Pi,Gemini,Pi,shared,10x_chromium_3_gene_expression_v4,10x 3' GEX v4,pending,err_0030,T3,workflow_or_topology_error,typed_edge,True,unresolved,unresolved,pending,unresolved,,0
gemini_pi,Gemini + Pi,Gemini,Pi,shared,10x_chromium_3_gene_expression_v4,10x 3' GEX v4,pending,err_0031,T3,workflow_or_topology_error,typed_edge,True,unresolved,unresolved,pending,unresolved,,0
gemini_pi,Gemini + Pi,Gemini,Pi,shared,10x_chromium_3_gene_expression_v4,10x 3' GEX v4,pending,err_0032,T3,workflow_or_topology_error,typed_edge,True,unresolved,unresolved,pending,unresolved,,0
gemini_pi,Gemini + Pi,Gemini,Pi,shared,10x_chromium_3_gene_expression_v4,10x 3' GEX v4,pending,err_0033,T3,workflow_or_topology_error,typed_edge,True,unresolved,unresolved,pending,unresolved,,0
gemini_pi,Gemini + Pi,Gemini,Pi,shared,10x_chromium_3_gene_expression_v4,10x 3' GEX v4,pending,err_0034,T3,workflow_or_topology_error,typed_edge,True,unresolved,unresolved,pending,unresolved,,0
gemini_pi,Gemini + Pi,Gemini,Pi,shared,10x_chromium_3_gene_expression_v4,10x 3' GEX v4,pending,err_0035,T3,workflow_or_topology_error,typed_edge,True,unresolved,unresolved,pending,unresolved,,0
gemini_pi,Gemini + Pi,Gemini,Pi,shared,ddseq_single_cell_3_rna_seq_kit,ddSEQ 3' RNA,pending,err_0001,T2,unsupported_completion,oligo_family,True,unresolved,unresolved,pending,unresolved,,0
gemini_pi,Gemini + Pi,Gemini,Pi,shared,ddseq_single_cell_3_rna_seq_kit,ddSEQ 3' RNA,pending,err_0002,T2,unsupported_completion,oligo_family,True,unresolved,unresolved,pending,unresolved,,0
gemini_pi,Gemini + Pi,Gemini,Pi,shared,ddseq_single_cell_3_rna_seq_kit,ddSEQ 3' RNA,pending,err_0003,T2,unsupported_completion,oligo_family,True,unresolved,unresolved,pending,unresolved,,0
gemini_pi,Gemini + Pi,Gemini,Pi,shared,ddseq_single_cell_3_rna_seq_kit,ddSEQ 3' RNA,pending,err_0004,T2,unsupported_completion,oligo_family,True,unresolved,unresolved,pending,unresolved,,0
gemini_pi,Gemini + Pi,Gemini,Pi,shared,ddseq_single_cell_3_rna_seq_kit,ddSEQ 3' RNA,pending,err_0005,T2,unsupported_completion,oligo_family,True,unresolved,unresolved,pending,unresolved,,0
gemini_pi,Gemini + Pi,Gemini,Pi,shared,ddseq_single_cell_3_rna_seq_kit,ddSEQ 3' RNA,pending,err_0006,T3,unsupported_completion,workflow,True,unresolved,unresolved,pending,unresolved,,0
gemini_pi,Gemini + Pi,Gemini,Pi,shared,ddseq_single_cell_3_rna_seq_kit,ddSEQ 3' RNA,pending,err_0007,T3,missing_recoverable_information,state,True,unresolved,unresolved,pending,unresolved,,0
gemini_pi,Gemini + Pi,Gemini,Pi,shared,ddseq_single_cell_3_rna_seq_kit,ddSEQ 3' RNA,pending,err_0008,T3,missing_recoverable_information,state,True,unresolved,unresolved,pending,unresolved,,0
gemini_pi,Gemini + Pi,Gemini,Pi,shared,ddseq_single_cell_3_rna_seq_kit,ddSEQ 3' RNA,pending,err_0009,T3,missing_recoverable_information,state,True,unresolved,unresolved,pending,unresolved,,0
gemini_pi,Gemini + Pi,Gemini,Pi,shared,ddseq_single_cell_3_rna_seq_kit,ddSEQ 3' RNA,pending,err_0010,T3,missing_recoverable_information,state,True,unresolved,unresolved,pending,unresolved,,0
gemini_pi,Gemini + Pi,Gemini,Pi,shared,ddseq_single_cell_3_rna_seq_kit,ddSEQ 3' RNA,pending,err_0011,T3,missing_recoverable_information,state,True,unresolved,unresolved,pending,unresolved,,0
gemini_pi,Gemini + Pi,Gemini,Pi,shared,ddseq_single_cell_3_rna_seq_kit,ddSEQ 3' RNA,pending,err_0012,T3,missing_recoverable_information,transition,True,unresolved,unresolved,pending,unresolved,,0
gemini_pi,Gemini + Pi,Gemini,Pi,shared,ddseq_single_cell_3_rna_seq_kit,ddSEQ 3' RNA,pending,err_0013,T3,missing_recoverable_information,transition,True,unresolved,unresolved,pending,unresolved,,0
gemini_pi,Gemini + Pi,Gemini,Pi,shared,ddseq_single_cell_3_rna_seq_kit,ddSEQ 3' RNA,pending,err_0014,T3,missing_recoverable_information,transition,True,unresolved,unresolved,pending,unresolved,,0
gemini_pi,Gemini + Pi,Gemini,Pi,shared,ddseq_single_cell_3_rna_seq_kit,ddSEQ 3' RNA,pending,err_0015,T3,missing_recoverable_information,terminal_output,True,unresolved,unresolved,pending,unresolved,,0
gemini_pi,Gemini + Pi,Gemini,Pi,shared,ddseq_single_cell_3_rna_seq_kit,ddSEQ 3' RNA,pending,err_0016,T3,molecular_state_or_assembly_error,state,True,unresolved,unresolved,pending,unresolved,,0
gemini_pi,Gemini + Pi,Gemini,Pi,shared,ddseq_single_cell_3_rna_seq_kit,ddSEQ 3' RNA,pending,err_0017,T3,molecular_state_or_assembly_error,state,True,unresolved,unresolved,pending,unresolved,,0
gemini_pi,Gemini + Pi,Gemini,Pi,shared,ddseq_single_cell_3_rna_seq_kit,ddSEQ 3' RNA,pending,err_0018,T3,molecular_state_or_assembly_error,state,True,unresolved,unresolved,pending,unresolved,,0
gemini_pi,Gemini + Pi,Gemini,Pi,shared,ddseq_single_cell_3_rna_seq_kit,ddSEQ 3' RNA,pending,err_0019,T3,molecular_state_or_assembly_error,state,True,unresolved,unresolved,pending,unresolved,,0
gemini_pi,Gemini + Pi,Gemini,Pi,shared,ddseq_single_cell_3_rna_seq_kit,ddSEQ 3' RNA,pending,err_0020,T3,workflow_or_topology_error,transition,True,unresolved,unresolved,pending,unresolved,,0
gemini_pi,Gemini + Pi,Gemini,Pi,shared,ddseq_single_cell_3_rna_seq_kit,ddSEQ 3' RNA,pending,err_0021,T3,workflow_or_topology_error,transition,True,unresolved,unresolved,pending,unresolved,,0
gemini_pi,Gemini + Pi,Gemini,Pi,shared,ddseq_single_cell_3_rna_seq_kit,ddSEQ 3' RNA,pending,err_0022,T3,workflow_or_topology_error,transition,True,unresolved,unresolved,pending,unresolved,,0
gemini_pi,Gemini + Pi,Gemini,Pi,shared,ddseq_single_cell_3_rna_seq_kit,ddSEQ 3' RNA,pending,err_0023,T3,workflow_or_topology_error,typed_edge,True,unresolved,unresolved,pending,unresolved,,0
gemini_pi,Gemini + Pi,Gemini,Pi,shared,ddseq_single_cell_3_rna_seq_kit,ddSEQ 3' RNA,pending,err_0024,T3,workflow_or_topology_error,typed_edge,True,unresolved,unresolved,pending,unresolved,,0
gemini_pi,Gemini + Pi,Gemini,Pi,shared,ddseq_single_cell_3_rna_seq_kit,ddSEQ 3' RNA,pending,err_0025,T3,workflow_or_topology_error,typed_edge,True,unresolved,unresolved,pending,unresolved,,0
gemini_pi,Gemini + Pi,Gemini,Pi,shared,ddseq_single_cell_3_rna_seq_kit,ddSEQ 3' RNA,pending,err_0026,T3,workflow_or_topology_error,typed_edge,True,unresolved,unresolved,pending,unresolved,,0
gemini_pi,Gemini + Pi,Gemini,Pi,shared,ddseq_single_cell_3_rna_seq_kit,ddSEQ 3' RNA,pending,err_0027,T3,workflow_or_topology_error,typed_edge,True,unresolved,unresolved,pending,unresolved,,0
gemini_pi,Gemini + Pi,Gemini,Pi,shared,ddseq_single_cell_3_rna_seq_kit,ddSEQ 3' RNA,pending,err_0028,T3,workflow_or_topology_error,typed_edge,True,unresolved,unresolved,pending,unresolved,,0
gemini_pi,Gemini + Pi,Gemini,Pi,shared,ddseq_single_cell_3_rna_seq_kit,ddSEQ 3' RNA,pending,err_0029,T3,workflow_or_topology_error,typed_edge,True,unresolved,unresolved,pending,unresolved,,0
gemini_pi,Gemini + Pi,Gemini,Pi,shared,ddseq_single_cell_3_rna_seq_kit,ddSEQ 3' RNA,pending,err_0030,T3,workflow_or_topology_error,typed_edge,True,unresolved,unresolved,pending,unresolved,,0
gemini_pi,Gemini + Pi,Gemini,Pi,shared,ddseq_single_cell_3_rna_seq_kit,ddSEQ 3' RNA,pending,err_0031,T3,workflow_or_topology_error,typed_edge,True,unresolved,unresolved,pending,unresolved,,0
gemini_pi,Gemini + Pi,Gemini,Pi,shared,ddseq_single_cell_3_rna_seq_kit,ddSEQ 3' RNA,pending,err_0032,T3,workflow_or_topology_error,typed_edge,True,unresolved,unresolved,pending,unresolved,,0
gemini_pi,Gemini + Pi,Gemini,Pi,shared,ddseq_single_cell_3_rna_seq_kit,ddSEQ 3' RNA,pending,err_0033,T3,workflow_or_topology_error,typed_edge,True,unresolved,unresolved,pending,unresolved,,0
gemini_pi,Gemini + Pi,Gemini,Pi,shared,ddseq_single_cell_3_rna_seq_kit,ddSEQ 3' RNA,pending,err_0034,T3,workflow_or_topology_error,typed_edge,True,unresolved,unresolved,pending,unresolved,,0
gemini_pi,Gemini + Pi,Gemini,Pi,shared,ddseq_single_cell_3_rna_seq_kit,ddSEQ 3' RNA,pending,err_0035,T3,workflow_or_topology_error,typed_edge,True,unresolved,unresolved,pending,unresolved,,0
gemini_pi,Gemini + Pi,Gemini,Pi,shared,ddseq_single_cell_3_rna_seq_kit,ddSEQ 3' RNA,pending,err_0036,T3,workflow_or_topology_error,typed_edge,True,unresolved,unresolved,pending,unresolved,,0
gemini_pi,Gemini + Pi,Gemini,Pi,shared,dr_seq,DR-seq,pending,err_0001,T2,unsupported_completion,oligo_family,True,unresolved,unresolved,pending,unresolved,,0
gemini_pi,Gemini + Pi,Gemini,Pi,shared,dr_seq,DR-seq,pending,err_0002,T2,unsupported_completion,oligo_family,True,unresolved,unresolved,pending,unresolved,,0
gemini_pi,Gemini + Pi,Gemini,Pi,shared,dr_seq,DR-seq,pending,err_0003,T2,unsupported_completion,oligo_family,True,unresolved,unresolved,pending,unresolved,,0
gemini_pi,Gemini + Pi,Gemini,Pi,shared,dr_seq,DR-seq,pending,err_0004,T2,unsupported_completion,oligo_family,True,unresolved,unresolved,pending,unresolved,,0
gemini_pi,Gemini + Pi,Gemini,Pi,shared,dr_seq,DR-seq,pending,err_0005,T2,unsupported_completion,oligo_family,True,unresolved,unresolved,pending,unresolved,,0
gemini_pi,Gemini + Pi,Gemini,Pi,shared,dr_seq,DR-seq,pending,err_0006,T2,unsupported_completion,oligo_family,True,unresolved,unresolved,pending,unresolved,,0
gemini_pi,Gemini + Pi,Gemini,Pi,shared,dr_seq,DR-seq,pending,err_0007,T3,missing_recoverable_information,state,True,unresolved,unresolved,pending,unresolved,,0
gemini_pi,Gemini + Pi,Gemini,Pi,shared,dr_seq,DR-seq,pending,err_0008,T3,missing_recoverable_information,transition,True,unresolved,unresolved,pending,unresolved,,0
gemini_pi,Gemini + Pi,Gemini,Pi,shared,dr_seq,DR-seq,pending,err_0009,T3,unsupported_completion,transition,True,unresolved,unresolved,pending,unresolved,,0
gemini_pi,Gemini + Pi,Gemini,Pi,shared,dr_seq,DR-seq,pending,err_0010,T3,unsupported_completion,transition,True,unresolved,unresolved,pending,unresolved,,0
gemini_pi,Gemini + Pi,Gemini,Pi,shared,dr_seq,DR-seq,pending,err_0011,T3,workflow_or_topology_error,terminal_output,True,unresolved,unresolved,pending,unresolved,,0
gemini_pi,Gemini + Pi,Gemini,Pi,shared,dr_seq,DR-seq,pending,err_0012,T3,workflow_or_topology_error,terminal_output,True,unresolved,unresolved,pending,unresolved,,0
gemini_pi,Gemini + Pi,Gemini,Pi,shared,dr_seq,DR-seq,pending,err_0013,T3,molecular_state_or_assembly_error,state,True,unresolved,unresolved,pending,unresolved,,0
gemini_pi,Gemini + Pi,Gemini,Pi,shared,dr_seq,DR-seq,pending,err_0014,T3,molecular_state_or_assembly_error,state,True,unresolved,unresolved,pending,unresolved,,0
gemini_pi,Gemini + Pi,Gemini,Pi,shared,dr_seq,DR-seq,pending,err_0015,T3,molecular_state_or_assembly_error,state,True,unresolved,unresolved,pending,unresolved,,0
gemini_pi,Gemini + Pi,Gemini,Pi,shared,dr_seq,DR-seq,pending,err_0016,T3,molecular_state_or_assembly_error,state,True,unresolved,unresolved,pending,unresolved,,0
gemini_pi,Gemini + Pi,Gemini,Pi,shared,dr_seq,DR-seq,pending,err_0017,T3,molecular_state_or_assembly_error,state,True,unresolved,unresolved,pending,unresolved,,0
gemini_pi,Gemini + Pi,Gemini,Pi,shared,dr_seq,DR-seq,pending,err_0018,T3,molecular_state_or_assembly_error,state,True,unresolved,unresolved,pending,unresolved,,0
gemini_pi,Gemini + Pi,Gemini,Pi,shared,dr_seq,DR-seq,pending,err_0019,T3,molecular_state_or_assembly_error,state,True,unresolved,unresolved,pending,unresolved,,0
gemini_pi,Gemini + Pi,Gemini,Pi,shared,dr_seq,DR-seq,pending,err_0020,T3,molecular_state_or_assembly_error,state,True,unresolved,unresolved,pending,unresolved,,0
gemini_pi,Gemini + Pi,Gemini,Pi,shared,dr_seq,DR-seq,pending,err_0021,T3,molecular_state_or_assembly_error,state,True,unresolved,unresolved,pending,unresolved,,0
gemini_pi,Gemini + Pi,Gemini,Pi,shared,dr_seq,DR-seq,pending,err_0022,T3,molecular_state_or_assembly_error,state,True,unresolved,unresolved,pending,unresolved,,0
gemini_pi,Gemini + Pi,Gemini,Pi,shared,dr_seq,DR-seq,pending,err_0023,T3,molecular_state_or_assembly_error,state,True,unresolved,unresolved,pending,unresolved,,0
gemini_pi,Gemini + Pi,Gemini,Pi,shared,dr_seq,DR-seq,pending,err_0024,T3,molecular_state_or_assembly_error,state,True,unresolved,unresolved,pending,unresolved,,0
gemini_pi,Gemini + Pi,Gemini,Pi,shared,dr_seq,DR-seq,pending,err_0025,T3,molecular_state_or_assembly_error,state,True,unresolved,unresolved,pending,unresolved,,0
gemini_pi,Gemini + Pi,Gemini,Pi,shared,dr_seq,DR-seq,pending,err_0026,T3,molecular_state_or_assembly_error,state,True,unresolved,unresolved,pending,unresolved,,0
gemini_pi,Gemini + Pi,Gemini,Pi,shared,dr_seq,DR-seq,pending,err_0027,T3,molecular_state_or_assembly_error,state,True,unresolved,unresolved,pending,unresolved,,0
gemini_pi,Gemini + Pi,Gemini,Pi,shared,dr_seq,DR-seq,pending,err_0028,T3,workflow_or_topology_error,transition,True,unresolved,unresolved,pending,unresolved,,0
gemini_pi,Gemini + Pi,Gemini,Pi,shared,dr_seq,DR-seq,pending,err_0029,T3,workflow_or_topology_error,transition,True,unresolved,unresolved,pending,unresolved,,0
gemini_pi,Gemini + Pi,Gemini,Pi,shared,dr_seq,DR-seq,pending,err_0030,T3,workflow_or_topology_error,transition,True,unresolved,unresolved,pending,unresolved,,0
gemini_pi,Gemini + Pi,Gemini,Pi,shared,dr_seq,DR-seq,pending,err_0031,T3,workflow_or_topology_error,transition,True,unresolved,unresolved,pending,unresolved,,0
gemini_pi,Gemini + Pi,Gemini,Pi,shared,dr_seq,DR-seq,pending,err_0032,T3,operation_error,transition,True,unresolved,unresolved,pending,unresolved,,0
gemini_pi,Gemini + Pi,Gemini,Pi,shared,dr_seq,DR-seq,pending,err_0033,T3,workflow_or_topology_error,transition,True,unresolved,unresolved,pending,unresolved,,0
gemini_pi,Gemini + Pi,Gemini,Pi,shared,dr_seq,DR-seq,pending,err_0034,T3,workflow_or_topology_error,transition,True,unresolved,unresolved,pending,unresolved,,0
gemini_pi,Gemini + Pi,Gemini,Pi,shared,dr_seq,DR-seq,pending,err_0035,T3,workflow_or_topology_error,typed_edge,True,unresolved,unresolved,pending,unresolved,,0
gemini_pi,Gemini + Pi,Gemini,Pi,shared,dr_seq,DR-seq,pending,err_0036,T3,workflow_or_topology_error,typed_edge,True,unresolved,unresolved,pending,unresolved,,0
gemini_pi,Gemini + Pi,Gemini,Pi,shared,dr_seq,DR-seq,pending,err_0037,T3,workflow_or_topology_error,typed_edge,True,unresolved,unresolved,pending,unresolved,,0
gemini_pi,Gemini + Pi,Gemini,Pi,shared,dr_seq,DR-seq,pending,err_0038,T3,workflow_or_topology_error,typed_edge,True,unresolved,unresolved,pending,unresolved,,0
gemini_pi,Gemini + Pi,Gemini,Pi,shared,dr_seq,DR-seq,pending,err_0039,T3,workflow_or_topology_error,typed_edge,True,unresolved,unresolved,pending,unresolved,,0
gemini_pi,Gemini + Pi,Gemini,Pi,shared,dr_seq,DR-seq,pending,err_0040,T3,workflow_or_topology_error,typed_edge,True,unresolved,unresolved,pending,unresolved,,0
gemini_pi,Gemini + Pi,Gemini,Pi,shared,dr_seq,DR-seq,pending,err_0041,T3,workflow_or_topology_error,typed_edge,True,unresolved,unresolved,pending,unresolved,,0
gemini_pi,Gemini + Pi,Gemini,Pi,shared,dr_seq,DR-seq,pending,err_0042,T3,workflow_or_topology_error,typed_edge,True,unresolved,unresolved,pending,unresolved,,0
gemini_pi,Gemini + Pi,Gemini,Pi,shared,dr_seq,DR-seq,pending,err_0043,T3,workflow_or_topology_error,typed_edge,True,unresolved,unresolved,pending,unresolved,,0
gemini_pi,Gemini + Pi,Gemini,Pi,shared,dr_seq,DR-seq,pending,err_0044,T3,workflow_or_topology_error,typed_edge,True,unresolved,unresolved,pending,unresolved,,0
gemini_pi,Gemini + Pi,Gemini,Pi,shared,dr_seq,DR-seq,pending,err_0045,T3,workflow_or_topology_error,typed_edge,True,unresolved,unresolved,pending,unresolved,,0
gemini_pi,Gemini + Pi,Gemini,Pi,shared,dr_seq,DR-seq,pending,err_0046,T3,workflow_or_topology_error,typed_edge,True,unresolved,unresolved,pending,unresolved,,0
gemini_pi,Gemini + Pi,Gemini,Pi,shared,dr_seq,DR-seq,pending,err_0047,T3,workflow_or_topology_error,typed_edge,True,unresolved,unresolved,pending,unresolved,,0
gemini_pi,Gemini + Pi,Gemini,Pi,shared,dr_seq,DR-seq,pending,err_0048,T3,workflow_or_topology_error,typed_edge,True,unresolved,unresolved,pending,unresolved,,0
gemini_pi,Gemini + Pi,Gemini,Pi,shared,dr_seq,DR-seq,pending,err_0049,T3,workflow_or_topology_error,typed_edge,True,unresolved,unresolved,pending,unresolved,,0
gemini_pi,Gemini + Pi,Gemini,Pi,shared,dr_seq,DR-seq,pending,err_0050,T3,workflow_or_topology_error,typed_edge,True,unresolved,unresolved,pending,unresolved,,0
gemini_pi,Gemini + Pi,Gemini,Pi,shared,dr_seq,DR-seq,pending,err_0051,T3,workflow_or_topology_error,typed_edge,True,unresolved,unresolved,pending,unresolved,,0
gemini_pi,Gemini + Pi,Gemini,Pi,shared,dr_seq,DR-seq,pending,err_0052,T3,workflow_or_topology_error,typed_edge,True,unresolved,unresolved,pending,unresolved,,0
gemini_pi,Gemini + Pi,Gemini,Pi,shared,dr_seq,DR-seq,pending,err_0053,T3,workflow_or_topology_error,typed_edge,True,unresolved,unresolved,pending,unresolved,,0
gemini_pi,Gemini + Pi,Gemini,Pi,shared,dr_seq,DR-seq,pending,err_0054,T3,workflow_or_topology_error,typed_edge,True,unresolved,unresolved,pending,unresolved,,0
gemini_pi,Gemini + Pi,Gemini,Pi,shared,dr_seq,DR-seq,pending,err_0055,T3,workflow_or_topology_error,typed_edge,True,unresolved,unresolved,pending,unresolved,,0
gemini_pi,Gemini + Pi,Gemini,Pi,shared,dr_seq,DR-seq,pending,err_0056,T3,workflow_or_topology_error,typed_edge,True,unresolved,unresolved,pending,unresolved,,0
gemini_pi,Gemini + Pi,Gemini,Pi,shared,indrop_v1,inDrop v1,pending,err_0001,T2,unsupported_completion,oligo_family,True,unresolved,unresolved,pending,unresolved,,0
gemini_pi,Gemini + Pi,Gemini,Pi,shared,indrop_v1,inDrop v1,pending,err_0002,T2,unsupported_completion,oligo_family,True,unresolved,unresolved,pending,unresolved,,0
gemini_pi,Gemini + Pi,Gemini,Pi,shared,indrop_v1,inDrop v1,pending,err_0003,T2,unsupported_completion,oligo_family,True,unresolved,unresolved,pending,unresolved,,0
gemini_pi,Gemini + Pi,Gemini,Pi,shared,indrop_v1,inDrop v1,pending,err_0004,T2,unsupported_completion,oligo_family,True,unresolved,unresolved,pending,unresolved,,0
gemini_pi,Gemini + Pi,Gemini,Pi,shared,indrop_v1,inDrop v1,pending,err_0005,T2,missing_recoverable_information,oligo_family,True,unresolved,unresolved,pending,unresolved,,0
gemini_pi,Gemini + Pi,Gemini,Pi,shared,indrop_v1,inDrop v1,pending,err_0006,T2,workflow_or_topology_error,oligo_family,True,unresolved,unresolved,pending,unresolved,,0
gemini_pi,Gemini + Pi,Gemini,Pi,shared,indrop_v1,inDrop v1,pending,err_0007,T2,missing_recoverable_information,oligo_family,True,unresolved,unresolved,pending,unresolved,,0
gemini_pi,Gemini + Pi,Gemini,Pi,shared,indrop_v1,inDrop v1,pending,err_0008,T2,workflow_or_topology_error,oligo_family,True,unresolved,unresolved,pending,unresolved,,0
gemini_pi,Gemini + Pi,Gemini,Pi,shared,indrop_v1,inDrop v1,pending,err_0009,T2,missing_recoverable_information,oligo_family,True,unresolved,unresolved,pending,unresolved,,0
gemini_pi,Gemini + Pi,Gemini,Pi,shared,indrop_v1,inDrop v1,pending,err_0010,T2,molecular_state_or_assembly_error,oligo_family,True,unresolved,unresolved,pending,unresolved,,0
gemini_pi,Gemini + Pi,Gemini,Pi,shared,indrop_v1,inDrop v1,pending,err_0011,T2,molecular_state_or_assembly_error,oligo_family,True,unresolved,unresolved,pending,unresolved,,0
gemini_pi,Gemini + Pi,Gemini,Pi,shared,indrop_v1,inDrop v1,pending,err_0012,T2,workflow_or_topology_error,oligo_family,True,unresolved,unresolved,pending,unresolved,,0
gemini_pi,Gemini + Pi,Gemini,Pi,shared,indrop_v1,inDrop v1,pending,err_0013,T2,molecular_state_or_assembly_error,oligo_family,True,unresolved,unresolved,pending,unresolved,,0
gemini_pi,Gemini + Pi,Gemini,Pi,shared,indrop_v1,inDrop v1,pending,err_0014,T2,molecular_state_or_assembly_error,oligo_family,True,unresolved,unresolved,pending,unresolved,,0
gemini_pi,Gemini + Pi,Gemini,Pi,shared,indrop_v1,inDrop v1,pending,err_0015,T2,molecular_state_or_assembly_error,oligo_family,True,unresolved,unresolved,pending,unresolved,,0
gemini_pi,Gemini + Pi,Gemini,Pi,shared,indrop_v1,inDrop v1,pending,err_0016,T3,unsupported_completion,state,True,unresolved,unresolved,pending,unresolved,,0
gemini_pi,Gemini + Pi,Gemini,Pi,shared,indrop_v1,inDrop v1,pending,err_0017,T3,unsupported_completion,transition,True,unresolved,unresolved,pending,unresolved,,0
gemini_pi,Gemini + Pi,Gemini,Pi,shared,indrop_v1,inDrop v1,pending,err_0018,T3,molecular_state_or_assembly_error,state,True,unresolved,unresolved,pending,unresolved,,0
gemini_pi,Gemini + Pi,Gemini,Pi,shared,indrop_v1,inDrop v1,pending,err_0019,T3,molecular_state_or_assembly_error,state,True,unresolved,unresolved,pending,unresolved,,0
gemini_pi,Gemini + Pi,Gemini,Pi,shared,indrop_v1,inDrop v1,pending,err_0020,T3,molecular_state_or_assembly_error,state,True,unresolved,unresolved,pending,unresolved,,0
gemini_pi,Gemini + Pi,Gemini,Pi,shared,indrop_v1,inDrop v1,pending,err_0021,T3,molecular_state_or_assembly_error,state,True,unresolved,unresolved,pending,unresolved,,0
gemini_pi,Gemini + Pi,Gemini,Pi,shared,indrop_v1,inDrop v1,pending,err_0022,T3,molecular_state_or_assembly_error,state,True,unresolved,unresolved,pending,unresolved,,0
gemini_pi,Gemini + Pi,Gemini,Pi,shared,indrop_v1,inDrop v1,pending,err_0023,T3,molecular_state_or_assembly_error,state,True,unresolved,unresolved,pending,unresolved,,0
gemini_pi,Gemini + Pi,Gemini,Pi,shared,indrop_v1,inDrop v1,pending,err_0024,T3,molecular_state_or_assembly_error,state,True,unresolved,unresolved,pending,unresolved,,0
gemini_pi,Gemini + Pi,Gemini,Pi,shared,indrop_v1,inDrop v1,pending,err_0025,T3,workflow_or_topology_error,transition,True,unresolved,unresolved,pending,unresolved,,0
gemini_pi,Gemini + Pi,Gemini,Pi,shared,indrop_v1,inDrop v1,pending,err_0026,T3,workflow_or_topology_error,transition,True,unresolved,unresolved,pending,unresolved,,0
gemini_pi,Gemini + Pi,Gemini,Pi,shared,indrop_v1,inDrop v1,pending,err_0027,T3,workflow_or_topology_error,typed_edge,True,unresolved,unresolved,pending,unresolved,,0
gemini_pi,Gemini + Pi,Gemini,Pi,shared,indrop_v1,inDrop v1,pending,err_0028,T3,workflow_or_topology_error,typed_edge,True,unresolved,unresolved,pending,unresolved,,0
gemini_pi,Gemini + Pi,Gemini,Pi,shared,indrop_v1,inDrop v1,pending,err_0029,T3,workflow_or_topology_error,typed_edge,True,unresolved,unresolved,pending,unresolved,,0
gemini_pi,Gemini + Pi,Gemini,Pi,shared,indrop_v1,inDrop v1,pending,err_0030,T3,workflow_or_topology_error,typed_edge,True,unresolved,unresolved,pending,unresolved,,0
gemini_pi,Gemini + Pi,Gemini,Pi,shared,petri_seq,PETRI-seq,pending,err_0001,T2,unsupported_completion,oligo_family,True,unresolved,unresolved,pending,unresolved,,0
gemini_pi,Gemini + Pi,Gemini,Pi,shared,petri_seq,PETRI-seq,pending,err_0002,T2,unsupported_completion,oligo_family,True,unresolved,unresolved,pending,unresolved,,0
gemini_pi,Gemini + Pi,Gemini,Pi,shared,petri_seq,PETRI-seq,pending,err_0003,T2,unsupported_completion,oligo_family,True,unresolved,unresolved,pending,unresolved,,0
gemini_pi,Gemini + Pi,Gemini,Pi,shared,petri_seq,PETRI-seq,pending,err_0004,T2,unsupported_completion,oligo_family,True,unresolved,unresolved,pending,unresolved,,0
gemini_pi,Gemini + Pi,Gemini,Pi,shared,petri_seq,PETRI-seq,pending,err_0005,T2,unsupported_completion,oligo_family,True,unresolved,unresolved,pending,unresolved,,0
gemini_pi,Gemini + Pi,Gemini,Pi,shared,petri_seq,PETRI-seq,pending,err_0006,T2,unsupported_completion,oligo_family,True,unresolved,unresolved,pending,unresolved,,0
gemini_pi,Gemini + Pi,Gemini,Pi,shared,petri_seq,PETRI-seq,pending,err_0007,T2,unsupported_completion,oligo_family,True,unresolved,unresolved,pending,unresolved,,0
gemini_pi,Gemini + Pi,Gemini,Pi,shared,petri_seq,PETRI-seq,pending,err_0008,T2,unsupported_completion,oligo_family,True,unresolved,unresolved,pending,unresolved,,0
gemini_pi,Gemini + Pi,Gemini,Pi,shared,petri_seq,PETRI-seq,pending,err_0009,T2,unsupported_completion,oligo_family,True,unresolved,unresolved,pending,unresolved,,0
gemini_pi,Gemini + Pi,Gemini,Pi,shared,petri_seq,PETRI-seq,pending,err_0010,T2,unsupported_completion,oligo_family,True,unresolved,unresolved,pending,unresolved,,0
gemini_pi,Gemini + Pi,Gemini,Pi,shared,petri_seq,PETRI-seq,pending,err_0011,T2,unsupported_completion,oligo_family,True,unresolved,unresolved,pending,unresolved,,0
gemini_pi,Gemini + Pi,Gemini,Pi,shared,petri_seq,PETRI-seq,pending,err_0012,T2,unsupported_completion,oligo_family,True,unresolved,unresolved,pending,unresolved,,0
gemini_pi,Gemini + Pi,Gemini,Pi,shared,petri_seq,PETRI-seq,pending,err_0013,T2,unsupported_completion,oligo_family,True,unresolved,unresolved,pending,unresolved,,0
gemini_pi,Gemini + Pi,Gemini,Pi,shared,petri_seq,PETRI-seq,pending,err_0014,T2,unsupported_completion,oligo_family,True,unresolved,unresolved,pending,unresolved,,0
gemini_pi,Gemini + Pi,Gemini,Pi,shared,petri_seq,PETRI-seq,pending,err_0015,T2,unsupported_completion,oligo_family,True,unresolved,unresolved,pending,unresolved,,0
gemini_pi,Gemini + Pi,Gemini,Pi,shared,petri_seq,PETRI-seq,pending,err_0016,T2,molecular_state_or_assembly_error,oligo_family,True,unresolved,unresolved,pending,unresolved,,0
gemini_pi,Gemini + Pi,Gemini,Pi,shared,petri_seq,PETRI-seq,pending,err_0017,T2,molecular_state_or_assembly_error,oligo_family,True,unresolved,unresolved,pending,unresolved,,0
gemini_pi,Gemini + Pi,Gemini,Pi,shared,petri_seq,PETRI-seq,pending,err_0018,T2,molecular_state_or_assembly_error,oligo_family,True,unresolved,unresolved,pending,unresolved,,0
gemini_pi,Gemini + Pi,Gemini,Pi,shared,petri_seq,PETRI-seq,pending,err_0019,T2,molecular_state_or_assembly_error,oligo_family,True,unresolved,unresolved,pending,unresolved,,0
gemini_pi,Gemini + Pi,Gemini,Pi,shared,petri_seq,PETRI-seq,pending,err_0020,T2,workflow_or_topology_error,oligo_family,True,unresolved,unresolved,pending,unresolved,,0
gemini_pi,Gemini + Pi,Gemini,Pi,shared,petri_seq,PETRI-seq,pending,err_0021,T2,molecular_state_or_assembly_error,oligo_family,True,unresolved,unresolved,pending,unresolved,,0
gemini_pi,Gemini + Pi,Gemini,Pi,shared,petri_seq,PETRI-seq,pending,err_0022,T2,molecular_state_or_assembly_error,oligo_family,True,unresolved,unresolved,pending,unresolved,,0
gemini_pi,Gemini + Pi,Gemini,Pi,shared,petri_seq,PETRI-seq,pending,err_0023,T2,workflow_or_topology_error,oligo_family,True,unresolved,unresolved,pending,unresolved,,0
gemini_pi,Gemini + Pi,Gemini,Pi,shared,petri_seq,PETRI-seq,pending,err_0024,T2,missing_recoverable_information,oligo_family,True,unresolved,unresolved,pending,unresolved,,0
gemini_pi,Gemini + Pi,Gemini,Pi,shared,petri_seq,PETRI-seq,pending,err_0025,T2,workflow_or_topology_error,oligo_family,True,unresolved,unresolved,pending,unresolved,,0
gemini_pi,Gemini + Pi,Gemini,Pi,shared,petri_seq,PETRI-seq,pending,err_0026,T2,missing_recoverable_information,oligo_family,True,unresolved,unresolved,pending,unresolved,,0
gemini_pi,Gemini + Pi,Gemini,Pi,shared,petri_seq,PETRI-seq,pending,err_0027,T2,workflow_or_topology_error,oligo_family,True,unresolved,unresolved,pending,unresolved,,0
gemini_pi,Gemini + Pi,Gemini,Pi,shared,petri_seq,PETRI-seq,pending,err_0028,T3,molecular_state_or_assembly_error,state,True,unresolved,unresolved,pending,unresolved,,0
gemini_pi,Gemini + Pi,Gemini,Pi,shared,petri_seq,PETRI-seq,pending,err_0029,T3,molecular_state_or_assembly_error,state,True,unresolved,unresolved,pending,unresolved,,0
gemini_pi,Gemini + Pi,Gemini,Pi,shared,petri_seq,PETRI-seq,pending,err_0030,T3,molecular_state_or_assembly_error,state,True,unresolved,unresolved,pending,unresolved,,0
gemini_pi,Gemini + Pi,Gemini,Pi,shared,petri_seq,PETRI-seq,pending,err_0031,T3,molecular_state_or_assembly_error,state,True,unresolved,unresolved,pending,unresolved,,0
gemini_pi,Gemini + Pi,Gemini,Pi,shared,petri_seq,PETRI-seq,pending,err_0032,T3,molecular_state_or_assembly_error,state,True,unresolved,unresolved,pending,unresolved,,0
gemini_pi,Gemini + Pi,Gemini,Pi,shared,petri_seq,PETRI-seq,pending,err_0033,T3,molecular_state_or_assembly_error,state,True,unresolved,unresolved,pending,unresolved,,0
gemini_pi,Gemini + Pi,Gemini,Pi,shared,petri_seq,PETRI-seq,pending,err_0034,T3,workflow_or_topology_error,transition,True,unresolved,unresolved,pending,unresolved,,0
gemini_pi,Gemini + Pi,Gemini,Pi,shared,pip_seq_v4,PIP-seq v4,pending,err_0001,T2,unsupported_completion,oligo_family,True,unresolved,unresolved,pending,unresolved,,0
gemini_pi,Gemini + Pi,Gemini,Pi,shared,pip_seq_v4,PIP-seq v4,pending,err_0002,T2,unsupported_completion,oligo_family,True,unresolved,unresolved,pending,unresolved,,0
gemini_pi,Gemini + Pi,Gemini,Pi,shared,pip_seq_v4,PIP-seq v4,pending,err_0003,T2,unsupported_completion,oligo_family,True,unresolved,unresolved,pending,unresolved,,0
gemini_pi,Gemini + Pi,Gemini,Pi,shared,pip_seq_v4,PIP-seq v4,pending,err_0004,T2,unsupported_completion,oligo_family,True,unresolved,unresolved,pending,unresolved,,0
gemini_pi,Gemini + Pi,Gemini,Pi,shared,pip_seq_v4,PIP-seq v4,pending,err_0005,T2,unsupported_completion,oligo_family,True,unresolved,unresolved,pending,unresolved,,0
gemini_pi,Gemini + Pi,Gemini,Pi,shared,pip_seq_v4,PIP-seq v4,pending,err_0006,T2,unsupported_completion,oligo_family,True,unresolved,unresolved,pending,unresolved,,0
gemini_pi,Gemini + Pi,Gemini,Pi,shared,pip_seq_v4,PIP-seq v4,pending,err_0007,T2,unsupported_completion,oligo_family,True,unresolved,unresolved,pending,unresolved,,0
gemini_pi,Gemini + Pi,Gemini,Pi,shared,pip_seq_v4,PIP-seq v4,pending,err_0008,T2,missing_recoverable_information,oligo_family,True,unresolved,unresolved,pending,unresolved,,0
gemini_pi,Gemini + Pi,Gemini,Pi,shared,pip_seq_v4,PIP-seq v4,pending,err_0009,T2,molecular_state_or_assembly_error,oligo_family,True,unresolved,unresolved,pending,unresolved,,0
gemini_pi,Gemini + Pi,Gemini,Pi,shared,pip_seq_v4,PIP-seq v4,pending,err_0010,T2,molecular_state_or_assembly_error,oligo_family,True,unresolved,unresolved,pending,unresolved,,0
gemini_pi,Gemini + Pi,Gemini,Pi,shared,pip_seq_v4,PIP-seq v4,pending,err_0011,T2,workflow_or_topology_error,oligo_family,True,unresolved,unresolved,pending,unresolved,,0
gemini_pi,Gemini + Pi,Gemini,Pi,shared,pip_seq_v4,PIP-seq v4,pending,err_0012,T2,molecular_state_or_assembly_error,oligo_family,True,unresolved,unresolved,pending,unresolved,,0
gemini_pi,Gemini + Pi,Gemini,Pi,shared,pip_seq_v4,PIP-seq v4,pending,err_0013,T2,missing_recoverable_information,oligo_family,True,unresolved,unresolved,pending,unresolved,,0
gemini_pi,Gemini + Pi,Gemini,Pi,shared,pip_seq_v4,PIP-seq v4,pending,err_0014,T2,molecular_state_or_assembly_error,oligo_family,True,unresolved,unresolved,pending,unresolved,,0
gemini_pi,Gemini + Pi,Gemini,Pi,shared,pip_seq_v4,PIP-seq v4,pending,err_0015,T2,molecular_state_or_assembly_error,oligo_family,True,unresolved,unresolved,pending,unresolved,,0
gemini_pi,Gemini + Pi,Gemini,Pi,shared,pip_seq_v4,PIP-seq v4,pending,err_0016,T2,molecular_state_or_assembly_error,oligo_family,True,unresolved,unresolved,pending,unresolved,,0
gemini_pi,Gemini + Pi,Gemini,Pi,shared,pip_seq_v4,PIP-seq v4,pending,err_0017,T2,molecular_state_or_assembly_error,oligo_family,True,unresolved,unresolved,pending,unresolved,,0
gemini_pi,Gemini + Pi,Gemini,Pi,shared,pip_seq_v4,PIP-seq v4,pending,err_0018,T3,missing_recoverable_information,state,True,unresolved,unresolved,pending,unresolved,,0
gemini_pi,Gemini + Pi,Gemini,Pi,shared,pip_seq_v4,PIP-seq v4,pending,err_0019,T3,molecular_state_or_assembly_error,state,True,unresolved,unresolved,pending,unresolved,,0
gemini_pi,Gemini + Pi,Gemini,Pi,shared,pip_seq_v4,PIP-seq v4,pending,err_0020,T3,molecular_state_or_assembly_error,state,True,unresolved,unresolved,pending,unresolved,,0
gemini_pi,Gemini + Pi,Gemini,Pi,shared,pip_seq_v4,PIP-seq v4,pending,err_0021,T3,molecular_state_or_assembly_error,state,True,unresolved,unresolved,pending,unresolved,,0
gemini_pi,Gemini + Pi,Gemini,Pi,shared,pip_seq_v4,PIP-seq v4,pending,err_0022,T3,molecular_state_or_assembly_error,state,True,unresolved,unresolved,pending,unresolved,,0
gemini_pi,Gemini + Pi,Gemini,Pi,shared,pip_seq_v4,PIP-seq v4,pending,err_0023,T3,molecular_state_or_assembly_error,state,True,unresolved,unresolved,pending,unresolved,,0
gemini_pi,Gemini + Pi,Gemini,Pi,shared,pip_seq_v4,PIP-seq v4,pending,err_0024,T3,molecular_state_or_assembly_error,state,True,unresolved,unresolved,pending,unresolved,,0
gemini_pi,Gemini + Pi,Gemini,Pi,shared,pip_seq_v4,PIP-seq v4,pending,err_0025,T3,molecular_state_or_assembly_error,state,True,unresolved,unresolved,pending,unresolved,,0
gemini_pi,Gemini + Pi,Gemini,Pi,shared,pip_seq_v4,PIP-seq v4,pending,err_0026,T3,operation_error,transition,True,unresolved,unresolved,pending,unresolved,,0
gemini_pi,Gemini + Pi,Gemini,Pi,shared,pip_seq_v4,PIP-seq v4,pending,err_0027,T3,workflow_or_topology_error,transition,True,unresolved,unresolved,pending,unresolved,,0
gemini_pi,Gemini + Pi,Gemini,Pi,shared,pip_seq_v4,PIP-seq v4,pending,err_0028,T3,operation_error,transition,True,unresolved,unresolved,pending,unresolved,,0
gemini_pi,Gemini + Pi,Gemini,Pi,shared,pip_seq_v4,PIP-seq v4,pending,err_0029,T3,workflow_or_topology_error,transition,True,unresolved,unresolved,pending,unresolved,,0
gemini_pi,Gemini + Pi,Gemini,Pi,shared,pip_seq_v4,PIP-seq v4,pending,err_0030,T3,workflow_or_topology_error,typed_edge,True,unresolved,unresolved,pending,unresolved,,0
gemini_pi,Gemini + Pi,Gemini,Pi,shared,sci_atac_seq,sci-ATAC-seq,pending,err_0001,T2,missing_recoverable_information,oligo_family,True,unresolved,unresolved,pending,unresolved,,0
gemini_pi,Gemini + Pi,Gemini,Pi,shared,sci_atac_seq,sci-ATAC-seq,pending,err_0002,T2,molecular_state_or_assembly_error,oligo_family,True,unresolved,unresolved,pending,unresolved,,0
gemini_pi,Gemini + Pi,Gemini,Pi,shared,sci_atac_seq,sci-ATAC-seq,pending,err_0003,T2,molecular_state_or_assembly_error,oligo_family,True,unresolved,unresolved,pending,unresolved,,0
gemini_pi,Gemini + Pi,Gemini,Pi,shared,sci_atac_seq,sci-ATAC-seq,pending,err_0004,T2,molecular_state_or_assembly_error,oligo_family,True,unresolved,unresolved,pending,unresolved,,0
gemini_pi,Gemini + Pi,Gemini,Pi,shared,sci_atac_seq,sci-ATAC-seq,pending,err_0005,T2,missing_recoverable_information,oligo_family,True,unresolved,unresolved,pending,unresolved,,0
gemini_pi,Gemini + Pi,Gemini,Pi,shared,sci_atac_seq,sci-ATAC-seq,pending,err_0006,T3,missing_recoverable_information,state,True,unresolved,unresolved,pending,unresolved,,0
gemini_pi,Gemini + Pi,Gemini,Pi,shared,sci_atac_seq,sci-ATAC-seq,pending,err_0007,T3,missing_recoverable_information,state,True,unresolved,unresolved,pending,unresolved,,0
gemini_pi,Gemini + Pi,Gemini,Pi,shared,sci_atac_seq,sci-ATAC-seq,pending,err_0008,T3,missing_recoverable_information,state,True,unresolved,unresolved,pending,unresolved,,0
gemini_pi,Gemini + Pi,Gemini,Pi,shared,sci_atac_seq,sci-ATAC-seq,pending,err_0009,T3,missing_recoverable_information,state,True,unresolved,unresolved,pending,unresolved,,0
gemini_pi,Gemini + Pi,Gemini,Pi,shared,sci_atac_seq,sci-ATAC-seq,pending,err_0010,T3,missing_recoverable_information,state,True,unresolved,unresolved,pending,unresolved,,0
gemini_pi,Gemini + Pi,Gemini,Pi,shared,sci_atac_seq,sci-ATAC-seq,pending,err_0011,T3,missing_recoverable_information,state,True,unresolved,unresolved,pending,unresolved,,0
gemini_pi,Gemini + Pi,Gemini,Pi,shared,sci_atac_seq,sci-ATAC-seq,pending,err_0012,T3,missing_recoverable_information,state,True,unresolved,unresolved,pending,unresolved,,0
gemini_pi,Gemini + Pi,Gemini,Pi,shared,sci_atac_seq,sci-ATAC-seq,pending,err_0013,T3,missing_recoverable_information,transition,True,unresolved,unresolved,pending,unresolved,,0
gemini_pi,Gemini + Pi,Gemini,Pi,shared,sci_atac_seq,sci-ATAC-seq,pending,err_0014,T3,molecular_state_or_assembly_error,state,True,unresolved,unresolved,pending,unresolved,,0
gemini_pi,Gemini + Pi,Gemini,Pi,shared,sci_atac_seq,sci-ATAC-seq,pending,err_0015,T3,molecular_state_or_assembly_error,state,True,unresolved,unresolved,pending,unresolved,,0
gemini_pi,Gemini + Pi,Gemini,Pi,shared,sci_atac_seq,sci-ATAC-seq,pending,err_0016,T3,molecular_state_or_assembly_error,state,True,unresolved,unresolved,pending,unresolved,,0
gemini_pi,Gemini + Pi,Gemini,Pi,shared,sci_atac_seq,sci-ATAC-seq,pending,err_0017,T3,workflow_or_topology_error,transition,True,unresolved,unresolved,pending,unresolved,,0
gemini_pi,Gemini + Pi,Gemini,Pi,shared,sci_atac_seq,sci-ATAC-seq,pending,err_0018,T3,workflow_or_topology_error,transition,True,unresolved,unresolved,pending,unresolved,,0
gemini_pi,Gemini + Pi,Gemini,Pi,shared,sci_atac_seq,sci-ATAC-seq,pending,err_0019,T3,workflow_or_topology_error,typed_edge,True,unresolved,unresolved,pending,unresolved,,0
gemini_pi,Gemini + Pi,Gemini,Pi,shared,sci_atac_seq,sci-ATAC-seq,pending,err_0020,T3,workflow_or_topology_error,typed_edge,True,unresolved,unresolved,pending,unresolved,,0
gemini_pi,Gemini + Pi,Gemini,Pi,shared,sci_atac_seq,sci-ATAC-seq,pending,err_0021,T3,workflow_or_topology_error,typed_edge,True,unresolved,unresolved,pending,unresolved,,0
gemini_pi,Gemini + Pi,Gemini,Pi,shared,sci_atac_seq,sci-ATAC-seq,pending,err_0022,T3,workflow_or_topology_error,typed_edge,True,unresolved,unresolved,pending,unresolved,,0
gemini_pi,Gemini + Pi,Gemini,Pi,shared,sci_atac_seq,sci-ATAC-seq,pending,err_0023,T3,workflow_or_topology_error,typed_edge,True,unresolved,unresolved,pending,unresolved,,0
gemini_pi,Gemini + Pi,Gemini,Pi,shared,sci_atac_seq,sci-ATAC-seq,pending,err_0024,T3,workflow_or_topology_error,typed_edge,True,unresolved,unresolved,pending,unresolved,,0
gemini_pi,Gemini + Pi,Gemini,Pi,shared,sci_atac_seq,sci-ATAC-seq,pending,err_0025,T3,workflow_or_topology_error,typed_edge,True,unresolved,unresolved,pending,unresolved,,0
gemini_pi,Gemini + Pi,Gemini,Pi,shared,sci_atac_seq,sci-ATAC-seq,pending,err_0026,T3,workflow_or_topology_error,typed_edge,True,unresolved,unresolved,pending,unresolved,,0
gemini_pi,Gemini + Pi,Gemini,Pi,shared,sci_atac_seq,sci-ATAC-seq,pending,err_0027,T3,workflow_or_topology_error,typed_edge,True,unresolved,unresolved,pending,unresolved,,0
gemini_pi,Gemini + Pi,Gemini,Pi,shared,sci_atac_seq,sci-ATAC-seq,pending,err_0028,T3,workflow_or_topology_error,typed_edge,True,unresolved,unresolved,pending,unresolved,,0
gemini_pi,Gemini + Pi,Gemini,Pi,shared,sci_atac_seq,sci-ATAC-seq,pending,err_0029,T3,workflow_or_topology_error,typed_edge,True,unresolved,unresolved,pending,unresolved,,0
gemini_pi,Gemini + Pi,Gemini,Pi,shared,sci_atac_seq,sci-ATAC-seq,pending,err_0030,T3,workflow_or_topology_error,typed_edge,True,unresolved,unresolved,pending,unresolved,,0
gemini_pi,Gemini + Pi,Gemini,Pi,shared,sci_atac_seq,sci-ATAC-seq,pending,err_0031,T3,workflow_or_topology_error,typed_edge,True,unresolved,unresolved,pending,unresolved,,0
gemini_pi,Gemini + Pi,Gemini,Pi,shared,scrrbs,scRRBS,pending,err_0001,T2,missing_recoverable_information,oligo_family,True,unresolved,unresolved,pending,unresolved,,0
gemini_pi,Gemini + Pi,Gemini,Pi,shared,scrrbs,scRRBS,pending,err_0002,T2,molecular_state_or_assembly_error,oligo_family,True,unresolved,unresolved,pending,unresolved,,0
gemini_pi,Gemini + Pi,Gemini,Pi,shared,scrrbs,scRRBS,pending,err_0003,T2,molecular_state_or_assembly_error,oligo_family,True,unresolved,unresolved,pending,unresolved,,0
gemini_pi,Gemini + Pi,Gemini,Pi,shared,scrrbs,scRRBS,pending,err_0004,T2,molecular_state_or_assembly_error,oligo_family,True,unresolved,unresolved,pending,unresolved,,0
gemini_pi,Gemini + Pi,Gemini,Pi,shared,scrrbs,scRRBS,pending,err_0005,T3,unsupported_completion,state,True,unresolved,unresolved,pending,unresolved,,0
gemini_pi,Gemini + Pi,Gemini,Pi,shared,scrrbs,scRRBS,pending,err_0006,T3,unsupported_completion,transition,True,unresolved,unresolved,pending,unresolved,,0
gemini_pi,Gemini + Pi,Gemini,Pi,shared,scrrbs,scRRBS,pending,err_0007,T3,unsupported_completion,transition,True,unresolved,unresolved,pending,unresolved,,0
gemini_pi,Gemini + Pi,Gemini,Pi,shared,scrrbs,scRRBS,pending,err_0008,T3,molecular_state_or_assembly_error,state,True,unresolved,unresolved,pending,unresolved,,0
gemini_pi,Gemini + Pi,Gemini,Pi,shared,scrrbs,scRRBS,pending,err_0009,T3,molecular_state_or_assembly_error,state,True,unresolved,unresolved,pending,unresolved,,0
gemini_pi,Gemini + Pi,Gemini,Pi,shared,scrrbs,scRRBS,pending,err_0010,T3,molecular_state_or_assembly_error,state,True,unresolved,unresolved,pending,unresolved,,0
gemini_pi,Gemini + Pi,Gemini,Pi,shared,scrrbs,scRRBS,pending,err_0011,T3,molecular_state_or_assembly_error,state,True,unresolved,unresolved,pending,unresolved,,0
gemini_pi,Gemini + Pi,Gemini,Pi,shared,scrrbs,scRRBS,pending,err_0012,T3,molecular_state_or_assembly_error,state,True,unresolved,unresolved,pending,unresolved,,0
gemini_pi,Gemini + Pi,Gemini,Pi,shared,scrrbs,scRRBS,pending,err_0013,T3,molecular_state_or_assembly_error,state,True,unresolved,unresolved,pending,unresolved,,0
gemini_pi,Gemini + Pi,Gemini,Pi,shared,scrrbs,scRRBS,pending,err_0014,T3,molecular_state_or_assembly_error,state,True,unresolved,unresolved,pending,unresolved,,0
gemini_pi,Gemini + Pi,Gemini,Pi,shared,scrrbs,scRRBS,pending,err_0015,T3,workflow_or_topology_error,transition,True,unresolved,unresolved,pending,unresolved,,0
gemini_pi,Gemini + Pi,Gemini,Pi,shared,scrrbs,scRRBS,pending,err_0016,T3,operation_error,transition,True,unresolved,unresolved,pending,unresolved,,0
gemini_pi,Gemini + Pi,Gemini,Pi,shared,scrrbs,scRRBS,pending,err_0017,T3,workflow_or_topology_error,transition,True,unresolved,unresolved,pending,unresolved,,0
gemini_pi,Gemini + Pi,Gemini,Pi,shared,scrrbs,scRRBS,pending,err_0018,T3,workflow_or_topology_error,transition,True,unresolved,unresolved,pending,unresolved,,0
gemini_pi,Gemini + Pi,Gemini,Pi,shared,scrrbs,scRRBS,pending,err_0019,T3,workflow_or_topology_error,typed_edge,True,unresolved,unresolved,pending,unresolved,,0
gemini_pi,Gemini + Pi,Gemini,Pi,shared,scrrbs,scRRBS,pending,err_0020,T3,workflow_or_topology_error,typed_edge,True,unresolved,unresolved,pending,unresolved,,0
gemini_pi,Gemini + Pi,Gemini,Pi,shared,scrrbs,scRRBS,pending,err_0021,T3,workflow_or_topology_error,typed_edge,True,unresolved,unresolved,pending,unresolved,,0
gemini_pi,Gemini + Pi,Gemini,Pi,shared,scrrbs,scRRBS,pending,err_0022,T3,workflow_or_topology_error,typed_edge,True,unresolved,unresolved,pending,unresolved,,0
gemini_pi,Gemini + Pi,Gemini,Pi,shared,scrrbs,scRRBS,pending,err_0023,T3,workflow_or_topology_error,typed_edge,True,unresolved,unresolved,pending,unresolved,,0
gemini_pi,Gemini + Pi,Gemini,Pi,shared,scrrbs,scRRBS,pending,err_0024,T3,workflow_or_topology_error,typed_edge,True,unresolved,unresolved,pending,unresolved,,0
gemini_pi,Gemini + Pi,Gemini,Pi,shared,scrrbs,scRRBS,pending,err_0025,T3,workflow_or_topology_error,typed_edge,True,unresolved,unresolved,pending,unresolved,,0
gemini_pi,Gemini + Pi,Gemini,Pi,shared,scrrbs,scRRBS,pending,err_0026,T3,workflow_or_topology_error,typed_edge,True,unresolved,unresolved,pending,unresolved,,0
gemini_pi,Gemini + Pi,Gemini,Pi,shared,share_seq,SHARE-seq,pending,err_0001,T2,workflow_or_topology_error,oligo_family,True,unresolved,unresolved,pending,unresolved,,0
gemini_pi,Gemini + Pi,Gemini,Pi,shared,share_seq,SHARE-seq,pending,err_0002,T2,molecular_state_or_assembly_error,oligo_family,True,unresolved,unresolved,pending,unresolved,,0
gemini_pi,Gemini + Pi,Gemini,Pi,shared,share_seq,SHARE-seq,pending,err_0003,T2,workflow_or_topology_error,oligo_family,True,unresolved,unresolved,pending,unresolved,,0
gemini_pi,Gemini + Pi,Gemini,Pi,shared,share_seq,SHARE-seq,pending,err_0004,T2,workflow_or_topology_error,oligo_family,True,unresolved,unresolved,pending,unresolved,,0
gemini_pi,Gemini + Pi,Gemini,Pi,shared,share_seq,SHARE-seq,pending,err_0005,T2,molecular_state_or_assembly_error,oligo_family,True,unresolved,unresolved,pending,unresolved,,0
gemini_pi,Gemini + Pi,Gemini,Pi,shared,share_seq,SHARE-seq,pending,err_0006,T2,molecular_state_or_assembly_error,oligo_family,True,unresolved,unresolved,pending,unresolved,,0
gemini_pi,Gemini + Pi,Gemini,Pi,shared,share_seq,SHARE-seq,pending,err_0007,T2,molecular_state_or_assembly_error,oligo_family,True,unresolved,unresolved,pending,unresolved,,0
gemini_pi,Gemini + Pi,Gemini,Pi,shared,share_seq,SHARE-seq,pending,err_0008,T2,molecular_state_or_assembly_error,oligo_family,True,unresolved,unresolved,pending,unresolved,,0
gemini_pi,Gemini + Pi,Gemini,Pi,shared,share_seq,SHARE-seq,pending,err_0009,T2,molecular_state_or_assembly_error,oligo_family,True,unresolved,unresolved,pending,unresolved,,0
gemini_pi,Gemini + Pi,Gemini,Pi,shared,share_seq,SHARE-seq,pending,err_0010,T2,molecular_state_or_assembly_error,oligo_family,True,unresolved,unresolved,pending,unresolved,,0
gemini_pi,Gemini + Pi,Gemini,Pi,shared,share_seq,SHARE-seq,pending,err_0011,T2,molecular_state_or_assembly_error,oligo_family,True,unresolved,unresolved,pending,unresolved,,0
gemini_pi,Gemini + Pi,Gemini,Pi,shared,share_seq,SHARE-seq,pending,err_0012,T2,workflow_or_topology_error,oligo_family,True,unresolved,unresolved,pending,unresolved,,0
gemini_pi,Gemini + Pi,Gemini,Pi,shared,share_seq,SHARE-seq,pending,err_0013,T2,molecular_state_or_assembly_error,oligo_family,True,unresolved,unresolved,pending,unresolved,,0
gemini_pi,Gemini + Pi,Gemini,Pi,shared,share_seq,SHARE-seq,pending,err_0014,T3,missing_recoverable_information,state,True,unresolved,unresolved,pending,unresolved,,0
gemini_pi,Gemini + Pi,Gemini,Pi,shared,share_seq,SHARE-seq,pending,err_0015,T3,missing_recoverable_information,state,True,unresolved,unresolved,pending,unresolved,,0
gemini_pi,Gemini + Pi,Gemini,Pi,shared,share_seq,SHARE-seq,pending,err_0016,T3,missing_recoverable_information,state,True,unresolved,unresolved,pending,unresolved,,0
gemini_pi,Gemini + Pi,Gemini,Pi,shared,share_seq,SHARE-seq,pending,err_0017,T3,missing_recoverable_information,state,True,unresolved,unresolved,pending,unresolved,,0
gemini_pi,Gemini + Pi,Gemini,Pi,shared,share_seq,SHARE-seq,pending,err_0018,T3,missing_recoverable_information,state,True,unresolved,unresolved,pending,unresolved,,0
gemini_pi,Gemini + Pi,Gemini,Pi,shared,share_seq,SHARE-seq,pending,err_0019,T3,missing_recoverable_information,state,True,unresolved,unresolved,pending,unresolved,,0
gemini_pi,Gemini + Pi,Gemini,Pi,shared,share_seq,SHARE-seq,pending,err_0020,T3,missing_recoverable_information,transition,True,unresolved,unresolved,pending,unresolved,,0
gemini_pi,Gemini + Pi,Gemini,Pi,shared,share_seq,SHARE-seq,pending,err_0021,T3,missing_recoverable_information,transition,True,unresolved,unresolved,pending,unresolved,,0
gemini_pi,Gemini + Pi,Gemini,Pi,shared,share_seq,SHARE-seq,pending,err_0022,T3,missing_recoverable_information,transition,True,unresolved,unresolved,pending,unresolved,,0
gemini_pi,Gemini + Pi,Gemini,Pi,shared,share_seq,SHARE-seq,pending,err_0023,T3,molecular_state_or_assembly_error,state,True,unresolved,unresolved,pending,unresolved,,0
gemini_pi,Gemini + Pi,Gemini,Pi,shared,share_seq,SHARE-seq,pending,err_0024,T3,molecular_state_or_assembly_error,state,True,unresolved,unresolved,pending,unresolved,,0
gemini_pi,Gemini + Pi,Gemini,Pi,shared,share_seq,SHARE-seq,pending,err_0025,T3,molecular_state_or_assembly_error,state,True,unresolved,unresolved,pending,unresolved,,0
gemini_pi,Gemini + Pi,Gemini,Pi,shared,share_seq,SHARE-seq,pending,err_0026,T3,molecular_state_or_assembly_error,state,True,unresolved,unresolved,pending,unresolved,,0
gemini_pi,Gemini + Pi,Gemini,Pi,shared,share_seq,SHARE-seq,pending,err_0027,T3,molecular_state_or_assembly_error,state,True,unresolved,unresolved,pending,unresolved,,0
gemini_pi,Gemini + Pi,Gemini,Pi,shared,share_seq,SHARE-seq,pending,err_0028,T3,molecular_state_or_assembly_error,state,True,unresolved,unresolved,pending,unresolved,,0
gemini_pi,Gemini + Pi,Gemini,Pi,shared,share_seq,SHARE-seq,pending,err_0029,T3,molecular_state_or_assembly_error,state,True,unresolved,unresolved,pending,unresolved,,0
gemini_pi,Gemini + Pi,Gemini,Pi,shared,share_seq,SHARE-seq,pending,err_0030,T3,molecular_state_or_assembly_error,state,True,unresolved,unresolved,pending,unresolved,,0
gemini_pi,Gemini + Pi,Gemini,Pi,shared,share_seq,SHARE-seq,pending,err_0031,T3,molecular_state_or_assembly_error,state,True,unresolved,unresolved,pending,unresolved,,0
gemini_pi,Gemini + Pi,Gemini,Pi,shared,share_seq,SHARE-seq,pending,err_0032,T3,molecular_state_or_assembly_error,state,True,unresolved,unresolved,pending,unresolved,,0
gemini_pi,Gemini + Pi,Gemini,Pi,shared,share_seq,SHARE-seq,pending,err_0033,T3,molecular_state_or_assembly_error,state,True,unresolved,unresolved,pending,unresolved,,0
gemini_pi,Gemini + Pi,Gemini,Pi,shared,share_seq,SHARE-seq,pending,err_0034,T3,workflow_or_topology_error,transition,True,unresolved,unresolved,pending,unresolved,,0
gemini_pi,Gemini + Pi,Gemini,Pi,shared,share_seq,SHARE-seq,pending,err_0035,T3,workflow_or_topology_error,transition,True,unresolved,unresolved,pending,unresolved,,0
gemini_pi,Gemini + Pi,Gemini,Pi,shared,share_seq,SHARE-seq,pending,err_0036,T3,workflow_or_topology_error,transition,True,unresolved,unresolved,pending,unresolved,,0
gemini_pi,Gemini + Pi,Gemini,Pi,shared,share_seq,SHARE-seq,pending,err_0037,T3,workflow_or_topology_error,typed_edge,True,unresolved,unresolved,pending,unresolved,,0
gemini_pi,Gemini + Pi,Gemini,Pi,shared,share_seq,SHARE-seq,pending,err_0038,T3,workflow_or_topology_error,typed_edge,True,unresolved,unresolved,pending,unresolved,,0
gemini_pi,Gemini + Pi,Gemini,Pi,shared,share_seq,SHARE-seq,pending,err_0039,T3,workflow_or_topology_error,typed_edge,True,unresolved,unresolved,pending,unresolved,,0
gemini_pi,Gemini + Pi,Gemini,Pi,shared,share_seq,SHARE-seq,pending,err_0040,T3,workflow_or_topology_error,typed_edge,True,unresolved,unresolved,pending,unresolved,,0
gemini_pi,Gemini + Pi,Gemini,Pi,shared,share_seq,SHARE-seq,pending,err_0041,T3,workflow_or_topology_error,typed_edge,True,unresolved,unresolved,pending,unresolved,,0
gemini_pi,Gemini + Pi,Gemini,Pi,shared,share_seq,SHARE-seq,pending,err_0042,T3,workflow_or_topology_error,typed_edge,True,unresolved,unresolved,pending,unresolved,,0
gemini_pi,Gemini + Pi,Gemini,Pi,shared,share_seq,SHARE-seq,pending,err_0043,T3,workflow_or_topology_error,typed_edge,True,unresolved,unresolved,pending,unresolved,,0
gemini_pi,Gemini + Pi,Gemini,Pi,shared,share_seq,SHARE-seq,pending,err_0044,T3,workflow_or_topology_error,typed_edge,True,unresolved,unresolved,pending,unresolved,,0
gemini_pi,Gemini + Pi,Gemini,Pi,shared,share_seq,SHARE-seq,pending,err_0045,T3,workflow_or_topology_error,typed_edge,True,unresolved,unresolved,pending,unresolved,,0
gemini_pi,Gemini + Pi,Gemini,Pi,shared,share_seq,SHARE-seq,pending,err_0046,T3,workflow_or_topology_error,typed_edge,True,unresolved,unresolved,pending,unresolved,,0
gemini_pi,Gemini + Pi,Gemini,Pi,shared,share_seq,SHARE-seq,pending,err_0047,T3,workflow_or_topology_error,typed_edge,True,unresolved,unresolved,pending,unresolved,,0
gemini_pi,Gemini + Pi,Gemini,Pi,shared,share_seq,SHARE-seq,pending,err_0048,T3,workflow_or_topology_error,typed_edge,True,unresolved,unresolved,pending,unresolved,,0
gemini_pi,Gemini + Pi,Gemini,Pi,shared,share_seq,SHARE-seq,pending,err_0049,T3,workflow_or_topology_error,typed_edge,True,unresolved,unresolved,pending,unresolved,,0
gemini_pi,Gemini + Pi,Gemini,Pi,shared,share_seq,SHARE-seq,pending,err_0050,T3,workflow_or_topology_error,typed_edge,True,unresolved,unresolved,pending,unresolved,,0
gemini_pi,Gemini + Pi,Gemini,Pi,shared,share_seq,SHARE-seq,pending,err_0051,T3,workflow_or_topology_error,typed_edge,True,unresolved,unresolved,pending,unresolved,,0
gemini_pi,Gemini + Pi,Gemini,Pi,shared,share_seq,SHARE-seq,pending,err_0052,T3,workflow_or_topology_error,typed_edge,True,unresolved,unresolved,pending,unresolved,,0
gemini_pi,Gemini + Pi,Gemini,Pi,shared,share_seq,SHARE-seq,pending,err_0053,T3,workflow_or_topology_error,typed_edge,True,unresolved,unresolved,pending,unresolved,,0
gemini_pi,Gemini + Pi,Gemini,Pi,shared,share_seq,SHARE-seq,pending,err_0054,T3,workflow_or_topology_error,typed_edge,True,unresolved,unresolved,pending,unresolved,,0
gemini_pi,Gemini + Pi,Gemini,Pi,shared,share_seq,SHARE-seq,pending,err_0055,T3,workflow_or_topology_error,typed_edge,True,unresolved,unresolved,pending,unresolved,,0
gemini_pi,Gemini + Pi,Gemini,Pi,shared,share_seq,SHARE-seq,pending,err_0056,T3,workflow_or_topology_error,typed_edge,True,unresolved,unresolved,pending,unresolved,,0
gemini_pi,Gemini + Pi,Gemini,Pi,shared,smart_seq,SMART-seq,pending,err_0001,T2,molecular_state_or_assembly_error,oligo_family,True,unresolved,unresolved,pending,unresolved,,0
gemini_pi,Gemini + Pi,Gemini,Pi,shared,smart_seq,SMART-seq,pending,err_0002,T2,molecular_state_or_assembly_error,oligo_family,True,unresolved,unresolved,pending,unresolved,,0
gemini_pi,Gemini + Pi,Gemini,Pi,shared,smart_seq,SMART-seq,pending,err_0003,T2,molecular_state_or_assembly_error,oligo_family,True,unresolved,unresolved,pending,unresolved,,0
gemini_pi,Gemini + Pi,Gemini,Pi,shared,smart_seq,SMART-seq,pending,err_0004,T3,missing_recoverable_information,state,True,unresolved,unresolved,pending,unresolved,,0
gemini_pi,Gemini + Pi,Gemini,Pi,shared,smart_seq,SMART-seq,pending,err_0005,T3,missing_recoverable_information,state,True,unresolved,unresolved,pending,unresolved,,0
gemini_pi,Gemini + Pi,Gemini,Pi,shared,smart_seq,SMART-seq,pending,err_0006,T3,missing_recoverable_information,state,True,unresolved,unresolved,pending,unresolved,,0
gemini_pi,Gemini + Pi,Gemini,Pi,shared,smart_seq,SMART-seq,pending,err_0007,T3,missing_recoverable_information,state,True,unresolved,unresolved,pending,unresolved,,0
gemini_pi,Gemini + Pi,Gemini,Pi,shared,smart_seq,SMART-seq,pending,err_0008,T3,missing_recoverable_information,transition,True,unresolved,unresolved,pending,unresolved,,0
gemini_pi,Gemini + Pi,Gemini,Pi,shared,smart_seq,SMART-seq,pending,err_0009,T3,missing_recoverable_information,transition,True,unresolved,unresolved,pending,unresolved,,0
gemini_pi,Gemini + Pi,Gemini,Pi,shared,smart_seq,SMART-seq,pending,err_0010,T3,missing_recoverable_information,transition,True,unresolved,unresolved,pending,unresolved,,0
gemini_pi,Gemini + Pi,Gemini,Pi,shared,smart_seq,SMART-seq,pending,err_0011,T3,missing_recoverable_information,transition,True,unresolved,unresolved,pending,unresolved,,0
gemini_pi,Gemini + Pi,Gemini,Pi,shared,smart_seq,SMART-seq,pending,err_0012,T3,missing_recoverable_information,transition,True,unresolved,unresolved,pending,unresolved,,0
gemini_pi,Gemini + Pi,Gemini,Pi,shared,smart_seq,SMART-seq,pending,err_0013,T3,missing_recoverable_information,transition,True,unresolved,unresolved,pending,unresolved,,0
gemini_pi,Gemini + Pi,Gemini,Pi,shared,smart_seq,SMART-seq,pending,err_0014,T3,missing_recoverable_information,terminal_output,True,unresolved,unresolved,pending,unresolved,,0
gemini_pi,Gemini + Pi,Gemini,Pi,shared,smart_seq,SMART-seq,pending,err_0015,T3,molecular_state_or_assembly_error,state,True,unresolved,unresolved,pending,unresolved,,0
gemini_pi,Gemini + Pi,Gemini,Pi,shared,smart_seq,SMART-seq,pending,err_0016,T3,molecular_state_or_assembly_error,state,True,unresolved,unresolved,pending,unresolved,,0
gemini_pi,Gemini + Pi,Gemini,Pi,shared,smart_seq,SMART-seq,pending,err_0017,T3,molecular_state_or_assembly_error,state,True,unresolved,unresolved,pending,unresolved,,0
gemini_pi,Gemini + Pi,Gemini,Pi,shared,smart_seq,SMART-seq,pending,err_0018,T3,molecular_state_or_assembly_error,state,True,unresolved,unresolved,pending,unresolved,,0
gemini_pi,Gemini + Pi,Gemini,Pi,shared,smart_seq,SMART-seq,pending,err_0019,T3,workflow_or_topology_error,transition,True,unresolved,unresolved,pending,unresolved,,0
gemini_pi,Gemini + Pi,Gemini,Pi,shared,smart_seq,SMART-seq,pending,err_0020,T3,workflow_or_topology_error,transition,True,unresolved,unresolved,pending,unresolved,,0
gemini_pi,Gemini + Pi,Gemini,Pi,shared,smart_seq,SMART-seq,pending,err_0021,T3,workflow_or_topology_error,typed_edge,True,unresolved,unresolved,pending,unresolved,,0
gemini_pi,Gemini + Pi,Gemini,Pi,shared,smart_seq,SMART-seq,pending,err_0022,T3,workflow_or_topology_error,typed_edge,True,unresolved,unresolved,pending,unresolved,,0
gemini_pi,Gemini + Pi,Gemini,Pi,shared,smart_seq,SMART-seq,pending,err_0023,T3,workflow_or_topology_error,typed_edge,True,unresolved,unresolved,pending,unresolved,,0
gemini_pi,Gemini + Pi,Gemini,Pi,shared,smart_seq,SMART-seq,pending,err_0024,T3,workflow_or_topology_error,typed_edge,True,unresolved,unresolved,pending,unresolved,,0
gemini_pi,Gemini + Pi,Gemini,Pi,shared,smart_seq,SMART-seq,pending,err_0025,T3,workflow_or_topology_error,typed_edge,True,unresolved,unresolved,pending,unresolved,,0
gemini_pi,Gemini + Pi,Gemini,Pi,shared,smart_seq,SMART-seq,pending,err_0026,T3,workflow_or_topology_error,typed_edge,True,unresolved,unresolved,pending,unresolved,,0
gemini_pi,Gemini + Pi,Gemini,Pi,shared,smart_seq,SMART-seq,pending,err_0027,T3,workflow_or_topology_error,typed_edge,True,unresolved,unresolved,pending,unresolved,,0
gemini_pi,Gemini + Pi,Gemini,Pi,shared,smart_seq,SMART-seq,pending,err_0028,T3,workflow_or_topology_error,typed_edge,True,unresolved,unresolved,pending,unresolved,,0
gemini_pi,Gemini + Pi,Gemini,Pi,shared,smart_seq,SMART-seq,pending,err_0029,T3,workflow_or_topology_error,typed_edge,True,unresolved,unresolved,pending,unresolved,,0
gemini_pi,Gemini + Pi,Gemini,Pi,shared,smart_seq,SMART-seq,pending,err_0030,T3,workflow_or_topology_error,typed_edge,True,unresolved,unresolved,pending,unresolved,,0
gemini_pi,Gemini + Pi,Gemini,Pi,shared,smart_seq,SMART-seq,pending,err_0031,T3,workflow_or_topology_error,typed_edge,True,unresolved,unresolved,pending,unresolved,,0
gemini_pi,Gemini + Pi,Gemini,Pi,shared,smart_seq,SMART-seq,pending,err_0032,T3,workflow_or_topology_error,typed_edge,True,unresolved,unresolved,pending,unresolved,,0
gemini_pi,Gemini + Pi,Gemini,Pi,shared,smart_seq,SMART-seq,pending,err_0033,T3,workflow_or_topology_error,typed_edge,True,unresolved,unresolved,pending,unresolved,,0
gemini_pi,Gemini + Pi,Gemini,Pi,shared,smart_seq,SMART-seq,pending,err_0034,T3,workflow_or_topology_error,typed_edge,True,unresolved,unresolved,pending,unresolved,,0
gemini_mini_swe,Gemini + mini-SWE,Gemini,mini-SWE,shared,10x_chromium_3_gene_expression_v4,10x 3' GEX v4,pending,err_0001,T2,unsupported_completion,oligo_family,True,unresolved,unresolved,pending,unresolved,,0
gemini_mini_swe,Gemini + mini-SWE,Gemini,mini-SWE,shared,10x_chromium_3_gene_expression_v4,10x 3' GEX v4,pending,err_0002,T2,unsupported_completion,oligo_family,True,unresolved,unresolved,pending,unresolved,,0
gemini_mini_swe,Gemini + mini-SWE,Gemini,mini-SWE,shared,10x_chromium_3_gene_expression_v4,10x 3' GEX v4,pending,err_0003,T2,unsupported_completion,oligo_family,True,unresolved,unresolved,pending,unresolved,,0
gemini_mini_swe,Gemini + mini-SWE,Gemini,mini-SWE,shared,10x_chromium_3_gene_expression_v4,10x 3' GEX v4,pending,err_0004,T2,molecular_state_or_assembly_error,oligo_family,True,unresolved,unresolved,pending,unresolved,,0
gemini_mini_swe,Gemini + mini-SWE,Gemini,mini-SWE,shared,10x_chromium_3_gene_expression_v4,10x 3' GEX v4,pending,err_0005,T2,molecular_state_or_assembly_error,oligo_family,True,unresolved,unresolved,pending,unresolved,,0
gemini_mini_swe,Gemini + mini-SWE,Gemini,mini-SWE,shared,10x_chromium_3_gene_expression_v4,10x 3' GEX v4,pending,err_0006,T2,workflow_or_topology_error,oligo_family,True,unresolved,unresolved,pending,unresolved,,0
gemini_mini_swe,Gemini + mini-SWE,Gemini,mini-SWE,shared,10x_chromium_3_gene_expression_v4,10x 3' GEX v4,pending,err_0007,T2,molecular_state_or_assembly_error,oligo_family,True,unresolved,unresolved,pending,unresolved,,0
gemini_mini_swe,Gemini + mini-SWE,Gemini,mini-SWE,shared,10x_chromium_3_gene_expression_v4,10x 3' GEX v4,pending,err_0008,T2,workflow_or_topology_error,oligo_family,True,unresolved,unresolved,pending,unresolved,,0
gemini_mini_swe,Gemini + mini-SWE,Gemini,mini-SWE,shared,10x_chromium_3_gene_expression_v4,10x 3' GEX v4,pending,err_0009,T2,molecular_state_or_assembly_error,oligo_family,True,unresolved,unresolved,pending,unresolved,,0
gemini_mini_swe,Gemini + mini-SWE,Gemini,mini-SWE,shared,10x_chromium_3_gene_expression_v4,10x 3' GEX v4,pending,err_0010,T2,workflow_or_topology_error,oligo_family,True,unresolved,unresolved,pending,unresolved,,0
gemini_mini_swe,Gemini + mini-SWE,Gemini,mini-SWE,shared,10x_chromium_3_gene_expression_v4,10x 3' GEX v4,pending,err_0011,T3,missing_recoverable_information,state,True,unresolved,unresolved,pending,unresolved,,0
gemini_mini_swe,Gemini + mini-SWE,Gemini,mini-SWE,shared,10x_chromium_3_gene_expression_v4,10x 3' GEX v4,pending,err_0012,T3,missing_recoverable_information,transition,True,unresolved,unresolved,pending,unresolved,,0
gemini_mini_swe,Gemini + mini-SWE,Gemini,mini-SWE,shared,10x_chromium_3_gene_expression_v4,10x 3' GEX v4,pending,err_0013,T3,molecular_state_or_assembly_error,state,True,unresolved,unresolved,pending,unresolved,,0
gemini_mini_swe,Gemini + mini-SWE,Gemini,mini-SWE,shared,10x_chromium_3_gene_expression_v4,10x 3' GEX v4,pending,err_0014,T3,molecular_state_or_assembly_error,state,True,unresolved,unresolved,pending,unresolved,,0
gemini_mini_swe,Gemini + mini-SWE,Gemini,mini-SWE,shared,10x_chromium_3_gene_expression_v4,10x 3' GEX v4,pending,err_0015,T3,molecular_state_or_assembly_error,state,True,unresolved,unresolved,pending,unresolved,,0
gemini_mini_swe,Gemini + mini-SWE,Gemini,mini-SWE,shared,10x_chromium_3_gene_expression_v4,10x 3' GEX v4,pending,err_0016,T3,molecular_state_or_assembly_error,state,True,unresolved,unresolved,pending,unresolved,,0
gemini_mini_swe,Gemini + mini-SWE,Gemini,mini-SWE,shared,10x_chromium_3_gene_expression_v4,10x 3' GEX v4,pending,err_0017,T3,molecular_state_or_assembly_error,state,True,unresolved,unresolved,pending,unresolved,,0
gemini_mini_swe,Gemini + mini-SWE,Gemini,mini-SWE,shared,10x_chromium_3_gene_expression_v4,10x 3' GEX v4,pending,err_0018,T3,molecular_state_or_assembly_error,state,True,unresolved,unresolved,pending,unresolved,,0
gemini_mini_swe,Gemini + mini-SWE,Gemini,mini-SWE,shared,10x_chromium_3_gene_expression_v4,10x 3' GEX v4,pending,err_0019,T3,workflow_or_topology_error,transition,True,unresolved,unresolved,pending,unresolved,,0
gemini_mini_swe,Gemini + mini-SWE,Gemini,mini-SWE,shared,10x_chromium_3_gene_expression_v4,10x 3' GEX v4,pending,err_0020,T3,workflow_or_topology_error,transition,True,unresolved,unresolved,pending,unresolved,,0
gemini_mini_swe,Gemini + mini-SWE,Gemini,mini-SWE,shared,10x_chromium_3_gene_expression_v4,10x 3' GEX v4,pending,err_0021,T3,workflow_or_topology_error,transition,True,unresolved,unresolved,pending,unresolved,,0
gemini_mini_swe,Gemini + mini-SWE,Gemini,mini-SWE,shared,10x_chromium_3_gene_expression_v4,10x 3' GEX v4,pending,err_0022,T3,workflow_or_topology_error,typed_edge,True,unresolved,unresolved,pending,unresolved,,0
gemini_mini_swe,Gemini + mini-SWE,Gemini,mini-SWE,shared,10x_chromium_3_gene_expression_v4,10x 3' GEX v4,pending,err_0023,T3,workflow_or_topology_error,typed_edge,True,unresolved,unresolved,pending,unresolved,,0
gemini_mini_swe,Gemini + mini-SWE,Gemini,mini-SWE,shared,10x_chromium_3_gene_expression_v4,10x 3' GEX v4,pending,err_0024,T3,workflow_or_topology_error,typed_edge,True,unresolved,unresolved,pending,unresolved,,0
gemini_mini_swe,Gemini + mini-SWE,Gemini,mini-SWE,shared,10x_chromium_3_gene_expression_v4,10x 3' GEX v4,pending,err_0025,T3,workflow_or_topology_error,typed_edge,True,unresolved,unresolved,pending,unresolved,,0
gemini_mini_swe,Gemini + mini-SWE,Gemini,mini-SWE,shared,ddseq_single_cell_3_rna_seq_kit,ddSEQ 3' RNA,pending,err_0001,T2,unsupported_completion,oligo_family,True,unresolved,unresolved,pending,unresolved,,0
gemini_mini_swe,Gemini + mini-SWE,Gemini,mini-SWE,shared,ddseq_single_cell_3_rna_seq_kit,ddSEQ 3' RNA,pending,err_0002,T2,unsupported_completion,oligo_family,True,unresolved,unresolved,pending,unresolved,,0
gemini_mini_swe,Gemini + mini-SWE,Gemini,mini-SWE,shared,ddseq_single_cell_3_rna_seq_kit,ddSEQ 3' RNA,pending,err_0003,T2,unsupported_completion,oligo_family,True,unresolved,unresolved,pending,unresolved,,0
gemini_mini_swe,Gemini + mini-SWE,Gemini,mini-SWE,shared,ddseq_single_cell_3_rna_seq_kit,ddSEQ 3' RNA,pending,err_0004,T2,unsupported_completion,oligo_family,True,unresolved,unresolved,pending,unresolved,,0
gemini_mini_swe,Gemini + mini-SWE,Gemini,mini-SWE,shared,ddseq_single_cell_3_rna_seq_kit,ddSEQ 3' RNA,pending,err_0005,T2,unsupported_completion,oligo_family,True,unresolved,unresolved,pending,unresolved,,0
gemini_mini_swe,Gemini + mini-SWE,Gemini,mini-SWE,shared,ddseq_single_cell_3_rna_seq_kit,ddSEQ 3' RNA,pending,err_0006,T2,unsupported_completion,oligo_family,True,unresolved,unresolved,pending,unresolved,,0
gemini_mini_swe,Gemini + mini-SWE,Gemini,mini-SWE,shared,ddseq_single_cell_3_rna_seq_kit,ddSEQ 3' RNA,pending,err_0007,T3,unsupported_completion,workflow,True,unresolved,unresolved,pending,unresolved,,0
gemini_mini_swe,Gemini + mini-SWE,Gemini,mini-SWE,shared,ddseq_single_cell_3_rna_seq_kit,ddSEQ 3' RNA,pending,err_0008,T3,missing_recoverable_information,state,True,unresolved,unresolved,pending,unresolved,,0
gemini_mini_swe,Gemini + mini-SWE,Gemini,mini-SWE,shared,ddseq_single_cell_3_rna_seq_kit,ddSEQ 3' RNA,pending,err_0009,T3,missing_recoverable_information,state,True,unresolved,unresolved,pending,unresolved,,0
gemini_mini_swe,Gemini + mini-SWE,Gemini,mini-SWE,shared,ddseq_single_cell_3_rna_seq_kit,ddSEQ 3' RNA,pending,err_0010,T3,missing_recoverable_information,state,True,unresolved,unresolved,pending,unresolved,,0
gemini_mini_swe,Gemini + mini-SWE,Gemini,mini-SWE,shared,ddseq_single_cell_3_rna_seq_kit,ddSEQ 3' RNA,pending,err_0011,T3,missing_recoverable_information,state,True,unresolved,unresolved,pending,unresolved,,0
gemini_mini_swe,Gemini + mini-SWE,Gemini,mini-SWE,shared,ddseq_single_cell_3_rna_seq_kit,ddSEQ 3' RNA,pending,err_0012,T3,missing_recoverable_information,transition,True,unresolved,unresolved,pending,unresolved,,0
gemini_mini_swe,Gemini + mini-SWE,Gemini,mini-SWE,shared,ddseq_single_cell_3_rna_seq_kit,ddSEQ 3' RNA,pending,err_0013,T3,missing_recoverable_information,transition,True,unresolved,unresolved,pending,unresolved,,0
gemini_mini_swe,Gemini + mini-SWE,Gemini,mini-SWE,shared,ddseq_single_cell_3_rna_seq_kit,ddSEQ 3' RNA,pending,err_0014,T3,missing_recoverable_information,transition,True,unresolved,unresolved,pending,unresolved,,0
gemini_mini_swe,Gemini + mini-SWE,Gemini,mini-SWE,shared,ddseq_single_cell_3_rna_seq_kit,ddSEQ 3' RNA,pending,err_0015,T3,missing_recoverable_information,terminal_output,True,unresolved,unresolved,pending,unresolved,,0
gemini_mini_swe,Gemini + mini-SWE,Gemini,mini-SWE,shared,ddseq_single_cell_3_rna_seq_kit,ddSEQ 3' RNA,pending,err_0016,T3,molecular_state_or_assembly_error,state,True,unresolved,unresolved,pending,unresolved,,0
gemini_mini_swe,Gemini + mini-SWE,Gemini,mini-SWE,shared,ddseq_single_cell_3_rna_seq_kit,ddSEQ 3' RNA,pending,err_0017,T3,molecular_state_or_assembly_error,state,True,unresolved,unresolved,pending,unresolved,,0
gemini_mini_swe,Gemini + mini-SWE,Gemini,mini-SWE,shared,ddseq_single_cell_3_rna_seq_kit,ddSEQ 3' RNA,pending,err_0018,T3,workflow_or_topology_error,transition,True,unresolved,unresolved,pending,unresolved,,0
gemini_mini_swe,Gemini + mini-SWE,Gemini,mini-SWE,shared,ddseq_single_cell_3_rna_seq_kit,ddSEQ 3' RNA,pending,err_0019,T3,workflow_or_topology_error,transition,True,unresolved,unresolved,pending,unresolved,,0
gemini_mini_swe,Gemini + mini-SWE,Gemini,mini-SWE,shared,ddseq_single_cell_3_rna_seq_kit,ddSEQ 3' RNA,pending,err_0020,T3,workflow_or_topology_error,transition,True,unresolved,unresolved,pending,unresolved,,0
gemini_mini_swe,Gemini + mini-SWE,Gemini,mini-SWE,shared,ddseq_single_cell_3_rna_seq_kit,ddSEQ 3' RNA,pending,err_0021,T3,workflow_or_topology_error,typed_edge,True,unresolved,unresolved,pending,unresolved,,0
gemini_mini_swe,Gemini + mini-SWE,Gemini,mini-SWE,shared,ddseq_single_cell_3_rna_seq_kit,ddSEQ 3' RNA,pending,err_0022,T3,workflow_or_topology_error,typed_edge,True,unresolved,unresolved,pending,unresolved,,0
gemini_mini_swe,Gemini + mini-SWE,Gemini,mini-SWE,shared,ddseq_single_cell_3_rna_seq_kit,ddSEQ 3' RNA,pending,err_0023,T3,workflow_or_topology_error,typed_edge,True,unresolved,unresolved,pending,unresolved,,0
gemini_mini_swe,Gemini + mini-SWE,Gemini,mini-SWE,shared,ddseq_single_cell_3_rna_seq_kit,ddSEQ 3' RNA,pending,err_0024,T3,workflow_or_topology_error,typed_edge,True,unresolved,unresolved,pending,unresolved,,0
gemini_mini_swe,Gemini + mini-SWE,Gemini,mini-SWE,shared,ddseq_single_cell_3_rna_seq_kit,ddSEQ 3' RNA,pending,err_0025,T3,workflow_or_topology_error,typed_edge,True,unresolved,unresolved,pending,unresolved,,0
gemini_mini_swe,Gemini + mini-SWE,Gemini,mini-SWE,shared,ddseq_single_cell_3_rna_seq_kit,ddSEQ 3' RNA,pending,err_0026,T3,workflow_or_topology_error,typed_edge,True,unresolved,unresolved,pending,unresolved,,0
gemini_mini_swe,Gemini + mini-SWE,Gemini,mini-SWE,shared,ddseq_single_cell_3_rna_seq_kit,ddSEQ 3' RNA,pending,err_0027,T3,workflow_or_topology_error,typed_edge,True,unresolved,unresolved,pending,unresolved,,0
gemini_mini_swe,Gemini + mini-SWE,Gemini,mini-SWE,shared,ddseq_single_cell_3_rna_seq_kit,ddSEQ 3' RNA,pending,err_0028,T3,workflow_or_topology_error,typed_edge,True,unresolved,unresolved,pending,unresolved,,0
gemini_mini_swe,Gemini + mini-SWE,Gemini,mini-SWE,shared,ddseq_single_cell_3_rna_seq_kit,ddSEQ 3' RNA,pending,err_0029,T3,workflow_or_topology_error,typed_edge,True,unresolved,unresolved,pending,unresolved,,0
gemini_mini_swe,Gemini + mini-SWE,Gemini,mini-SWE,shared,ddseq_single_cell_3_rna_seq_kit,ddSEQ 3' RNA,pending,err_0030,T3,workflow_or_topology_error,typed_edge,True,unresolved,unresolved,pending,unresolved,,0
gemini_mini_swe,Gemini + mini-SWE,Gemini,mini-SWE,shared,ddseq_single_cell_3_rna_seq_kit,ddSEQ 3' RNA,pending,err_0031,T3,workflow_or_topology_error,typed_edge,True,unresolved,unresolved,pending,unresolved,,0
gemini_mini_swe,Gemini + mini-SWE,Gemini,mini-SWE,shared,dr_seq,DR-seq,pending,err_0001,T2,unsupported_completion,oligo_family,True,unresolved,unresolved,pending,unresolved,,0
gemini_mini_swe,Gemini + mini-SWE,Gemini,mini-SWE,shared,dr_seq,DR-seq,pending,err_0002,T2,unsupported_completion,oligo_family,True,unresolved,unresolved,pending,unresolved,,0
gemini_mini_swe,Gemini + mini-SWE,Gemini,mini-SWE,shared,dr_seq,DR-seq,pending,err_0003,T2,unsupported_completion,oligo_family,True,unresolved,unresolved,pending,unresolved,,0
gemini_mini_swe,Gemini + mini-SWE,Gemini,mini-SWE,shared,dr_seq,DR-seq,pending,err_0004,T2,unsupported_completion,oligo_family,True,unresolved,unresolved,pending,unresolved,,0
gemini_mini_swe,Gemini + mini-SWE,Gemini,mini-SWE,shared,dr_seq,DR-seq,pending,err_0005,T2,unsupported_completion,oligo_family,True,unresolved,unresolved,pending,unresolved,,0
gemini_mini_swe,Gemini + mini-SWE,Gemini,mini-SWE,shared,dr_seq,DR-seq,pending,err_0006,T2,unsupported_completion,oligo_family,True,unresolved,unresolved,pending,unresolved,,0
gemini_mini_swe,Gemini + mini-SWE,Gemini,mini-SWE,shared,dr_seq,DR-seq,pending,err_0007,T3,missing_recoverable_information,state,True,unresolved,unresolved,pending,unresolved,,0
gemini_mini_swe,Gemini + mini-SWE,Gemini,mini-SWE,shared,dr_seq,DR-seq,pending,err_0008,T3,missing_recoverable_information,transition,True,unresolved,unresolved,pending,unresolved,,0
gemini_mini_swe,Gemini + mini-SWE,Gemini,mini-SWE,shared,dr_seq,DR-seq,pending,err_0009,T3,missing_recoverable_information,transition,True,unresolved,unresolved,pending,unresolved,,0
gemini_mini_swe,Gemini + mini-SWE,Gemini,mini-SWE,shared,dr_seq,DR-seq,pending,err_0010,T3,unsupported_completion,transition,True,unresolved,unresolved,pending,unresolved,,0
gemini_mini_swe,Gemini + mini-SWE,Gemini,mini-SWE,shared,dr_seq,DR-seq,pending,err_0011,T3,unsupported_completion,transition,True,unresolved,unresolved,pending,unresolved,,0
gemini_mini_swe,Gemini + mini-SWE,Gemini,mini-SWE,shared,dr_seq,DR-seq,pending,err_0012,T3,molecular_state_or_assembly_error,state,True,unresolved,unresolved,pending,unresolved,,0
gemini_mini_swe,Gemini + mini-SWE,Gemini,mini-SWE,shared,dr_seq,DR-seq,pending,err_0013,T3,molecular_state_or_assembly_error,state,True,unresolved,unresolved,pending,unresolved,,0
gemini_mini_swe,Gemini + mini-SWE,Gemini,mini-SWE,shared,dr_seq,DR-seq,pending,err_0014,T3,molecular_state_or_assembly_error,state,True,unresolved,unresolved,pending,unresolved,,0
gemini_mini_swe,Gemini + mini-SWE,Gemini,mini-SWE,shared,dr_seq,DR-seq,pending,err_0015,T3,molecular_state_or_assembly_error,state,True,unresolved,unresolved,pending,unresolved,,0
gemini_mini_swe,Gemini + mini-SWE,Gemini,mini-SWE,shared,dr_seq,DR-seq,pending,err_0016,T3,molecular_state_or_assembly_error,state,True,unresolved,unresolved,pending,unresolved,,0
gemini_mini_swe,Gemini + mini-SWE,Gemini,mini-SWE,shared,dr_seq,DR-seq,pending,err_0017,T3,molecular_state_or_assembly_error,state,True,unresolved,unresolved,pending,unresolved,,0
gemini_mini_swe,Gemini + mini-SWE,Gemini,mini-SWE,shared,dr_seq,DR-seq,pending,err_0018,T3,molecular_state_or_assembly_error,state,True,unresolved,unresolved,pending,unresolved,,0
gemini_mini_swe,Gemini + mini-SWE,Gemini,mini-SWE,shared,dr_seq,DR-seq,pending,err_0019,T3,molecular_state_or_assembly_error,state,True,unresolved,unresolved,pending,unresolved,,0
gemini_mini_swe,Gemini + mini-SWE,Gemini,mini-SWE,shared,dr_seq,DR-seq,pending,err_0020,T3,molecular_state_or_assembly_error,state,True,unresolved,unresolved,pending,unresolved,,0
gemini_mini_swe,Gemini + mini-SWE,Gemini,mini-SWE,shared,dr_seq,DR-seq,pending,err_0021,T3,molecular_state_or_assembly_error,state,True,unresolved,unresolved,pending,unresolved,,0
gemini_mini_swe,Gemini + mini-SWE,Gemini,mini-SWE,shared,dr_seq,DR-seq,pending,err_0022,T3,molecular_state_or_assembly_error,state,True,unresolved,unresolved,pending,unresolved,,0
gemini_mini_swe,Gemini + mini-SWE,Gemini,mini-SWE,shared,dr_seq,DR-seq,pending,err_0023,T3,molecular_state_or_assembly_error,state,True,unresolved,unresolved,pending,unresolved,,0
gemini_mini_swe,Gemini + mini-SWE,Gemini,mini-SWE,shared,dr_seq,DR-seq,pending,err_0024,T3,molecular_state_or_assembly_error,state,True,unresolved,unresolved,pending,unresolved,,0
gemini_mini_swe,Gemini + mini-SWE,Gemini,mini-SWE,shared,dr_seq,DR-seq,pending,err_0025,T3,molecular_state_or_assembly_error,state,True,unresolved,unresolved,pending,unresolved,,0
gemini_mini_swe,Gemini + mini-SWE,Gemini,mini-SWE,shared,dr_seq,DR-seq,pending,err_0026,T3,molecular_state_or_assembly_error,state,True,unresolved,unresolved,pending,unresolved,,0
gemini_mini_swe,Gemini + mini-SWE,Gemini,mini-SWE,shared,dr_seq,DR-seq,pending,err_0027,T3,workflow_or_topology_error,transition,True,unresolved,unresolved,pending,unresolved,,0
gemini_mini_swe,Gemini + mini-SWE,Gemini,mini-SWE,shared,dr_seq,DR-seq,pending,err_0028,T3,workflow_or_topology_error,transition,True,unresolved,unresolved,pending,unresolved,,0
gemini_mini_swe,Gemini + mini-SWE,Gemini,mini-SWE,shared,dr_seq,DR-seq,pending,err_0029,T3,workflow_or_topology_error,transition,True,unresolved,unresolved,pending,unresolved,,0
gemini_mini_swe,Gemini + mini-SWE,Gemini,mini-SWE,shared,dr_seq,DR-seq,pending,err_0030,T3,workflow_or_topology_error,transition,True,unresolved,unresolved,pending,unresolved,,0
gemini_mini_swe,Gemini + mini-SWE,Gemini,mini-SWE,shared,dr_seq,DR-seq,pending,err_0031,T3,workflow_or_topology_error,transition,True,unresolved,unresolved,pending,unresolved,,0
gemini_mini_swe,Gemini + mini-SWE,Gemini,mini-SWE,shared,dr_seq,DR-seq,pending,err_0032,T3,workflow_or_topology_error,transition,True,unresolved,unresolved,pending,unresolved,,0
gemini_mini_swe,Gemini + mini-SWE,Gemini,mini-SWE,shared,dr_seq,DR-seq,pending,err_0033,T3,workflow_or_topology_error,transition,True,unresolved,unresolved,pending,unresolved,,0
gemini_mini_swe,Gemini + mini-SWE,Gemini,mini-SWE,shared,dr_seq,DR-seq,pending,err_0034,T3,operation_error,transition,True,unresolved,unresolved,pending,unresolved,,0
gemini_mini_swe,Gemini + mini-SWE,Gemini,mini-SWE,shared,dr_seq,DR-seq,pending,err_0035,T3,workflow_or_topology_error,transition,True,unresolved,unresolved,pending,unresolved,,0
gemini_mini_swe,Gemini + mini-SWE,Gemini,mini-SWE,shared,dr_seq,DR-seq,pending,err_0036,T3,workflow_or_topology_error,typed_edge,True,unresolved,unresolved,pending,unresolved,,0
gemini_mini_swe,Gemini + mini-SWE,Gemini,mini-SWE,shared,dr_seq,DR-seq,pending,err_0037,T3,workflow_or_topology_error,typed_edge,True,unresolved,unresolved,pending,unresolved,,0
gemini_mini_swe,Gemini + mini-SWE,Gemini,mini-SWE,shared,dr_seq,DR-seq,pending,err_0038,T3,workflow_or_topology_error,typed_edge,True,unresolved,unresolved,pending,unresolved,,0
gemini_mini_swe,Gemini + mini-SWE,Gemini,mini-SWE,shared,dr_seq,DR-seq,pending,err_0039,T3,workflow_or_topology_error,typed_edge,True,unresolved,unresolved,pending,unresolved,,0
gemini_mini_swe,Gemini + mini-SWE,Gemini,mini-SWE,shared,dr_seq,DR-seq,pending,err_0040,T3,workflow_or_topology_error,typed_edge,True,unresolved,unresolved,pending,unresolved,,0
gemini_mini_swe,Gemini + mini-SWE,Gemini,mini-SWE,shared,dr_seq,DR-seq,pending,err_0041,T3,workflow_or_topology_error,typed_edge,True,unresolved,unresolved,pending,unresolved,,0
gemini_mini_swe,Gemini + mini-SWE,Gemini,mini-SWE,shared,dr_seq,DR-seq,pending,err_0042,T3,workflow_or_topology_error,typed_edge,True,unresolved,unresolved,pending,unresolved,,0
gemini_mini_swe,Gemini + mini-SWE,Gemini,mini-SWE,shared,dr_seq,DR-seq,pending,err_0043,T3,workflow_or_topology_error,typed_edge,True,unresolved,unresolved,pending,unresolved,,0
gemini_mini_swe,Gemini + mini-SWE,Gemini,mini-SWE,shared,dr_seq,DR-seq,pending,err_0044,T3,workflow_or_topology_error,typed_edge,True,unresolved,unresolved,pending,unresolved,,0
gemini_mini_swe,Gemini + mini-SWE,Gemini,mini-SWE,shared,dr_seq,DR-seq,pending,err_0045,T3,workflow_or_topology_error,typed_edge,True,unresolved,unresolved,pending,unresolved,,0
gemini_mini_swe,Gemini + mini-SWE,Gemini,mini-SWE,shared,dr_seq,DR-seq,pending,err_0046,T3,workflow_or_topology_error,typed_edge,True,unresolved,unresolved,pending,unresolved,,0
gemini_mini_swe,Gemini + mini-SWE,Gemini,mini-SWE,shared,dr_seq,DR-seq,pending,err_0047,T3,workflow_or_topology_error,typed_edge,True,unresolved,unresolved,pending,unresolved,,0
gemini_mini_swe,Gemini + mini-SWE,Gemini,mini-SWE,shared,dr_seq,DR-seq,pending,err_0048,T3,workflow_or_topology_error,typed_edge,True,unresolved,unresolved,pending,unresolved,,0
gemini_mini_swe,Gemini + mini-SWE,Gemini,mini-SWE,shared,dr_seq,DR-seq,pending,err_0049,T3,workflow_or_topology_error,typed_edge,True,unresolved,unresolved,pending,unresolved,,0
gemini_mini_swe,Gemini + mini-SWE,Gemini,mini-SWE,shared,dr_seq,DR-seq,pending,err_0050,T3,workflow_or_topology_error,typed_edge,True,unresolved,unresolved,pending,unresolved,,0
gemini_mini_swe,Gemini + mini-SWE,Gemini,mini-SWE,shared,dr_seq,DR-seq,pending,err_0051,T3,workflow_or_topology_error,typed_edge,True,unresolved,unresolved,pending,unresolved,,0
gemini_mini_swe,Gemini + mini-SWE,Gemini,mini-SWE,shared,dr_seq,DR-seq,pending,err_0052,T3,workflow_or_topology_error,typed_edge,True,unresolved,unresolved,pending,unresolved,,0
gemini_mini_swe,Gemini + mini-SWE,Gemini,mini-SWE,shared,dr_seq,DR-seq,pending,err_0053,T3,workflow_or_topology_error,typed_edge,True,unresolved,unresolved,pending,unresolved,,0
gemini_mini_swe,Gemini + mini-SWE,Gemini,mini-SWE,shared,dr_seq,DR-seq,pending,err_0054,T3,workflow_or_topology_error,typed_edge,True,unresolved,unresolved,pending,unresolved,,0
gemini_mini_swe,Gemini + mini-SWE,Gemini,mini-SWE,shared,dr_seq,DR-seq,pending,err_0055,T3,workflow_or_topology_error,typed_edge,True,unresolved,unresolved,pending,unresolved,,0
gemini_mini_swe,Gemini + mini-SWE,Gemini,mini-SWE,shared,dr_seq,DR-seq,pending,err_0056,T3,workflow_or_topology_error,typed_edge,True,unresolved,unresolved,pending,unresolved,,0
gemini_mini_swe,Gemini + mini-SWE,Gemini,mini-SWE,shared,dr_seq,DR-seq,pending,err_0057,T3,workflow_or_topology_error,typed_edge,True,unresolved,unresolved,pending,unresolved,,0
gemini_mini_swe,Gemini + mini-SWE,Gemini,mini-SWE,shared,dr_seq,DR-seq,pending,err_0058,T3,workflow_or_topology_error,typed_edge,True,unresolved,unresolved,pending,unresolved,,0
gemini_mini_swe,Gemini + mini-SWE,Gemini,mini-SWE,shared,dr_seq,DR-seq,pending,err_0059,T3,workflow_or_topology_error,typed_edge,True,unresolved,unresolved,pending,unresolved,,0
gemini_mini_swe,Gemini + mini-SWE,Gemini,mini-SWE,shared,dr_seq,DR-seq,pending,err_0060,T3,workflow_or_topology_error,typed_edge,True,unresolved,unresolved,pending,unresolved,,0
gemini_mini_swe,Gemini + mini-SWE,Gemini,mini-SWE,shared,dr_seq,DR-seq,pending,err_0061,T3,workflow_or_topology_error,typed_edge,True,unresolved,unresolved,pending,unresolved,,0
gemini_mini_swe,Gemini + mini-SWE,Gemini,mini-SWE,shared,dr_seq,DR-seq,pending,err_0062,T3,workflow_or_topology_error,typed_edge,True,unresolved,unresolved,pending,unresolved,,0
gemini_mini_swe,Gemini + mini-SWE,Gemini,mini-SWE,shared,dr_seq,DR-seq,pending,err_0063,T3,workflow_or_topology_error,typed_edge,True,unresolved,unresolved,pending,unresolved,,0
gemini_mini_swe,Gemini + mini-SWE,Gemini,mini-SWE,shared,dr_seq,DR-seq,pending,err_0064,T3,workflow_or_topology_error,typed_edge,True,unresolved,unresolved,pending,unresolved,,0
gemini_mini_swe,Gemini + mini-SWE,Gemini,mini-SWE,shared,dr_seq,DR-seq,pending,err_0065,T3,workflow_or_topology_error,typed_edge,True,unresolved,unresolved,pending,unresolved,,0
gemini_mini_swe,Gemini + mini-SWE,Gemini,mini-SWE,shared,dr_seq,DR-seq,pending,err_0066,T3,workflow_or_topology_error,typed_edge,True,unresolved,unresolved,pending,unresolved,,0
gemini_mini_swe,Gemini + mini-SWE,Gemini,mini-SWE,shared,dr_seq,DR-seq,pending,err_0067,T3,workflow_or_topology_error,typed_edge,True,unresolved,unresolved,pending,unresolved,,0
gemini_mini_swe,Gemini + mini-SWE,Gemini,mini-SWE,shared,dr_seq,DR-seq,pending,err_0068,T3,workflow_or_topology_error,typed_edge,True,unresolved,unresolved,pending,unresolved,,0
gemini_mini_swe,Gemini + mini-SWE,Gemini,mini-SWE,shared,dr_seq,DR-seq,pending,err_0069,T3,workflow_or_topology_error,typed_edge,True,unresolved,unresolved,pending,unresolved,,0
gemini_mini_swe,Gemini + mini-SWE,Gemini,mini-SWE,shared,dr_seq,DR-seq,pending,err_0070,T3,workflow_or_topology_error,typed_edge,True,unresolved,unresolved,pending,unresolved,,0
gemini_mini_swe,Gemini + mini-SWE,Gemini,mini-SWE,shared,indrop_v1,inDrop v1,pending,err_0001,T2,unsupported_completion,oligo_family,True,unresolved,unresolved,pending,unresolved,,0
gemini_mini_swe,Gemini + mini-SWE,Gemini,mini-SWE,shared,indrop_v1,inDrop v1,pending,err_0002,T2,unsupported_completion,oligo_family,True,unresolved,unresolved,pending,unresolved,,0
gemini_mini_swe,Gemini + mini-SWE,Gemini,mini-SWE,shared,indrop_v1,inDrop v1,pending,err_0003,T2,unsupported_completion,oligo_family,True,unresolved,unresolved,pending,unresolved,,0
gemini_mini_swe,Gemini + mini-SWE,Gemini,mini-SWE,shared,indrop_v1,inDrop v1,pending,err_0004,T2,unsupported_completion,oligo_family,True,unresolved,unresolved,pending,unresolved,,0
gemini_mini_swe,Gemini + mini-SWE,Gemini,mini-SWE,shared,indrop_v1,inDrop v1,pending,err_0005,T2,missing_recoverable_information,oligo_family,True,unresolved,unresolved,pending,unresolved,,0
gemini_mini_swe,Gemini + mini-SWE,Gemini,mini-SWE,shared,indrop_v1,inDrop v1,pending,err_0006,T2,workflow_or_topology_error,oligo_family,True,unresolved,unresolved,pending,unresolved,,0
gemini_mini_swe,Gemini + mini-SWE,Gemini,mini-SWE,shared,indrop_v1,inDrop v1,pending,err_0007,T2,missing_recoverable_information,oligo_family,True,unresolved,unresolved,pending,unresolved,,0
gemini_mini_swe,Gemini + mini-SWE,Gemini,mini-SWE,shared,indrop_v1,inDrop v1,pending,err_0008,T2,workflow_or_topology_error,oligo_family,True,unresolved,unresolved,pending,unresolved,,0
gemini_mini_swe,Gemini + mini-SWE,Gemini,mini-SWE,shared,indrop_v1,inDrop v1,pending,err_0009,T2,missing_recoverable_information,oligo_family,True,unresolved,unresolved,pending,unresolved,,0
gemini_mini_swe,Gemini + mini-SWE,Gemini,mini-SWE,shared,indrop_v1,inDrop v1,pending,err_0010,T2,molecular_state_or_assembly_error,oligo_family,True,unresolved,unresolved,pending,unresolved,,0
gemini_mini_swe,Gemini + mini-SWE,Gemini,mini-SWE,shared,indrop_v1,inDrop v1,pending,err_0011,T2,molecular_state_or_assembly_error,oligo_family,True,unresolved,unresolved,pending,unresolved,,0
gemini_mini_swe,Gemini + mini-SWE,Gemini,mini-SWE,shared,indrop_v1,inDrop v1,pending,err_0012,T2,workflow_or_topology_error,oligo_family,True,unresolved,unresolved,pending,unresolved,,0
gemini_mini_swe,Gemini + mini-SWE,Gemini,mini-SWE,shared,indrop_v1,inDrop v1,pending,err_0013,T2,molecular_state_or_assembly_error,oligo_family,True,unresolved,unresolved,pending,unresolved,,0
gemini_mini_swe,Gemini + mini-SWE,Gemini,mini-SWE,shared,indrop_v1,inDrop v1,pending,err_0014,T2,molecular_state_or_assembly_error,oligo_family,True,unresolved,unresolved,pending,unresolved,,0
gemini_mini_swe,Gemini + mini-SWE,Gemini,mini-SWE,shared,indrop_v1,inDrop v1,pending,err_0015,T2,molecular_state_or_assembly_error,oligo_family,True,unresolved,unresolved,pending,unresolved,,0
gemini_mini_swe,Gemini + mini-SWE,Gemini,mini-SWE,shared,indrop_v1,inDrop v1,pending,err_0016,T3,unsupported_completion,state,True,unresolved,unresolved,pending,unresolved,,0
gemini_mini_swe,Gemini + mini-SWE,Gemini,mini-SWE,shared,indrop_v1,inDrop v1,pending,err_0017,T3,unsupported_completion,transition,True,unresolved,unresolved,pending,unresolved,,0
gemini_mini_swe,Gemini + mini-SWE,Gemini,mini-SWE,shared,indrop_v1,inDrop v1,pending,err_0018,T3,molecular_state_or_assembly_error,state,True,unresolved,unresolved,pending,unresolved,,0
gemini_mini_swe,Gemini + mini-SWE,Gemini,mini-SWE,shared,indrop_v1,inDrop v1,pending,err_0019,T3,molecular_state_or_assembly_error,state,True,unresolved,unresolved,pending,unresolved,,0
gemini_mini_swe,Gemini + mini-SWE,Gemini,mini-SWE,shared,indrop_v1,inDrop v1,pending,err_0020,T3,molecular_state_or_assembly_error,state,True,unresolved,unresolved,pending,unresolved,,0
gemini_mini_swe,Gemini + mini-SWE,Gemini,mini-SWE,shared,indrop_v1,inDrop v1,pending,err_0021,T3,molecular_state_or_assembly_error,state,True,unresolved,unresolved,pending,unresolved,,0
gemini_mini_swe,Gemini + mini-SWE,Gemini,mini-SWE,shared,indrop_v1,inDrop v1,pending,err_0022,T3,molecular_state_or_assembly_error,state,True,unresolved,unresolved,pending,unresolved,,0
gemini_mini_swe,Gemini + mini-SWE,Gemini,mini-SWE,shared,indrop_v1,inDrop v1,pending,err_0023,T3,molecular_state_or_assembly_error,state,True,unresolved,unresolved,pending,unresolved,,0
gemini_mini_swe,Gemini + mini-SWE,Gemini,mini-SWE,shared,indrop_v1,inDrop v1,pending,err_0024,T3,molecular_state_or_assembly_error,state,True,unresolved,unresolved,pending,unresolved,,0
gemini_mini_swe,Gemini + mini-SWE,Gemini,mini-SWE,shared,indrop_v1,inDrop v1,pending,err_0025,T3,workflow_or_topology_error,transition,True,unresolved,unresolved,pending,unresolved,,0
gemini_mini_swe,Gemini + mini-SWE,Gemini,mini-SWE,shared,indrop_v1,inDrop v1,pending,err_0026,T3,workflow_or_topology_error,transition,True,unresolved,unresolved,pending,unresolved,,0
gemini_mini_swe,Gemini + mini-SWE,Gemini,mini-SWE,shared,indrop_v1,inDrop v1,pending,err_0027,T3,workflow_or_topology_error,typed_edge,True,unresolved,unresolved,pending,unresolved,,0
gemini_mini_swe,Gemini + mini-SWE,Gemini,mini-SWE,shared,indrop_v1,inDrop v1,pending,err_0028,T3,workflow_or_topology_error,typed_edge,True,unresolved,unresolved,pending,unresolved,,0
gemini_mini_swe,Gemini + mini-SWE,Gemini,mini-SWE,shared,indrop_v1,inDrop v1,pending,err_0029,T3,workflow_or_topology_error,typed_edge,True,unresolved,unresolved,pending,unresolved,,0
gemini_mini_swe,Gemini + mini-SWE,Gemini,mini-SWE,shared,indrop_v1,inDrop v1,pending,err_0030,T3,workflow_or_topology_error,typed_edge,True,unresolved,unresolved,pending,unresolved,,0
gemini_mini_swe,Gemini + mini-SWE,Gemini,mini-SWE,shared,petri_seq,PETRI-seq,pending,err_0001,T2,unsupported_completion,oligo_family,True,unresolved,unresolved,pending,unresolved,,0
gemini_mini_swe,Gemini + mini-SWE,Gemini,mini-SWE,shared,petri_seq,PETRI-seq,pending,err_0002,T2,unsupported_completion,oligo_family,True,unresolved,unresolved,pending,unresolved,,0
gemini_mini_swe,Gemini + mini-SWE,Gemini,mini-SWE,shared,petri_seq,PETRI-seq,pending,err_0003,T2,unsupported_completion,oligo_family,True,unresolved,unresolved,pending,unresolved,,0
gemini_mini_swe,Gemini + mini-SWE,Gemini,mini-SWE,shared,petri_seq,PETRI-seq,pending,err_0004,T2,unsupported_completion,oligo_family,True,unresolved,unresolved,pending,unresolved,,0
gemini_mini_swe,Gemini + mini-SWE,Gemini,mini-SWE,shared,petri_seq,PETRI-seq,pending,err_0005,T2,unsupported_completion,oligo_family,True,unresolved,unresolved,pending,unresolved,,0
gemini_mini_swe,Gemini + mini-SWE,Gemini,mini-SWE,shared,petri_seq,PETRI-seq,pending,err_0006,T2,unsupported_completion,oligo_family,True,unresolved,unresolved,pending,unresolved,,0
gemini_mini_swe,Gemini + mini-SWE,Gemini,mini-SWE,shared,petri_seq,PETRI-seq,pending,err_0007,T2,unsupported_completion,oligo_family,True,unresolved,unresolved,pending,unresolved,,0
gemini_mini_swe,Gemini + mini-SWE,Gemini,mini-SWE,shared,petri_seq,PETRI-seq,pending,err_0008,T2,unsupported_completion,oligo_family,True,unresolved,unresolved,pending,unresolved,,0
gemini_mini_swe,Gemini + mini-SWE,Gemini,mini-SWE,shared,petri_seq,PETRI-seq,pending,err_0009,T2,unsupported_completion,oligo_family,True,unresolved,unresolved,pending,unresolved,,0
gemini_mini_swe,Gemini + mini-SWE,Gemini,mini-SWE,shared,petri_seq,PETRI-seq,pending,err_0010,T2,unsupported_completion,oligo_family,True,unresolved,unresolved,pending,unresolved,,0
gemini_mini_swe,Gemini + mini-SWE,Gemini,mini-SWE,shared,petri_seq,PETRI-seq,pending,err_0011,T2,unsupported_completion,oligo_family,True,unresolved,unresolved,pending,unresolved,,0
gemini_mini_swe,Gemini + mini-SWE,Gemini,mini-SWE,shared,petri_seq,PETRI-seq,pending,err_0012,T2,unsupported_completion,oligo_family,True,unresolved,unresolved,pending,unresolved,,0
gemini_mini_swe,Gemini + mini-SWE,Gemini,mini-SWE,shared,petri_seq,PETRI-seq,pending,err_0013,T2,unsupported_completion,oligo_family,True,unresolved,unresolved,pending,unresolved,,0
gemini_mini_swe,Gemini + mini-SWE,Gemini,mini-SWE,shared,petri_seq,PETRI-seq,pending,err_0014,T2,unsupported_completion,oligo_family,True,unresolved,unresolved,pending,unresolved,,0
gemini_mini_swe,Gemini + mini-SWE,Gemini,mini-SWE,shared,petri_seq,PETRI-seq,pending,err_0015,T2,unsupported_completion,oligo_family,True,unresolved,unresolved,pending,unresolved,,0
gemini_mini_swe,Gemini + mini-SWE,Gemini,mini-SWE,shared,petri_seq,PETRI-seq,pending,err_0016,T2,molecular_state_or_assembly_error,oligo_family,True,unresolved,unresolved,pending,unresolved,,0
gemini_mini_swe,Gemini + mini-SWE,Gemini,mini-SWE,shared,petri_seq,PETRI-seq,pending,err_0017,T2,molecular_state_or_assembly_error,oligo_family,True,unresolved,unresolved,pending,unresolved,,0
gemini_mini_swe,Gemini + mini-SWE,Gemini,mini-SWE,shared,petri_seq,PETRI-seq,pending,err_0018,T2,workflow_or_topology_error,oligo_family,True,unresolved,unresolved,pending,unresolved,,0
gemini_mini_swe,Gemini + mini-SWE,Gemini,mini-SWE,shared,petri_seq,PETRI-seq,pending,err_0019,T2,molecular_state_or_assembly_error,oligo_family,True,unresolved,unresolved,pending,unresolved,,0
gemini_mini_swe,Gemini + mini-SWE,Gemini,mini-SWE,shared,petri_seq,PETRI-seq,pending,err_0020,T2,molecular_state_or_assembly_error,oligo_family,True,unresolved,unresolved,pending,unresolved,,0
gemini_mini_swe,Gemini + mini-SWE,Gemini,mini-SWE,shared,petri_seq,PETRI-seq,pending,err_0021,T2,workflow_or_topology_error,oligo_family,True,unresolved,unresolved,pending,unresolved,,0
gemini_mini_swe,Gemini + mini-SWE,Gemini,mini-SWE,shared,petri_seq,PETRI-seq,pending,err_0022,T2,missing_recoverable_information,oligo_family,True,unresolved,unresolved,pending,unresolved,,0
gemini_mini_swe,Gemini + mini-SWE,Gemini,mini-SWE,shared,petri_seq,PETRI-seq,pending,err_0023,T2,workflow_or_topology_error,oligo_family,True,unresolved,unresolved,pending,unresolved,,0
gemini_mini_swe,Gemini + mini-SWE,Gemini,mini-SWE,shared,petri_seq,PETRI-seq,pending,err_0024,T2,missing_recoverable_information,oligo_family,True,unresolved,unresolved,pending,unresolved,,0
gemini_mini_swe,Gemini + mini-SWE,Gemini,mini-SWE,shared,petri_seq,PETRI-seq,pending,err_0025,T2,workflow_or_topology_error,oligo_family,True,unresolved,unresolved,pending,unresolved,,0
gemini_mini_swe,Gemini + mini-SWE,Gemini,mini-SWE,shared,petri_seq,PETRI-seq,pending,err_0026,T3,molecular_state_or_assembly_error,state,True,unresolved,unresolved,pending,unresolved,,0
gemini_mini_swe,Gemini + mini-SWE,Gemini,mini-SWE,shared,petri_seq,PETRI-seq,pending,err_0027,T3,molecular_state_or_assembly_error,state,True,unresolved,unresolved,pending,unresolved,,0
gemini_mini_swe,Gemini + mini-SWE,Gemini,mini-SWE,shared,petri_seq,PETRI-seq,pending,err_0028,T3,molecular_state_or_assembly_error,state,True,unresolved,unresolved,pending,unresolved,,0
gemini_mini_swe,Gemini + mini-SWE,Gemini,mini-SWE,shared,petri_seq,PETRI-seq,pending,err_0029,T3,molecular_state_or_assembly_error,state,True,unresolved,unresolved,pending,unresolved,,0
gemini_mini_swe,Gemini + mini-SWE,Gemini,mini-SWE,shared,petri_seq,PETRI-seq,pending,err_0030,T3,molecular_state_or_assembly_error,state,True,unresolved,unresolved,pending,unresolved,,0
gemini_mini_swe,Gemini + mini-SWE,Gemini,mini-SWE,shared,petri_seq,PETRI-seq,pending,err_0031,T3,molecular_state_or_assembly_error,state,True,unresolved,unresolved,pending,unresolved,,0
gemini_mini_swe,Gemini + mini-SWE,Gemini,mini-SWE,shared,petri_seq,PETRI-seq,pending,err_0032,T3,molecular_state_or_assembly_error,state,True,unresolved,unresolved,pending,unresolved,,0
gemini_mini_swe,Gemini + mini-SWE,Gemini,mini-SWE,shared,petri_seq,PETRI-seq,pending,err_0033,T3,workflow_or_topology_error,transition,True,unresolved,unresolved,pending,unresolved,,0
gemini_mini_swe,Gemini + mini-SWE,Gemini,mini-SWE,shared,pip_seq_v4,PIP-seq v4,pending,err_0001,T2,unsupported_completion,oligo_family,True,unresolved,unresolved,pending,unresolved,,0
gemini_mini_swe,Gemini + mini-SWE,Gemini,mini-SWE,shared,pip_seq_v4,PIP-seq v4,pending,err_0002,T2,missing_recoverable_information,oligo_family,True,unresolved,unresolved,pending,unresolved,,0
gemini_mini_swe,Gemini + mini-SWE,Gemini,mini-SWE,shared,pip_seq_v4,PIP-seq v4,pending,err_0003,T2,molecular_state_or_assembly_error,oligo_family,True,unresolved,unresolved,pending,unresolved,,0
gemini_mini_swe,Gemini + mini-SWE,Gemini,mini-SWE,shared,pip_seq_v4,PIP-seq v4,pending,err_0004,T2,molecular_state_or_assembly_error,oligo_family,True,unresolved,unresolved,pending,unresolved,,0
gemini_mini_swe,Gemini + mini-SWE,Gemini,mini-SWE,shared,pip_seq_v4,PIP-seq v4,pending,err_0005,T2,molecular_state_or_assembly_error,oligo_family,True,unresolved,unresolved,pending,unresolved,,0
gemini_mini_swe,Gemini + mini-SWE,Gemini,mini-SWE,shared,pip_seq_v4,PIP-seq v4,pending,err_0006,T2,missing_recoverable_information,oligo_family,True,unresolved,unresolved,pending,unresolved,,0
gemini_mini_swe,Gemini + mini-SWE,Gemini,mini-SWE,shared,pip_seq_v4,PIP-seq v4,pending,err_0007,T2,molecular_state_or_assembly_error,oligo_family,True,unresolved,unresolved,pending,unresolved,,0
gemini_mini_swe,Gemini + mini-SWE,Gemini,mini-SWE,shared,pip_seq_v4,PIP-seq v4,pending,err_0008,T2,workflow_or_topology_error,oligo_family,True,unresolved,unresolved,pending,unresolved,,0
gemini_mini_swe,Gemini + mini-SWE,Gemini,mini-SWE,shared,pip_seq_v4,PIP-seq v4,pending,err_0009,T2,molecular_state_or_assembly_error,oligo_family,True,unresolved,unresolved,pending,unresolved,,0
gemini_mini_swe,Gemini + mini-SWE,Gemini,mini-SWE,shared,pip_seq_v4,PIP-seq v4,pending,err_0010,T2,workflow_or_topology_error,oligo_family,True,unresolved,unresolved,pending,unresolved,,0
gemini_mini_swe,Gemini + mini-SWE,Gemini,mini-SWE,shared,pip_seq_v4,PIP-seq v4,pending,err_0011,T2,molecular_state_or_assembly_error,oligo_family,True,unresolved,unresolved,pending,unresolved,,0
gemini_mini_swe,Gemini + mini-SWE,Gemini,mini-SWE,shared,pip_seq_v4,PIP-seq v4,pending,err_0012,T2,workflow_or_topology_error,oligo_family,True,unresolved,unresolved,pending,unresolved,,0
gemini_mini_swe,Gemini + mini-SWE,Gemini,mini-SWE,shared,pip_seq_v4,PIP-seq v4,pending,err_0013,T3,missing_recoverable_information,state,True,unresolved,unresolved,pending,unresolved,,0
gemini_mini_swe,Gemini + mini-SWE,Gemini,mini-SWE,shared,pip_seq_v4,PIP-seq v4,pending,err_0014,T3,missing_recoverable_information,state,True,unresolved,unresolved,pending,unresolved,,0
gemini_mini_swe,Gemini + mini-SWE,Gemini,mini-SWE,shared,pip_seq_v4,PIP-seq v4,pending,err_0015,T3,missing_recoverable_information,transition,True,unresolved,unresolved,pending,unresolved,,0
gemini_mini_swe,Gemini + mini-SWE,Gemini,mini-SWE,shared,pip_seq_v4,PIP-seq v4,pending,err_0016,T3,molecular_state_or_assembly_error,state,True,unresolved,unresolved,pending,unresolved,,0
gemini_mini_swe,Gemini + mini-SWE,Gemini,mini-SWE,shared,pip_seq_v4,PIP-seq v4,pending,err_0017,T3,molecular_state_or_assembly_error,state,True,unresolved,unresolved,pending,unresolved,,0
gemini_mini_swe,Gemini + mini-SWE,Gemini,mini-SWE,shared,pip_seq_v4,PIP-seq v4,pending,err_0018,T3,molecular_state_or_assembly_error,state,True,unresolved,unresolved,pending,unresolved,,0
gemini_mini_swe,Gemini + mini-SWE,Gemini,mini-SWE,shared,pip_seq_v4,PIP-seq v4,pending,err_0019,T3,molecular_state_or_assembly_error,state,True,unresolved,unresolved,pending,unresolved,,0
gemini_mini_swe,Gemini + mini-SWE,Gemini,mini-SWE,shared,pip_seq_v4,PIP-seq v4,pending,err_0020,T3,molecular_state_or_assembly_error,state,True,unresolved,unresolved,pending,unresolved,,0
gemini_mini_swe,Gemini + mini-SWE,Gemini,mini-SWE,shared,pip_seq_v4,PIP-seq v4,pending,err_0021,T3,molecular_state_or_assembly_error,state,True,unresolved,unresolved,pending,unresolved,,0
gemini_mini_swe,Gemini + mini-SWE,Gemini,mini-SWE,shared,pip_seq_v4,PIP-seq v4,pending,err_0022,T3,workflow_or_topology_error,transition,True,unresolved,unresolved,pending,unresolved,,0
gemini_mini_swe,Gemini + mini-SWE,Gemini,mini-SWE,shared,pip_seq_v4,PIP-seq v4,pending,err_0023,T3,workflow_or_topology_error,transition,True,unresolved,unresolved,pending,unresolved,,0
gemini_mini_swe,Gemini + mini-SWE,Gemini,mini-SWE,shared,pip_seq_v4,PIP-seq v4,pending,err_0024,T3,workflow_or_topology_error,transition,True,unresolved,unresolved,pending,unresolved,,0
gemini_mini_swe,Gemini + mini-SWE,Gemini,mini-SWE,shared,pip_seq_v4,PIP-seq v4,pending,err_0025,T3,operation_error,transition,True,unresolved,unresolved,pending,unresolved,,0
gemini_mini_swe,Gemini + mini-SWE,Gemini,mini-SWE,shared,pip_seq_v4,PIP-seq v4,pending,err_0026,T3,workflow_or_topology_error,typed_edge,True,unresolved,unresolved,pending,unresolved,,0
gemini_mini_swe,Gemini + mini-SWE,Gemini,mini-SWE,shared,pip_seq_v4,PIP-seq v4,pending,err_0027,T3,workflow_or_topology_error,typed_edge,True,unresolved,unresolved,pending,unresolved,,0
gemini_mini_swe,Gemini + mini-SWE,Gemini,mini-SWE,shared,pip_seq_v4,PIP-seq v4,pending,err_0028,T3,workflow_or_topology_error,typed_edge,True,unresolved,unresolved,pending,unresolved,,0
gemini_mini_swe,Gemini + mini-SWE,Gemini,mini-SWE,shared,pip_seq_v4,PIP-seq v4,pending,err_0029,T3,workflow_or_topology_error,typed_edge,True,unresolved,unresolved,pending,unresolved,,0
gemini_mini_swe,Gemini + mini-SWE,Gemini,mini-SWE,shared,pip_seq_v4,PIP-seq v4,pending,err_0030,T3,workflow_or_topology_error,typed_edge,True,unresolved,unresolved,pending,unresolved,,0
gemini_mini_swe,Gemini + mini-SWE,Gemini,mini-SWE,shared,sci_atac_seq,sci-ATAC-seq,pending,err_0001,T2,missing_recoverable_information,oligo_family,True,unresolved,unresolved,pending,unresolved,,0
gemini_mini_swe,Gemini + mini-SWE,Gemini,mini-SWE,shared,sci_atac_seq,sci-ATAC-seq,pending,err_0002,T2,molecular_state_or_assembly_error,oligo_family,True,unresolved,unresolved,pending,unresolved,,0
gemini_mini_swe,Gemini + mini-SWE,Gemini,mini-SWE,shared,sci_atac_seq,sci-ATAC-seq,pending,err_0003,T2,molecular_state_or_assembly_error,oligo_family,True,unresolved,unresolved,pending,unresolved,,0
gemini_mini_swe,Gemini + mini-SWE,Gemini,mini-SWE,shared,sci_atac_seq,sci-ATAC-seq,pending,err_0004,T2,molecular_state_or_assembly_error,oligo_family,True,unresolved,unresolved,pending,unresolved,,0
gemini_mini_swe,Gemini + mini-SWE,Gemini,mini-SWE,shared,sci_atac_seq,sci-ATAC-seq,pending,err_0005,T2,missing_recoverable_information,oligo_family,True,unresolved,unresolved,pending,unresolved,,0
gemini_mini_swe,Gemini + mini-SWE,Gemini,mini-SWE,shared,sci_atac_seq,sci-ATAC-seq,pending,err_0006,T3,missing_recoverable_information,state,True,unresolved,unresolved,pending,unresolved,,0
gemini_mini_swe,Gemini + mini-SWE,Gemini,mini-SWE,shared,sci_atac_seq,sci-ATAC-seq,pending,err_0007,T3,missing_recoverable_information,state,True,unresolved,unresolved,pending,unresolved,,0
gemini_mini_swe,Gemini + mini-SWE,Gemini,mini-SWE,shared,sci_atac_seq,sci-ATAC-seq,pending,err_0008,T3,missing_recoverable_information,state,True,unresolved,unresolved,pending,unresolved,,0
gemini_mini_swe,Gemini + mini-SWE,Gemini,mini-SWE,shared,sci_atac_seq,sci-ATAC-seq,pending,err_0009,T3,missing_recoverable_information,state,True,unresolved,unresolved,pending,unresolved,,0
gemini_mini_swe,Gemini + mini-SWE,Gemini,mini-SWE,shared,sci_atac_seq,sci-ATAC-seq,pending,err_0010,T3,missing_recoverable_information,state,True,unresolved,unresolved,pending,unresolved,,0
gemini_mini_swe,Gemini + mini-SWE,Gemini,mini-SWE,shared,sci_atac_seq,sci-ATAC-seq,pending,err_0011,T3,missing_recoverable_information,state,True,unresolved,unresolved,pending,unresolved,,0
gemini_mini_swe,Gemini + mini-SWE,Gemini,mini-SWE,shared,sci_atac_seq,sci-ATAC-seq,pending,err_0012,T3,missing_recoverable_information,state,True,unresolved,unresolved,pending,unresolved,,0
gemini_mini_swe,Gemini + mini-SWE,Gemini,mini-SWE,shared,sci_atac_seq,sci-ATAC-seq,pending,err_0013,T3,missing_recoverable_information,transition,True,unresolved,unresolved,pending,unresolved,,0
gemini_mini_swe,Gemini + mini-SWE,Gemini,mini-SWE,shared,sci_atac_seq,sci-ATAC-seq,pending,err_0014,T3,molecular_state_or_assembly_error,state,True,unresolved,unresolved,pending,unresolved,,0
gemini_mini_swe,Gemini + mini-SWE,Gemini,mini-SWE,shared,sci_atac_seq,sci-ATAC-seq,pending,err_0015,T3,molecular_state_or_assembly_error,state,True,unresolved,unresolved,pending,unresolved,,0
gemini_mini_swe,Gemini + mini-SWE,Gemini,mini-SWE,shared,sci_atac_seq,sci-ATAC-seq,pending,err_0016,T3,molecular_state_or_assembly_error,state,True,unresolved,unresolved,pending,unresolved,,0
gemini_mini_swe,Gemini + mini-SWE,Gemini,mini-SWE,shared,sci_atac_seq,sci-ATAC-seq,pending,err_0017,T3,workflow_or_topology_error,transition,True,unresolved,unresolved,pending,unresolved,,0
gemini_mini_swe,Gemini + mini-SWE,Gemini,mini-SWE,shared,sci_atac_seq,sci-ATAC-seq,pending,err_0018,T3,workflow_or_topology_error,transition,True,unresolved,unresolved,pending,unresolved,,0
gemini_mini_swe,Gemini + mini-SWE,Gemini,mini-SWE,shared,sci_atac_seq,sci-ATAC-seq,pending,err_0019,T3,workflow_or_topology_error,typed_edge,True,unresolved,unresolved,pending,unresolved,,0
gemini_mini_swe,Gemini + mini-SWE,Gemini,mini-SWE,shared,sci_atac_seq,sci-ATAC-seq,pending,err_0020,T3,workflow_or_topology_error,typed_edge,True,unresolved,unresolved,pending,unresolved,,0
gemini_mini_swe,Gemini + mini-SWE,Gemini,mini-SWE,shared,sci_atac_seq,sci-ATAC-seq,pending,err_0021,T3,workflow_or_topology_error,typed_edge,True,unresolved,unresolved,pending,unresolved,,0
gemini_mini_swe,Gemini + mini-SWE,Gemini,mini-SWE,shared,sci_atac_seq,sci-ATAC-seq,pending,err_0022,T3,workflow_or_topology_error,typed_edge,True,unresolved,unresolved,pending,unresolved,,0
gemini_mini_swe,Gemini + mini-SWE,Gemini,mini-SWE,shared,sci_atac_seq,sci-ATAC-seq,pending,err_0023,T3,workflow_or_topology_error,typed_edge,True,unresolved,unresolved,pending,unresolved,,0
gemini_mini_swe,Gemini + mini-SWE,Gemini,mini-SWE,shared,sci_atac_seq,sci-ATAC-seq,pending,err_0024,T3,workflow_or_topology_error,typed_edge,True,unresolved,unresolved,pending,unresolved,,0
gemini_mini_swe,Gemini + mini-SWE,Gemini,mini-SWE,shared,sci_atac_seq,sci-ATAC-seq,pending,err_0025,T3,workflow_or_topology_error,typed_edge,True,unresolved,unresolved,pending,unresolved,,0
gemini_mini_swe,Gemini + mini-SWE,Gemini,mini-SWE,shared,sci_atac_seq,sci-ATAC-seq,pending,err_0026,T3,workflow_or_topology_error,typed_edge,True,unresolved,unresolved,pending,unresolved,,0
gemini_mini_swe,Gemini + mini-SWE,Gemini,mini-SWE,shared,sci_atac_seq,sci-ATAC-seq,pending,err_0027,T3,workflow_or_topology_error,typed_edge,True,unresolved,unresolved,pending,unresolved,,0
gemini_mini_swe,Gemini + mini-SWE,Gemini,mini-SWE,shared,sci_atac_seq,sci-ATAC-seq,pending,err_0028,T3,workflow_or_topology_error,typed_edge,True,unresolved,unresolved,pending,unresolved,,0
gemini_mini_swe,Gemini + mini-SWE,Gemini,mini-SWE,shared,sci_atac_seq,sci-ATAC-seq,pending,err_0029,T3,workflow_or_topology_error,typed_edge,True,unresolved,unresolved,pending,unresolved,,0
gemini_mini_swe,Gemini + mini-SWE,Gemini,mini-SWE,shared,sci_atac_seq,sci-ATAC-seq,pending,err_0030,T3,workflow_or_topology_error,typed_edge,True,unresolved,unresolved,pending,unresolved,,0
gemini_mini_swe,Gemini + mini-SWE,Gemini,mini-SWE,shared,sci_atac_seq,sci-ATAC-seq,pending,err_0031,T3,workflow_or_topology_error,typed_edge,True,unresolved,unresolved,pending,unresolved,,0
gemini_mini_swe,Gemini + mini-SWE,Gemini,mini-SWE,shared,scrrbs,scRRBS,pending,err_0001,T2,missing_recoverable_information,oligo_family,True,unresolved,unresolved,pending,unresolved,,0
gemini_mini_swe,Gemini + mini-SWE,Gemini,mini-SWE,shared,scrrbs,scRRBS,pending,err_0002,T2,molecular_state_or_assembly_error,oligo_family,True,unresolved,unresolved,pending,unresolved,,0
gemini_mini_swe,Gemini + mini-SWE,Gemini,mini-SWE,shared,scrrbs,scRRBS,pending,err_0003,T2,molecular_state_or_assembly_error,oligo_family,True,unresolved,unresolved,pending,unresolved,,0
gemini_mini_swe,Gemini + mini-SWE,Gemini,mini-SWE,shared,scrrbs,scRRBS,pending,err_0004,T2,missing_recoverable_information,oligo_family,True,unresolved,unresolved,pending,unresolved,,0
gemini_mini_swe,Gemini + mini-SWE,Gemini,mini-SWE,shared,scrrbs,scRRBS,pending,err_0005,T2,molecular_state_or_assembly_error,oligo_family,True,unresolved,unresolved,pending,unresolved,,0
gemini_mini_swe,Gemini + mini-SWE,Gemini,mini-SWE,shared,scrrbs,scRRBS,pending,err_0006,T2,molecular_state_or_assembly_error,oligo_family,True,unresolved,unresolved,pending,unresolved,,0
gemini_mini_swe,Gemini + mini-SWE,Gemini,mini-SWE,shared,scrrbs,scRRBS,pending,err_0007,T3,missing_recoverable_information,state,True,unresolved,unresolved,pending,unresolved,,0
gemini_mini_swe,Gemini + mini-SWE,Gemini,mini-SWE,shared,scrrbs,scRRBS,pending,err_0008,T3,molecular_state_or_assembly_error,state,True,unresolved,unresolved,pending,unresolved,,0
gemini_mini_swe,Gemini + mini-SWE,Gemini,mini-SWE,shared,scrrbs,scRRBS,pending,err_0009,T3,molecular_state_or_assembly_error,state,True,unresolved,unresolved,pending,unresolved,,0
gemini_mini_swe,Gemini + mini-SWE,Gemini,mini-SWE,shared,scrrbs,scRRBS,pending,err_0010,T3,molecular_state_or_assembly_error,state,True,unresolved,unresolved,pending,unresolved,,0
gemini_mini_swe,Gemini + mini-SWE,Gemini,mini-SWE,shared,scrrbs,scRRBS,pending,err_0011,T3,molecular_state_or_assembly_error,state,True,unresolved,unresolved,pending,unresolved,,0
gemini_mini_swe,Gemini + mini-SWE,Gemini,mini-SWE,shared,scrrbs,scRRBS,pending,err_0012,T3,molecular_state_or_assembly_error,state,True,unresolved,unresolved,pending,unresolved,,0
gemini_mini_swe,Gemini + mini-SWE,Gemini,mini-SWE,shared,scrrbs,scRRBS,pending,err_0013,T3,molecular_state_or_assembly_error,state,True,unresolved,unresolved,pending,unresolved,,0
gemini_mini_swe,Gemini + mini-SWE,Gemini,mini-SWE,shared,scrrbs,scRRBS,pending,err_0014,T3,workflow_or_topology_error,transition,True,unresolved,unresolved,pending,unresolved,,0
gemini_mini_swe,Gemini + mini-SWE,Gemini,mini-SWE,shared,scrrbs,scRRBS,pending,err_0015,T3,operation_error,transition,True,unresolved,unresolved,pending,unresolved,,0
gemini_mini_swe,Gemini + mini-SWE,Gemini,mini-SWE,shared,scrrbs,scRRBS,pending,err_0016,T3,workflow_or_topology_error,transition,True,unresolved,unresolved,pending,unresolved,,0
gemini_mini_swe,Gemini + mini-SWE,Gemini,mini-SWE,shared,scrrbs,scRRBS,pending,err_0017,T3,workflow_or_topology_error,transition,True,unresolved,unresolved,pending,unresolved,,0
gemini_mini_swe,Gemini + mini-SWE,Gemini,mini-SWE,shared,scrrbs,scRRBS,pending,err_0018,T3,workflow_or_topology_error,typed_edge,True,unresolved,unresolved,pending,unresolved,,0
gemini_mini_swe,Gemini + mini-SWE,Gemini,mini-SWE,shared,scrrbs,scRRBS,pending,err_0019,T3,workflow_or_topology_error,typed_edge,True,unresolved,unresolved,pending,unresolved,,0
gemini_mini_swe,Gemini + mini-SWE,Gemini,mini-SWE,shared,share_seq,SHARE-seq,pending,err_0001,T2,workflow_or_topology_error,oligo_family,True,unresolved,unresolved,pending,unresolved,,0
gemini_mini_swe,Gemini + mini-SWE,Gemini,mini-SWE,shared,share_seq,SHARE-seq,pending,err_0002,T2,molecular_state_or_assembly_error,oligo_family,True,unresolved,unresolved,pending,unresolved,,0
gemini_mini_swe,Gemini + mini-SWE,Gemini,mini-SWE,shared,share_seq,SHARE-seq,pending,err_0003,T2,workflow_or_topology_error,oligo_family,True,unresolved,unresolved,pending,unresolved,,0
gemini_mini_swe,Gemini + mini-SWE,Gemini,mini-SWE,shared,share_seq,SHARE-seq,pending,err_0004,T2,molecular_state_or_assembly_error,oligo_family,True,unresolved,unresolved,pending,unresolved,,0
gemini_mini_swe,Gemini + mini-SWE,Gemini,mini-SWE,shared,share_seq,SHARE-seq,pending,err_0005,T2,workflow_or_topology_error,oligo_family,True,unresolved,unresolved,pending,unresolved,,0
gemini_mini_swe,Gemini + mini-SWE,Gemini,mini-SWE,shared,share_seq,SHARE-seq,pending,err_0006,T2,molecular_state_or_assembly_error,oligo_family,True,unresolved,unresolved,pending,unresolved,,0
gemini_mini_swe,Gemini + mini-SWE,Gemini,mini-SWE,shared,share_seq,SHARE-seq,pending,err_0007,T2,molecular_state_or_assembly_error,oligo_family,True,unresolved,unresolved,pending,unresolved,,0
gemini_mini_swe,Gemini + mini-SWE,Gemini,mini-SWE,shared,share_seq,SHARE-seq,pending,err_0008,T2,molecular_state_or_assembly_error,oligo_family,True,unresolved,unresolved,pending,unresolved,,0
gemini_mini_swe,Gemini + mini-SWE,Gemini,mini-SWE,shared,share_seq,SHARE-seq,pending,err_0009,T2,workflow_or_topology_error,oligo_family,True,unresolved,unresolved,pending,unresolved,,0
gemini_mini_swe,Gemini + mini-SWE,Gemini,mini-SWE,shared,share_seq,SHARE-seq,pending,err_0010,T2,molecular_state_or_assembly_error,oligo_family,True,unresolved,unresolved,pending,unresolved,,0
gemini_mini_swe,Gemini + mini-SWE,Gemini,mini-SWE,shared,share_seq,SHARE-seq,pending,err_0011,T2,molecular_state_or_assembly_error,oligo_family,True,unresolved,unresolved,pending,unresolved,,0
gemini_mini_swe,Gemini + mini-SWE,Gemini,mini-SWE,shared,share_seq,SHARE-seq,pending,err_0012,T2,molecular_state_or_assembly_error,oligo_family,True,unresolved,unresolved,pending,unresolved,,0
gemini_mini_swe,Gemini + mini-SWE,Gemini,mini-SWE,shared,share_seq,SHARE-seq,pending,err_0013,T2,molecular_state_or_assembly_error,oligo_family,True,unresolved,unresolved,pending,unresolved,,0
gemini_mini_swe,Gemini + mini-SWE,Gemini,mini-SWE,shared,share_seq,SHARE-seq,pending,err_0014,T2,molecular_state_or_assembly_error,oligo_family,True,unresolved,unresolved,pending,unresolved,,0
gemini_mini_swe,Gemini + mini-SWE,Gemini,mini-SWE,shared,share_seq,SHARE-seq,pending,err_0015,T2,molecular_state_or_assembly_error,oligo_family,True,unresolved,unresolved,pending,unresolved,,0
gemini_mini_swe,Gemini + mini-SWE,Gemini,mini-SWE,shared,share_seq,SHARE-seq,pending,err_0016,T3,missing_recoverable_information,state,True,unresolved,unresolved,pending,unresolved,,0
gemini_mini_swe,Gemini + mini-SWE,Gemini,mini-SWE,shared,share_seq,SHARE-seq,pending,err_0017,T3,missing_recoverable_information,state,True,unresolved,unresolved,pending,unresolved,,0
gemini_mini_swe,Gemini + mini-SWE,Gemini,mini-SWE,shared,share_seq,SHARE-seq,pending,err_0018,T3,missing_recoverable_information,state,True,unresolved,unresolved,pending,unresolved,,0
gemini_mini_swe,Gemini + mini-SWE,Gemini,mini-SWE,shared,share_seq,SHARE-seq,pending,err_0019,T3,missing_recoverable_information,state,True,unresolved,unresolved,pending,unresolved,,0
gemini_mini_swe,Gemini + mini-SWE,Gemini,mini-SWE,shared,share_seq,SHARE-seq,pending,err_0020,T3,missing_recoverable_information,transition,True,unresolved,unresolved,pending,unresolved,,0
gemini_mini_swe,Gemini + mini-SWE,Gemini,mini-SWE,shared,share_seq,SHARE-seq,pending,err_0021,T3,missing_recoverable_information,transition,True,unresolved,unresolved,pending,unresolved,,0
gemini_mini_swe,Gemini + mini-SWE,Gemini,mini-SWE,shared,share_seq,SHARE-seq,pending,err_0022,T3,molecular_state_or_assembly_error,state,True,unresolved,unresolved,pending,unresolved,,0
gemini_mini_swe,Gemini + mini-SWE,Gemini,mini-SWE,shared,share_seq,SHARE-seq,pending,err_0023,T3,molecular_state_or_assembly_error,state,True,unresolved,unresolved,pending,unresolved,,0
gemini_mini_swe,Gemini + mini-SWE,Gemini,mini-SWE,shared,share_seq,SHARE-seq,pending,err_0024,T3,molecular_state_or_assembly_error,state,True,unresolved,unresolved,pending,unresolved,,0
gemini_mini_swe,Gemini + mini-SWE,Gemini,mini-SWE,shared,share_seq,SHARE-seq,pending,err_0025,T3,molecular_state_or_assembly_error,state,True,unresolved,unresolved,pending,unresolved,,0
gemini_mini_swe,Gemini + mini-SWE,Gemini,mini-SWE,shared,share_seq,SHARE-seq,pending,err_0026,T3,molecular_state_or_assembly_error,state,True,unresolved,unresolved,pending,unresolved,,0
gemini_mini_swe,Gemini + mini-SWE,Gemini,mini-SWE,shared,share_seq,SHARE-seq,pending,err_0027,T3,molecular_state_or_assembly_error,state,True,unresolved,unresolved,pending,unresolved,,0
gemini_mini_swe,Gemini + mini-SWE,Gemini,mini-SWE,shared,share_seq,SHARE-seq,pending,err_0028,T3,molecular_state_or_assembly_error,state,True,unresolved,unresolved,pending,unresolved,,0
gemini_mini_swe,Gemini + mini-SWE,Gemini,mini-SWE,shared,share_seq,SHARE-seq,pending,err_0029,T3,molecular_state_or_assembly_error,state,True,unresolved,unresolved,pending,unresolved,,0
gemini_mini_swe,Gemini + mini-SWE,Gemini,mini-SWE,shared,share_seq,SHARE-seq,pending,err_0030,T3,molecular_state_or_assembly_error,state,True,unresolved,unresolved,pending,unresolved,,0
gemini_mini_swe,Gemini + mini-SWE,Gemini,mini-SWE,shared,share_seq,SHARE-seq,pending,err_0031,T3,molecular_state_or_assembly_error,state,True,unresolved,unresolved,pending,unresolved,,0
gemini_mini_swe,Gemini + mini-SWE,Gemini,mini-SWE,shared,share_seq,SHARE-seq,pending,err_0032,T3,molecular_state_or_assembly_error,state,True,unresolved,unresolved,pending,unresolved,,0
gemini_mini_swe,Gemini + mini-SWE,Gemini,mini-SWE,shared,share_seq,SHARE-seq,pending,err_0033,T3,molecular_state_or_assembly_error,state,True,unresolved,unresolved,pending,unresolved,,0
gemini_mini_swe,Gemini + mini-SWE,Gemini,mini-SWE,shared,share_seq,SHARE-seq,pending,err_0034,T3,molecular_state_or_assembly_error,state,True,unresolved,unresolved,pending,unresolved,,0
gemini_mini_swe,Gemini + mini-SWE,Gemini,mini-SWE,shared,share_seq,SHARE-seq,pending,err_0035,T3,workflow_or_topology_error,transition,True,unresolved,unresolved,pending,unresolved,,0
gemini_mini_swe,Gemini + mini-SWE,Gemini,mini-SWE,shared,share_seq,SHARE-seq,pending,err_0036,T3,workflow_or_topology_error,transition,True,unresolved,unresolved,pending,unresolved,,0
gemini_mini_swe,Gemini + mini-SWE,Gemini,mini-SWE,shared,share_seq,SHARE-seq,pending,err_0037,T3,workflow_or_topology_error,transition,True,unresolved,unresolved,pending,unresolved,,0
gemini_mini_swe,Gemini + mini-SWE,Gemini,mini-SWE,shared,share_seq,SHARE-seq,pending,err_0038,T3,workflow_or_topology_error,transition,True,unresolved,unresolved,pending,unresolved,,0
gemini_mini_swe,Gemini + mini-SWE,Gemini,mini-SWE,shared,share_seq,SHARE-seq,pending,err_0039,T3,workflow_or_topology_error,transition,True,unresolved,unresolved,pending,unresolved,,0
gemini_mini_swe,Gemini + mini-SWE,Gemini,mini-SWE,shared,share_seq,SHARE-seq,pending,err_0040,T3,workflow_or_topology_error,typed_edge,True,unresolved,unresolved,pending,unresolved,,0
gemini_mini_swe,Gemini + mini-SWE,Gemini,mini-SWE,shared,share_seq,SHARE-seq,pending,err_0041,T3,workflow_or_topology_error,typed_edge,True,unresolved,unresolved,pending,unresolved,,0
gemini_mini_swe,Gemini + mini-SWE,Gemini,mini-SWE,shared,share_seq,SHARE-seq,pending,err_0042,T3,workflow_or_topology_error,typed_edge,True,unresolved,unresolved,pending,unresolved,,0
gemini_mini_swe,Gemini + mini-SWE,Gemini,mini-SWE,shared,share_seq,SHARE-seq,pending,err_0043,T3,workflow_or_topology_error,typed_edge,True,unresolved,unresolved,pending,unresolved,,0
gemini_mini_swe,Gemini + mini-SWE,Gemini,mini-SWE,shared,share_seq,SHARE-seq,pending,err_0044,T3,workflow_or_topology_error,typed_edge,True,unresolved,unresolved,pending,unresolved,,0
gemini_mini_swe,Gemini + mini-SWE,Gemini,mini-SWE,shared,share_seq,SHARE-seq,pending,err_0045,T3,workflow_or_topology_error,typed_edge,True,unresolved,unresolved,pending,unresolved,,0
gemini_mini_swe,Gemini + mini-SWE,Gemini,mini-SWE,shared,share_seq,SHARE-seq,pending,err_0046,T3,workflow_or_topology_error,typed_edge,True,unresolved,unresolved,pending,unresolved,,0
gemini_mini_swe,Gemini + mini-SWE,Gemini,mini-SWE,shared,share_seq,SHARE-seq,pending,err_0047,T3,workflow_or_topology_error,typed_edge,True,unresolved,unresolved,pending,unresolved,,0
gemini_mini_swe,Gemini + mini-SWE,Gemini,mini-SWE,shared,share_seq,SHARE-seq,pending,err_0048,T3,workflow_or_topology_error,typed_edge,True,unresolved,unresolved,pending,unresolved,,0
gemini_mini_swe,Gemini + mini-SWE,Gemini,mini-SWE,shared,share_seq,SHARE-seq,pending,err_0049,T3,workflow_or_topology_error,typed_edge,True,unresolved,unresolved,pending,unresolved,,0
gemini_mini_swe,Gemini + mini-SWE,Gemini,mini-SWE,shared,share_seq,SHARE-seq,pending,err_0050,T3,workflow_or_topology_error,typed_edge,True,unresolved,unresolved,pending,unresolved,,0
gemini_mini_swe,Gemini + mini-SWE,Gemini,mini-SWE,shared,share_seq,SHARE-seq,pending,err_0051,T3,workflow_or_topology_error,typed_edge,True,unresolved,unresolved,pending,unresolved,,0
gemini_mini_swe,Gemini + mini-SWE,Gemini,mini-SWE,shared,share_seq,SHARE-seq,pending,err_0052,T3,workflow_or_topology_error,typed_edge,True,unresolved,unresolved,pending,unresolved,,0
gemini_mini_swe,Gemini + mini-SWE,Gemini,mini-SWE,shared,share_seq,SHARE-seq,pending,err_0053,T3,workflow_or_topology_error,typed_edge,True,unresolved,unresolved,pending,unresolved,,0
gemini_mini_swe,Gemini + mini-SWE,Gemini,mini-SWE,shared,share_seq,SHARE-seq,pending,err_0054,T3,workflow_or_topology_error,typed_edge,True,unresolved,unresolved,pending,unresolved,,0
gemini_mini_swe,Gemini + mini-SWE,Gemini,mini-SWE,shared,share_seq,SHARE-seq,pending,err_0055,T3,workflow_or_topology_error,typed_edge,True,unresolved,unresolved,pending,unresolved,,0
gemini_mini_swe,Gemini + mini-SWE,Gemini,mini-SWE,shared,share_seq,SHARE-seq,pending,err_0056,T3,workflow_or_topology_error,typed_edge,True,unresolved,unresolved,pending,unresolved,,0
gemini_mini_swe,Gemini + mini-SWE,Gemini,mini-SWE,shared,share_seq,SHARE-seq,pending,err_0057,T3,workflow_or_topology_error,typed_edge,True,unresolved,unresolved,pending,unresolved,,0
gemini_mini_swe,Gemini + mini-SWE,Gemini,mini-SWE,shared,share_seq,SHARE-seq,pending,err_0058,T3,workflow_or_topology_error,typed_edge,True,unresolved,unresolved,pending,unresolved,,0
gemini_mini_swe,Gemini + mini-SWE,Gemini,mini-SWE,shared,share_seq,SHARE-seq,pending,err_0059,T3,workflow_or_topology_error,typed_edge,True,unresolved,unresolved,pending,unresolved,,0
gemini_mini_swe,Gemini + mini-SWE,Gemini,mini-SWE,shared,share_seq,SHARE-seq,pending,err_0060,T3,workflow_or_topology_error,typed_edge,True,unresolved,unresolved,pending,unresolved,,0
gemini_mini_swe,Gemini + mini-SWE,Gemini,mini-SWE,shared,share_seq,SHARE-seq,pending,err_0061,T3,workflow_or_topology_error,typed_edge,True,unresolved,unresolved,pending,unresolved,,0
gemini_mini_swe,Gemini + mini-SWE,Gemini,mini-SWE,shared,share_seq,SHARE-seq,pending,err_0062,T3,workflow_or_topology_error,typed_edge,True,unresolved,unresolved,pending,unresolved,,0
gemini_mini_swe,Gemini + mini-SWE,Gemini,mini-SWE,shared,share_seq,SHARE-seq,pending,err_0063,T3,workflow_or_topology_error,typed_edge,True,unresolved,unresolved,pending,unresolved,,0
gemini_mini_swe,Gemini + mini-SWE,Gemini,mini-SWE,shared,share_seq,SHARE-seq,pending,err_0064,T3,workflow_or_topology_error,typed_edge,True,unresolved,unresolved,pending,unresolved,,0
gemini_mini_swe,Gemini + mini-SWE,Gemini,mini-SWE,shared,share_seq,SHARE-seq,pending,err_0065,T3,workflow_or_topology_error,typed_edge,True,unresolved,unresolved,pending,unresolved,,0
gemini_mini_swe,Gemini + mini-SWE,Gemini,mini-SWE,shared,smart_seq,SMART-seq,pending,err_0001,T2,molecular_state_or_assembly_error,oligo_family,True,unresolved,unresolved,pending,unresolved,,0
gemini_mini_swe,Gemini + mini-SWE,Gemini,mini-SWE,shared,smart_seq,SMART-seq,pending,err_0002,T2,molecular_state_or_assembly_error,oligo_family,True,unresolved,unresolved,pending,unresolved,,0
gemini_mini_swe,Gemini + mini-SWE,Gemini,mini-SWE,shared,smart_seq,SMART-seq,pending,err_0003,T2,molecular_state_or_assembly_error,oligo_family,True,unresolved,unresolved,pending,unresolved,,0
gemini_mini_swe,Gemini + mini-SWE,Gemini,mini-SWE,shared,smart_seq,SMART-seq,pending,err_0004,T3,missing_recoverable_information,state,True,unresolved,unresolved,pending,unresolved,,0
gemini_mini_swe,Gemini + mini-SWE,Gemini,mini-SWE,shared,smart_seq,SMART-seq,pending,err_0005,T3,missing_recoverable_information,state,True,unresolved,unresolved,pending,unresolved,,0
gemini_mini_swe,Gemini + mini-SWE,Gemini,mini-SWE,shared,smart_seq,SMART-seq,pending,err_0006,T3,missing_recoverable_information,state,True,unresolved,unresolved,pending,unresolved,,0
gemini_mini_swe,Gemini + mini-SWE,Gemini,mini-SWE,shared,smart_seq,SMART-seq,pending,err_0007,T3,missing_recoverable_information,transition,True,unresolved,unresolved,pending,unresolved,,0
gemini_mini_swe,Gemini + mini-SWE,Gemini,mini-SWE,shared,smart_seq,SMART-seq,pending,err_0008,T3,missing_recoverable_information,transition,True,unresolved,unresolved,pending,unresolved,,0
gemini_mini_swe,Gemini + mini-SWE,Gemini,mini-SWE,shared,smart_seq,SMART-seq,pending,err_0009,T3,missing_recoverable_information,transition,True,unresolved,unresolved,pending,unresolved,,0
gemini_mini_swe,Gemini + mini-SWE,Gemini,mini-SWE,shared,smart_seq,SMART-seq,pending,err_0010,T3,missing_recoverable_information,transition,True,unresolved,unresolved,pending,unresolved,,0
gemini_mini_swe,Gemini + mini-SWE,Gemini,mini-SWE,shared,smart_seq,SMART-seq,pending,err_0011,T3,missing_recoverable_information,transition,True,unresolved,unresolved,pending,unresolved,,0
gemini_mini_swe,Gemini + mini-SWE,Gemini,mini-SWE,shared,smart_seq,SMART-seq,pending,err_0012,T3,missing_recoverable_information,transition,True,unresolved,unresolved,pending,unresolved,,0
gemini_mini_swe,Gemini + mini-SWE,Gemini,mini-SWE,shared,smart_seq,SMART-seq,pending,err_0013,T3,missing_recoverable_information,terminal_output,True,unresolved,unresolved,pending,unresolved,,0
gemini_mini_swe,Gemini + mini-SWE,Gemini,mini-SWE,shared,smart_seq,SMART-seq,pending,err_0014,T3,molecular_state_or_assembly_error,state,True,unresolved,unresolved,pending,unresolved,,0
gemini_mini_swe,Gemini + mini-SWE,Gemini,mini-SWE,shared,smart_seq,SMART-seq,pending,err_0015,T3,molecular_state_or_assembly_error,state,True,unresolved,unresolved,pending,unresolved,,0
gemini_mini_swe,Gemini + mini-SWE,Gemini,mini-SWE,shared,smart_seq,SMART-seq,pending,err_0016,T3,molecular_state_or_assembly_error,state,True,unresolved,unresolved,pending,unresolved,,0
gemini_mini_swe,Gemini + mini-SWE,Gemini,mini-SWE,shared,smart_seq,SMART-seq,pending,err_0017,T3,molecular_state_or_assembly_error,state,True,unresolved,unresolved,pending,unresolved,,0
gemini_mini_swe,Gemini + mini-SWE,Gemini,mini-SWE,shared,smart_seq,SMART-seq,pending,err_0018,T3,workflow_or_topology_error,transition,True,unresolved,unresolved,pending,unresolved,,0
gemini_mini_swe,Gemini + mini-SWE,Gemini,mini-SWE,shared,smart_seq,SMART-seq,pending,err_0019,T3,workflow_or_topology_error,transition,True,unresolved,unresolved,pending,unresolved,,0
gemini_mini_swe,Gemini + mini-SWE,Gemini,mini-SWE,shared,smart_seq,SMART-seq,pending,err_0020,T3,workflow_or_topology_error,typed_edge,True,unresolved,unresolved,pending,unresolved,,0
gemini_mini_swe,Gemini + mini-SWE,Gemini,mini-SWE,shared,smart_seq,SMART-seq,pending,err_0021,T3,workflow_or_topology_error,typed_edge,True,unresolved,unresolved,pending,unresolved,,0
gemini_mini_swe,Gemini + mini-SWE,Gemini,mini-SWE,shared,smart_seq,SMART-seq,pending,err_0022,T3,workflow_or_topology_error,typed_edge,True,unresolved,unresolved,pending,unresolved,,0
gemini_mini_swe,Gemini + mini-SWE,Gemini,mini-SWE,shared,smart_seq,SMART-seq,pending,err_0023,T3,workflow_or_topology_error,typed_edge,True,unresolved,unresolved,pending,unresolved,,0
gemini_mini_swe,Gemini + mini-SWE,Gemini,mini-SWE,shared,smart_seq,SMART-seq,pending,err_0024,T3,workflow_or_topology_error,typed_edge,True,unresolved,unresolved,pending,unresolved,,0
gemini_mini_swe,Gemini + mini-SWE,Gemini,mini-SWE,shared,smart_seq,SMART-seq,pending,err_0025,T3,workflow_or_topology_error,typed_edge,True,unresolved,unresolved,pending,unresolved,,0
gemini_mini_swe,Gemini + mini-SWE,Gemini,mini-SWE,shared,smart_seq,SMART-seq,pending,err_0026,T3,workflow_or_topology_error,typed_edge,True,unresolved,unresolved,pending,unresolved,,0
gemini_mini_swe,Gemini + mini-SWE,Gemini,mini-SWE,shared,smart_seq,SMART-seq,pending,err_0027,T3,workflow_or_topology_error,typed_edge,True,unresolved,unresolved,pending,unresolved,,0
gemini_mini_swe,Gemini + mini-SWE,Gemini,mini-SWE,shared,smart_seq,SMART-seq,pending,err_0028,T3,workflow_or_topology_error,typed_edge,True,unresolved,unresolved,pending,unresolved,,0
gemini_mini_swe,Gemini + mini-SWE,Gemini,mini-SWE,shared,smart_seq,SMART-seq,pending,err_0029,T3,workflow_or_topology_error,typed_edge,True,unresolved,unresolved,pending,unresolved,,0
gemini_mini_swe,Gemini + mini-SWE,Gemini,mini-SWE,shared,smart_seq,SMART-seq,pending,err_0030,T3,workflow_or_topology_error,typed_edge,True,unresolved,unresolved,pending,unresolved,,0
gemini_mini_swe,Gemini + mini-SWE,Gemini,mini-SWE,shared,smart_seq,SMART-seq,pending,err_0031,T3,workflow_or_topology_error,typed_edge,True,unresolved,unresolved,pending,unresolved,,0
gemini_mini_swe,Gemini + mini-SWE,Gemini,mini-SWE,shared,smart_seq,SMART-seq,pending,err_0032,T3,workflow_or_topology_error,typed_edge,True,unresolved,unresolved,pending,unresolved,,0
gemini_mini_swe,Gemini + mini-SWE,Gemini,mini-SWE,shared,smart_seq,SMART-seq,pending,err_0033,T3,workflow_or_topology_error,typed_edge,True,unresolved,unresolved,pending,unresolved,,0
gemini_mini_swe,Gemini + mini-SWE,Gemini,mini-SWE,shared,smart_seq,SMART-seq,pending,err_0034,T3,workflow_or_topology_error,typed_edge,True,unresolved,unresolved,pending,unresolved,,0
gemini_mini_swe,Gemini + mini-SWE,Gemini,mini-SWE,shared,smart_seq,SMART-seq,pending,err_0035,T3,workflow_or_topology_error,typed_edge,True,unresolved,unresolved,pending,unresolved,,0
gpt_codex,GPT + Codex,GPT,Native,native,10x_chromium_3_gene_expression_v4,10x 3' GEX v4,pending,err_0001,T2,unsupported_completion,oligo_family,True,unresolved,unresolved,pending,unresolved,,0
gpt_codex,GPT + Codex,GPT,Native,native,10x_chromium_3_gene_expression_v4,10x 3' GEX v4,pending,err_0002,T2,unsupported_completion,oligo_family,True,unresolved,unresolved,pending,unresolved,,0
gpt_codex,GPT + Codex,GPT,Native,native,10x_chromium_3_gene_expression_v4,10x 3' GEX v4,pending,err_0003,T2,unsupported_completion,oligo_family,True,unresolved,unresolved,pending,unresolved,,0
gpt_codex,GPT + Codex,GPT,Native,native,10x_chromium_3_gene_expression_v4,10x 3' GEX v4,pending,err_0004,T2,unsupported_completion,oligo_family,True,unresolved,unresolved,pending,unresolved,,0
gpt_codex,GPT + Codex,GPT,Native,native,10x_chromium_3_gene_expression_v4,10x 3' GEX v4,pending,err_0005,T2,molecular_state_or_assembly_error,oligo_family,True,unresolved,unresolved,pending,unresolved,,0
gpt_codex,GPT + Codex,GPT,Native,native,10x_chromium_3_gene_expression_v4,10x 3' GEX v4,pending,err_0006,T2,molecular_state_or_assembly_error,oligo_family,True,unresolved,unresolved,pending,unresolved,,0
gpt_codex,GPT + Codex,GPT,Native,native,10x_chromium_3_gene_expression_v4,10x 3' GEX v4,pending,err_0007,T2,workflow_or_topology_error,oligo_family,True,unresolved,unresolved,pending,unresolved,,0
gpt_codex,GPT + Codex,GPT,Native,native,10x_chromium_3_gene_expression_v4,10x 3' GEX v4,pending,err_0008,T2,molecular_state_or_assembly_error,oligo_family,True,unresolved,unresolved,pending,unresolved,,0
gpt_codex,GPT + Codex,GPT,Native,native,10x_chromium_3_gene_expression_v4,10x 3' GEX v4,pending,err_0009,T2,molecular_state_or_assembly_error,oligo_family,True,unresolved,unresolved,pending,unresolved,,0
gpt_codex,GPT + Codex,GPT,Native,native,10x_chromium_3_gene_expression_v4,10x 3' GEX v4,pending,err_0010,T3,unsupported_completion,state,True,unresolved,unresolved,pending,unresolved,,0
gpt_codex,GPT + Codex,GPT,Native,native,10x_chromium_3_gene_expression_v4,10x 3' GEX v4,pending,err_0011,T3,unsupported_completion,transition,True,unresolved,unresolved,pending,unresolved,,0
gpt_codex,GPT + Codex,GPT,Native,native,10x_chromium_3_gene_expression_v4,10x 3' GEX v4,pending,err_0012,T3,molecular_state_or_assembly_error,state,True,unresolved,unresolved,pending,unresolved,,0
gpt_codex,GPT + Codex,GPT,Native,native,10x_chromium_3_gene_expression_v4,10x 3' GEX v4,pending,err_0013,T3,molecular_state_or_assembly_error,state,True,unresolved,unresolved,pending,unresolved,,0
gpt_codex,GPT + Codex,GPT,Native,native,10x_chromium_3_gene_expression_v4,10x 3' GEX v4,pending,err_0014,T3,molecular_state_or_assembly_error,state,True,unresolved,unresolved,pending,unresolved,,0
gpt_codex,GPT + Codex,GPT,Native,native,10x_chromium_3_gene_expression_v4,10x 3' GEX v4,pending,err_0015,T3,molecular_state_or_assembly_error,state,True,unresolved,unresolved,pending,unresolved,,0
gpt_codex,GPT + Codex,GPT,Native,native,10x_chromium_3_gene_expression_v4,10x 3' GEX v4,pending,err_0016,T3,molecular_state_or_assembly_error,state,True,unresolved,unresolved,pending,unresolved,,0
gpt_codex,GPT + Codex,GPT,Native,native,10x_chromium_3_gene_expression_v4,10x 3' GEX v4,pending,err_0017,T3,molecular_state_or_assembly_error,state,True,unresolved,unresolved,pending,unresolved,,0
gpt_codex,GPT + Codex,GPT,Native,native,10x_chromium_3_gene_expression_v4,10x 3' GEX v4,pending,err_0018,T3,workflow_or_topology_error,transition,True,unresolved,unresolved,pending,unresolved,,0
gpt_codex,GPT + Codex,GPT,Native,native,10x_chromium_3_gene_expression_v4,10x 3' GEX v4,pending,err_0019,T3,workflow_or_topology_error,transition,True,unresolved,unresolved,pending,unresolved,,0
gpt_codex,GPT + Codex,GPT,Native,native,10x_chromium_3_gene_expression_v4,10x 3' GEX v4,pending,err_0020,T3,workflow_or_topology_error,transition,True,unresolved,unresolved,pending,unresolved,,0
gpt_codex,GPT + Codex,GPT,Native,native,10x_chromium_3_gene_expression_v4,10x 3' GEX v4,pending,err_0021,T3,workflow_or_topology_error,typed_edge,True,unresolved,unresolved,pending,unresolved,,0
gpt_codex,GPT + Codex,GPT,Native,native,10x_chromium_3_gene_expression_v4,10x 3' GEX v4,pending,err_0022,T3,workflow_or_topology_error,typed_edge,True,unresolved,unresolved,pending,unresolved,,0
gpt_codex,GPT + Codex,GPT,Native,native,10x_chromium_3_gene_expression_v4,10x 3' GEX v4,pending,err_0023,T3,workflow_or_topology_error,typed_edge,True,unresolved,unresolved,pending,unresolved,,0
gpt_codex,GPT + Codex,GPT,Native,native,10x_chromium_3_gene_expression_v4,10x 3' GEX v4,pending,err_0024,T3,workflow_or_topology_error,typed_edge,True,unresolved,unresolved,pending,unresolved,,0
gpt_codex,GPT + Codex,GPT,Native,native,ddseq_single_cell_3_rna_seq_kit,ddSEQ 3' RNA,pending,err_0001,T2,unsupported_completion,oligo_family,True,unresolved,unresolved,pending,unresolved,,0
gpt_codex,GPT + Codex,GPT,Native,native,ddseq_single_cell_3_rna_seq_kit,ddSEQ 3' RNA,pending,err_0002,T2,unsupported_completion,oligo_family,True,unresolved,unresolved,pending,unresolved,,0
gpt_codex,GPT + Codex,GPT,Native,native,ddseq_single_cell_3_rna_seq_kit,ddSEQ 3' RNA,pending,err_0003,T2,unsupported_completion,oligo_family,True,unresolved,unresolved,pending,unresolved,,0
gpt_codex,GPT + Codex,GPT,Native,native,ddseq_single_cell_3_rna_seq_kit,ddSEQ 3' RNA,pending,err_0004,T2,unsupported_completion,oligo_family,True,unresolved,unresolved,pending,unresolved,,0
gpt_codex,GPT + Codex,GPT,Native,native,ddseq_single_cell_3_rna_seq_kit,ddSEQ 3' RNA,pending,err_0005,T2,unsupported_completion,oligo_family,True,unresolved,unresolved,pending,unresolved,,0
gpt_codex,GPT + Codex,GPT,Native,native,ddseq_single_cell_3_rna_seq_kit,ddSEQ 3' RNA,pending,err_0006,T3,missing_recoverable_information,state,True,unresolved,unresolved,pending,unresolved,,0
gpt_codex,GPT + Codex,GPT,Native,native,ddseq_single_cell_3_rna_seq_kit,ddSEQ 3' RNA,pending,err_0007,T3,molecular_state_or_assembly_error,state,True,unresolved,unresolved,pending,unresolved,,0
gpt_codex,GPT + Codex,GPT,Native,native,ddseq_single_cell_3_rna_seq_kit,ddSEQ 3' RNA,pending,err_0008,T3,molecular_state_or_assembly_error,state,True,unresolved,unresolved,pending,unresolved,,0
gpt_codex,GPT + Codex,GPT,Native,native,ddseq_single_cell_3_rna_seq_kit,ddSEQ 3' RNA,pending,err_0009,T3,molecular_state_or_assembly_error,state,True,unresolved,unresolved,pending,unresolved,,0
gpt_codex,GPT + Codex,GPT,Native,native,ddseq_single_cell_3_rna_seq_kit,ddSEQ 3' RNA,pending,err_0010,T3,workflow_or_topology_error,transition,True,unresolved,unresolved,pending,unresolved,,0
gpt_codex,GPT + Codex,GPT,Native,native,ddseq_single_cell_3_rna_seq_kit,ddSEQ 3' RNA,pending,err_0011,T3,workflow_or_topology_error,transition,True,unresolved,unresolved,pending,unresolved,,0
gpt_codex,GPT + Codex,GPT,Native,native,ddseq_single_cell_3_rna_seq_kit,ddSEQ 3' RNA,pending,err_0012,T3,workflow_or_topology_error,transition,True,unresolved,unresolved,pending,unresolved,,0
gpt_codex,GPT + Codex,GPT,Native,native,ddseq_single_cell_3_rna_seq_kit,ddSEQ 3' RNA,pending,err_0013,T3,operation_error,transition,True,unresolved,unresolved,pending,unresolved,,0
gpt_codex,GPT + Codex,GPT,Native,native,ddseq_single_cell_3_rna_seq_kit,ddSEQ 3' RNA,pending,err_0014,T3,workflow_or_topology_error,transition,True,unresolved,unresolved,pending,unresolved,,0
gpt_codex,GPT + Codex,GPT,Native,native,ddseq_single_cell_3_rna_seq_kit,ddSEQ 3' RNA,pending,err_0015,T3,workflow_or_topology_error,transition,True,unresolved,unresolved,pending,unresolved,,0
gpt_codex,GPT + Codex,GPT,Native,native,ddseq_single_cell_3_rna_seq_kit,ddSEQ 3' RNA,pending,err_0016,T3,workflow_or_topology_error,transition,True,unresolved,unresolved,pending,unresolved,,0
gpt_codex,GPT + Codex,GPT,Native,native,ddseq_single_cell_3_rna_seq_kit,ddSEQ 3' RNA,pending,err_0017,T3,workflow_or_topology_error,transition,True,unresolved,unresolved,pending,unresolved,,0
gpt_codex,GPT + Codex,GPT,Native,native,ddseq_single_cell_3_rna_seq_kit,ddSEQ 3' RNA,pending,err_0018,T3,workflow_or_topology_error,typed_edge,True,unresolved,unresolved,pending,unresolved,,0
gpt_codex,GPT + Codex,GPT,Native,native,ddseq_single_cell_3_rna_seq_kit,ddSEQ 3' RNA,pending,err_0019,T3,workflow_or_topology_error,typed_edge,True,unresolved,unresolved,pending,unresolved,,0
gpt_codex,GPT + Codex,GPT,Native,native,ddseq_single_cell_3_rna_seq_kit,ddSEQ 3' RNA,pending,err_0020,T3,workflow_or_topology_error,typed_edge,True,unresolved,unresolved,pending,unresolved,,0
gpt_codex,GPT + Codex,GPT,Native,native,ddseq_single_cell_3_rna_seq_kit,ddSEQ 3' RNA,pending,err_0021,T3,workflow_or_topology_error,typed_edge,True,unresolved,unresolved,pending,unresolved,,0
gpt_codex,GPT + Codex,GPT,Native,native,ddseq_single_cell_3_rna_seq_kit,ddSEQ 3' RNA,pending,err_0022,T3,workflow_or_topology_error,typed_edge,True,unresolved,unresolved,pending,unresolved,,0
gpt_codex,GPT + Codex,GPT,Native,native,ddseq_single_cell_3_rna_seq_kit,ddSEQ 3' RNA,pending,err_0023,T3,workflow_or_topology_error,typed_edge,True,unresolved,unresolved,pending,unresolved,,0
gpt_codex,GPT + Codex,GPT,Native,native,ddseq_single_cell_3_rna_seq_kit,ddSEQ 3' RNA,pending,err_0024,T3,workflow_or_topology_error,typed_edge,True,unresolved,unresolved,pending,unresolved,,0
gpt_codex,GPT + Codex,GPT,Native,native,ddseq_single_cell_3_rna_seq_kit,ddSEQ 3' RNA,pending,err_0025,T3,workflow_or_topology_error,typed_edge,True,unresolved,unresolved,pending,unresolved,,0
gpt_codex,GPT + Codex,GPT,Native,native,ddseq_single_cell_3_rna_seq_kit,ddSEQ 3' RNA,pending,err_0026,T3,workflow_or_topology_error,typed_edge,True,unresolved,unresolved,pending,unresolved,,0
gpt_codex,GPT + Codex,GPT,Native,native,ddseq_single_cell_3_rna_seq_kit,ddSEQ 3' RNA,pending,err_0027,T3,workflow_or_topology_error,typed_edge,True,unresolved,unresolved,pending,unresolved,,0
gpt_codex,GPT + Codex,GPT,Native,native,ddseq_single_cell_3_rna_seq_kit,ddSEQ 3' RNA,pending,err_0028,T3,workflow_or_topology_error,typed_edge,True,unresolved,unresolved,pending,unresolved,,0
gpt_codex,GPT + Codex,GPT,Native,native,ddseq_single_cell_3_rna_seq_kit,ddSEQ 3' RNA,pending,err_0029,T3,workflow_or_topology_error,typed_edge,True,unresolved,unresolved,pending,unresolved,,0
gpt_codex,GPT + Codex,GPT,Native,native,ddseq_single_cell_3_rna_seq_kit,ddSEQ 3' RNA,pending,err_0030,T3,workflow_or_topology_error,typed_edge,True,unresolved,unresolved,pending,unresolved,,0
gpt_codex,GPT + Codex,GPT,Native,native,ddseq_single_cell_3_rna_seq_kit,ddSEQ 3' RNA,pending,err_0031,T3,workflow_or_topology_error,typed_edge,True,unresolved,unresolved,pending,unresolved,,0
gpt_codex,GPT + Codex,GPT,Native,native,ddseq_single_cell_3_rna_seq_kit,ddSEQ 3' RNA,pending,err_0032,T3,workflow_or_topology_error,typed_edge,True,unresolved,unresolved,pending,unresolved,,0
gpt_codex,GPT + Codex,GPT,Native,native,ddseq_single_cell_3_rna_seq_kit,ddSEQ 3' RNA,pending,err_0033,T3,workflow_or_topology_error,typed_edge,True,unresolved,unresolved,pending,unresolved,,0
gpt_codex,GPT + Codex,GPT,Native,native,ddseq_single_cell_3_rna_seq_kit,ddSEQ 3' RNA,pending,err_0034,T3,workflow_or_topology_error,typed_edge,True,unresolved,unresolved,pending,unresolved,,0
gpt_codex,GPT + Codex,GPT,Native,native,ddseq_single_cell_3_rna_seq_kit,ddSEQ 3' RNA,pending,err_0035,T3,workflow_or_topology_error,typed_edge,True,unresolved,unresolved,pending,unresolved,,0
gpt_codex,GPT + Codex,GPT,Native,native,dr_seq,DR-seq,pending,err_0001,T2,unsupported_completion,oligo_family,True,unresolved,unresolved,pending,unresolved,,0
gpt_codex,GPT + Codex,GPT,Native,native,dr_seq,DR-seq,pending,err_0002,T2,unsupported_completion,oligo_family,True,unresolved,unresolved,pending,unresolved,,0
gpt_codex,GPT + Codex,GPT,Native,native,dr_seq,DR-seq,pending,err_0003,T2,unsupported_completion,oligo_family,True,unresolved,unresolved,pending,unresolved,,0
gpt_codex,GPT + Codex,GPT,Native,native,dr_seq,DR-seq,pending,err_0004,T2,unsupported_completion,oligo_family,True,unresolved,unresolved,pending,unresolved,,0
gpt_codex,GPT + Codex,GPT,Native,native,dr_seq,DR-seq,pending,err_0005,T2,workflow_or_topology_error,oligo_family,True,unresolved,unresolved,pending,unresolved,,0
gpt_codex,GPT + Codex,GPT,Native,native,dr_seq,DR-seq,pending,err_0006,T3,missing_recoverable_information,state,True,unresolved,unresolved,pending,unresolved,,0
gpt_codex,GPT + Codex,GPT,Native,native,dr_seq,DR-seq,pending,err_0007,T3,missing_recoverable_information,state,True,unresolved,unresolved,pending,unresolved,,0
gpt_codex,GPT + Codex,GPT,Native,native,dr_seq,DR-seq,pending,err_0008,T3,missing_recoverable_information,state,True,unresolved,unresolved,pending,unresolved,,0
gpt_codex,GPT + Codex,GPT,Native,native,dr_seq,DR-seq,pending,err_0009,T3,missing_recoverable_information,transition,True,unresolved,unresolved,pending,unresolved,,0
gpt_codex,GPT + Codex,GPT,Native,native,dr_seq,DR-seq,pending,err_0010,T3,missing_recoverable_information,transition,True,unresolved,unresolved,pending,unresolved,,0
gpt_codex,GPT + Codex,GPT,Native,native,dr_seq,DR-seq,pending,err_0011,T3,unsupported_completion,transition,True,unresolved,unresolved,pending,unresolved,,0
gpt_codex,GPT + Codex,GPT,Native,native,dr_seq,DR-seq,pending,err_0012,T3,molecular_state_or_assembly_error,state,True,unresolved,unresolved,pending,unresolved,,0
gpt_codex,GPT + Codex,GPT,Native,native,dr_seq,DR-seq,pending,err_0013,T3,molecular_state_or_assembly_error,state,True,unresolved,unresolved,pending,unresolved,,0
gpt_codex,GPT + Codex,GPT,Native,native,dr_seq,DR-seq,pending,err_0014,T3,molecular_state_or_assembly_error,state,True,unresolved,unresolved,pending,unresolved,,0
gpt_codex,GPT + Codex,GPT,Native,native,dr_seq,DR-seq,pending,err_0015,T3,molecular_state_or_assembly_error,state,True,unresolved,unresolved,pending,unresolved,,0
gpt_codex,GPT + Codex,GPT,Native,native,dr_seq,DR-seq,pending,err_0016,T3,molecular_state_or_assembly_error,state,True,unresolved,unresolved,pending,unresolved,,0
gpt_codex,GPT + Codex,GPT,Native,native,dr_seq,DR-seq,pending,err_0017,T3,molecular_state_or_assembly_error,state,True,unresolved,unresolved,pending,unresolved,,0
gpt_codex,GPT + Codex,GPT,Native,native,dr_seq,DR-seq,pending,err_0018,T3,molecular_state_or_assembly_error,state,True,unresolved,unresolved,pending,unresolved,,0
gpt_codex,GPT + Codex,GPT,Native,native,dr_seq,DR-seq,pending,err_0019,T3,molecular_state_or_assembly_error,state,True,unresolved,unresolved,pending,unresolved,,0
gpt_codex,GPT + Codex,GPT,Native,native,dr_seq,DR-seq,pending,err_0020,T3,molecular_state_or_assembly_error,state,True,unresolved,unresolved,pending,unresolved,,0
gpt_codex,GPT + Codex,GPT,Native,native,dr_seq,DR-seq,pending,err_0021,T3,molecular_state_or_assembly_error,state,True,unresolved,unresolved,pending,unresolved,,0
gpt_codex,GPT + Codex,GPT,Native,native,dr_seq,DR-seq,pending,err_0022,T3,molecular_state_or_assembly_error,state,True,unresolved,unresolved,pending,unresolved,,0
gpt_codex,GPT + Codex,GPT,Native,native,dr_seq,DR-seq,pending,err_0023,T3,molecular_state_or_assembly_error,state,True,unresolved,unresolved,pending,unresolved,,0
gpt_codex,GPT + Codex,GPT,Native,native,dr_seq,DR-seq,pending,err_0024,T3,molecular_state_or_assembly_error,state,True,unresolved,unresolved,pending,unresolved,,0
gpt_codex,GPT + Codex,GPT,Native,native,dr_seq,DR-seq,pending,err_0025,T3,workflow_or_topology_error,transition,True,unresolved,unresolved,pending,unresolved,,0
gpt_codex,GPT + Codex,GPT,Native,native,dr_seq,DR-seq,pending,err_0026,T3,workflow_or_topology_error,transition,True,unresolved,unresolved,pending,unresolved,,0
gpt_codex,GPT + Codex,GPT,Native,native,dr_seq,DR-seq,pending,err_0027,T3,workflow_or_topology_error,transition,True,unresolved,unresolved,pending,unresolved,,0
gpt_codex,GPT + Codex,GPT,Native,native,dr_seq,DR-seq,pending,err_0028,T3,workflow_or_topology_error,transition,True,unresolved,unresolved,pending,unresolved,,0
gpt_codex,GPT + Codex,GPT,Native,native,dr_seq,DR-seq,pending,err_0029,T3,operation_error,transition,True,unresolved,unresolved,pending,unresolved,,0
gpt_codex,GPT + Codex,GPT,Native,native,dr_seq,DR-seq,pending,err_0030,T3,workflow_or_topology_error,transition,True,unresolved,unresolved,pending,unresolved,,0
gpt_codex,GPT + Codex,GPT,Native,native,dr_seq,DR-seq,pending,err_0031,T3,workflow_or_topology_error,transition,True,unresolved,unresolved,pending,unresolved,,0
gpt_codex,GPT + Codex,GPT,Native,native,dr_seq,DR-seq,pending,err_0032,T3,workflow_or_topology_error,transition,True,unresolved,unresolved,pending,unresolved,,0
gpt_codex,GPT + Codex,GPT,Native,native,dr_seq,DR-seq,pending,err_0033,T3,operation_error,transition,True,unresolved,unresolved,pending,unresolved,,0
gpt_codex,GPT + Codex,GPT,Native,native,dr_seq,DR-seq,pending,err_0034,T3,workflow_or_topology_error,transition,True,unresolved,unresolved,pending,unresolved,,0
gpt_codex,GPT + Codex,GPT,Native,native,dr_seq,DR-seq,pending,err_0035,T3,workflow_or_topology_error,typed_edge,True,unresolved,unresolved,pending,unresolved,,0
gpt_codex,GPT + Codex,GPT,Native,native,dr_seq,DR-seq,pending,err_0036,T3,workflow_or_topology_error,typed_edge,True,unresolved,unresolved,pending,unresolved,,0
gpt_codex,GPT + Codex,GPT,Native,native,dr_seq,DR-seq,pending,err_0037,T3,workflow_or_topology_error,typed_edge,True,unresolved,unresolved,pending,unresolved,,0
gpt_codex,GPT + Codex,GPT,Native,native,dr_seq,DR-seq,pending,err_0038,T3,workflow_or_topology_error,typed_edge,True,unresolved,unresolved,pending,unresolved,,0
gpt_codex,GPT + Codex,GPT,Native,native,dr_seq,DR-seq,pending,err_0039,T3,workflow_or_topology_error,typed_edge,True,unresolved,unresolved,pending,unresolved,,0
gpt_codex,GPT + Codex,GPT,Native,native,dr_seq,DR-seq,pending,err_0040,T3,workflow_or_topology_error,typed_edge,True,unresolved,unresolved,pending,unresolved,,0
gpt_codex,GPT + Codex,GPT,Native,native,dr_seq,DR-seq,pending,err_0041,T3,workflow_or_topology_error,typed_edge,True,unresolved,unresolved,pending,unresolved,,0
gpt_codex,GPT + Codex,GPT,Native,native,dr_seq,DR-seq,pending,err_0042,T3,workflow_or_topology_error,typed_edge,True,unresolved,unresolved,pending,unresolved,,0
gpt_codex,GPT + Codex,GPT,Native,native,dr_seq,DR-seq,pending,err_0043,T3,workflow_or_topology_error,typed_edge,True,unresolved,unresolved,pending,unresolved,,0
gpt_codex,GPT + Codex,GPT,Native,native,dr_seq,DR-seq,pending,err_0044,T3,workflow_or_topology_error,typed_edge,True,unresolved,unresolved,pending,unresolved,,0
gpt_codex,GPT + Codex,GPT,Native,native,dr_seq,DR-seq,pending,err_0045,T3,workflow_or_topology_error,typed_edge,True,unresolved,unresolved,pending,unresolved,,0
gpt_codex,GPT + Codex,GPT,Native,native,dr_seq,DR-seq,pending,err_0046,T3,workflow_or_topology_error,typed_edge,True,unresolved,unresolved,pending,unresolved,,0
gpt_codex,GPT + Codex,GPT,Native,native,dr_seq,DR-seq,pending,err_0047,T3,workflow_or_topology_error,typed_edge,True,unresolved,unresolved,pending,unresolved,,0
gpt_codex,GPT + Codex,GPT,Native,native,dr_seq,DR-seq,pending,err_0048,T3,workflow_or_topology_error,typed_edge,True,unresolved,unresolved,pending,unresolved,,0
gpt_codex,GPT + Codex,GPT,Native,native,dr_seq,DR-seq,pending,err_0049,T3,workflow_or_topology_error,typed_edge,True,unresolved,unresolved,pending,unresolved,,0
gpt_codex,GPT + Codex,GPT,Native,native,dr_seq,DR-seq,pending,err_0050,T3,workflow_or_topology_error,typed_edge,True,unresolved,unresolved,pending,unresolved,,0
gpt_codex,GPT + Codex,GPT,Native,native,dr_seq,DR-seq,pending,err_0051,T3,workflow_or_topology_error,typed_edge,True,unresolved,unresolved,pending,unresolved,,0
gpt_codex,GPT + Codex,GPT,Native,native,dr_seq,DR-seq,pending,err_0052,T3,workflow_or_topology_error,typed_edge,True,unresolved,unresolved,pending,unresolved,,0
gpt_codex,GPT + Codex,GPT,Native,native,dr_seq,DR-seq,pending,err_0053,T3,workflow_or_topology_error,typed_edge,True,unresolved,unresolved,pending,unresolved,,0
gpt_codex,GPT + Codex,GPT,Native,native,dr_seq,DR-seq,pending,err_0054,T3,workflow_or_topology_error,typed_edge,True,unresolved,unresolved,pending,unresolved,,0
gpt_codex,GPT + Codex,GPT,Native,native,dr_seq,DR-seq,pending,err_0055,T3,workflow_or_topology_error,typed_edge,True,unresolved,unresolved,pending,unresolved,,0
gpt_codex,GPT + Codex,GPT,Native,native,dr_seq,DR-seq,pending,err_0056,T3,workflow_or_topology_error,typed_edge,True,unresolved,unresolved,pending,unresolved,,0
gpt_codex,GPT + Codex,GPT,Native,native,dr_seq,DR-seq,pending,err_0057,T3,workflow_or_topology_error,typed_edge,True,unresolved,unresolved,pending,unresolved,,0
gpt_codex,GPT + Codex,GPT,Native,native,dr_seq,DR-seq,pending,err_0058,T3,workflow_or_topology_error,typed_edge,True,unresolved,unresolved,pending,unresolved,,0
gpt_codex,GPT + Codex,GPT,Native,native,dr_seq,DR-seq,pending,err_0059,T3,workflow_or_topology_error,typed_edge,True,unresolved,unresolved,pending,unresolved,,0
gpt_codex,GPT + Codex,GPT,Native,native,dr_seq,DR-seq,pending,err_0060,T3,workflow_or_topology_error,typed_edge,True,unresolved,unresolved,pending,unresolved,,0
gpt_codex,GPT + Codex,GPT,Native,native,dr_seq,DR-seq,pending,err_0061,T3,workflow_or_topology_error,typed_edge,True,unresolved,unresolved,pending,unresolved,,0
gpt_codex,GPT + Codex,GPT,Native,native,dr_seq,DR-seq,pending,err_0062,T3,workflow_or_topology_error,typed_edge,True,unresolved,unresolved,pending,unresolved,,0
gpt_codex,GPT + Codex,GPT,Native,native,indrop_v1,inDrop v1,pending,err_0001,T2,unsupported_completion,oligo_family,True,unresolved,unresolved,pending,unresolved,,0
gpt_codex,GPT + Codex,GPT,Native,native,indrop_v1,inDrop v1,pending,err_0002,T2,unsupported_completion,oligo_family,True,unresolved,unresolved,pending,unresolved,,0
gpt_codex,GPT + Codex,GPT,Native,native,indrop_v1,inDrop v1,pending,err_0003,T2,unsupported_completion,oligo_family,True,unresolved,unresolved,pending,unresolved,,0
gpt_codex,GPT + Codex,GPT,Native,native,indrop_v1,inDrop v1,pending,err_0004,T2,unsupported_completion,oligo_family,True,unresolved,unresolved,pending,unresolved,,0
gpt_codex,GPT + Codex,GPT,Native,native,indrop_v1,inDrop v1,pending,err_0005,T2,missing_recoverable_information,oligo_family,True,unresolved,unresolved,pending,unresolved,,0
gpt_codex,GPT + Codex,GPT,Native,native,indrop_v1,inDrop v1,pending,err_0006,T2,workflow_or_topology_error,oligo_family,True,unresolved,unresolved,pending,unresolved,,0
gpt_codex,GPT + Codex,GPT,Native,native,indrop_v1,inDrop v1,pending,err_0007,T2,missing_recoverable_information,oligo_family,True,unresolved,unresolved,pending,unresolved,,0
gpt_codex,GPT + Codex,GPT,Native,native,indrop_v1,inDrop v1,pending,err_0008,T2,workflow_or_topology_error,oligo_family,True,unresolved,unresolved,pending,unresolved,,0
gpt_codex,GPT + Codex,GPT,Native,native,indrop_v1,inDrop v1,pending,err_0009,T2,missing_recoverable_information,oligo_family,True,unresolved,unresolved,pending,unresolved,,0
gpt_codex,GPT + Codex,GPT,Native,native,indrop_v1,inDrop v1,pending,err_0010,T2,molecular_state_or_assembly_error,oligo_family,True,unresolved,unresolved,pending,unresolved,,0
gpt_codex,GPT + Codex,GPT,Native,native,indrop_v1,inDrop v1,pending,err_0011,T2,workflow_or_topology_error,oligo_family,True,unresolved,unresolved,pending,unresolved,,0
gpt_codex,GPT + Codex,GPT,Native,native,indrop_v1,inDrop v1,pending,err_0012,T2,workflow_or_topology_error,oligo_family,True,unresolved,unresolved,pending,unresolved,,0
gpt_codex,GPT + Codex,GPT,Native,native,indrop_v1,inDrop v1,pending,err_0013,T2,molecular_state_or_assembly_error,oligo_family,True,unresolved,unresolved,pending,unresolved,,0
gpt_codex,GPT + Codex,GPT,Native,native,indrop_v1,inDrop v1,pending,err_0014,T2,molecular_state_or_assembly_error,oligo_family,True,unresolved,unresolved,pending,unresolved,,0
gpt_codex,GPT + Codex,GPT,Native,native,indrop_v1,inDrop v1,pending,err_0015,T3,unsupported_completion,state,True,unresolved,unresolved,pending,unresolved,,0
gpt_codex,GPT + Codex,GPT,Native,native,indrop_v1,inDrop v1,pending,err_0016,T3,unsupported_completion,transition,True,unresolved,unresolved,pending,unresolved,,0
gpt_codex,GPT + Codex,GPT,Native,native,indrop_v1,inDrop v1,pending,err_0017,T3,molecular_state_or_assembly_error,state,True,unresolved,unresolved,pending,unresolved,,0
gpt_codex,GPT + Codex,GPT,Native,native,indrop_v1,inDrop v1,pending,err_0018,T3,molecular_state_or_assembly_error,state,True,unresolved,unresolved,pending,unresolved,,0
gpt_codex,GPT + Codex,GPT,Native,native,indrop_v1,inDrop v1,pending,err_0019,T3,molecular_state_or_assembly_error,state,True,unresolved,unresolved,pending,unresolved,,0
gpt_codex,GPT + Codex,GPT,Native,native,indrop_v1,inDrop v1,pending,err_0020,T3,molecular_state_or_assembly_error,state,True,unresolved,unresolved,pending,unresolved,,0
gpt_codex,GPT + Codex,GPT,Native,native,indrop_v1,inDrop v1,pending,err_0021,T3,molecular_state_or_assembly_error,state,True,unresolved,unresolved,pending,unresolved,,0
gpt_codex,GPT + Codex,GPT,Native,native,indrop_v1,inDrop v1,pending,err_0022,T3,molecular_state_or_assembly_error,state,True,unresolved,unresolved,pending,unresolved,,0
gpt_codex,GPT + Codex,GPT,Native,native,indrop_v1,inDrop v1,pending,err_0023,T3,molecular_state_or_assembly_error,state,True,unresolved,unresolved,pending,unresolved,,0
gpt_codex,GPT + Codex,GPT,Native,native,indrop_v1,inDrop v1,pending,err_0024,T3,workflow_or_topology_error,transition,True,unresolved,unresolved,pending,unresolved,,0
gpt_codex,GPT + Codex,GPT,Native,native,indrop_v1,inDrop v1,pending,err_0025,T3,workflow_or_topology_error,transition,True,unresolved,unresolved,pending,unresolved,,0
gpt_codex,GPT + Codex,GPT,Native,native,indrop_v1,inDrop v1,pending,err_0026,T3,workflow_or_topology_error,typed_edge,True,unresolved,unresolved,pending,unresolved,,0
gpt_codex,GPT + Codex,GPT,Native,native,indrop_v1,inDrop v1,pending,err_0027,T3,workflow_or_topology_error,typed_edge,True,unresolved,unresolved,pending,unresolved,,0
gpt_codex,GPT + Codex,GPT,Native,native,indrop_v1,inDrop v1,pending,err_0028,T3,workflow_or_topology_error,typed_edge,True,unresolved,unresolved,pending,unresolved,,0
gpt_codex,GPT + Codex,GPT,Native,native,indrop_v1,inDrop v1,pending,err_0029,T3,workflow_or_topology_error,typed_edge,True,unresolved,unresolved,pending,unresolved,,0
gpt_codex,GPT + Codex,GPT,Native,native,petri_seq,PETRI-seq,pending,err_0001,T2,unsupported_completion,oligo_family,True,unresolved,unresolved,pending,unresolved,,0
gpt_codex,GPT + Codex,GPT,Native,native,petri_seq,PETRI-seq,pending,err_0002,T2,molecular_state_or_assembly_error,oligo_family,True,unresolved,unresolved,pending,unresolved,,0
gpt_codex,GPT + Codex,GPT,Native,native,petri_seq,PETRI-seq,pending,err_0003,T2,molecular_state_or_assembly_error,oligo_family,True,unresolved,unresolved,pending,unresolved,,0
gpt_codex,GPT + Codex,GPT,Native,native,petri_seq,PETRI-seq,pending,err_0004,T2,workflow_or_topology_error,oligo_family,True,unresolved,unresolved,pending,unresolved,,0
gpt_codex,GPT + Codex,GPT,Native,native,petri_seq,PETRI-seq,pending,err_0005,T2,molecular_state_or_assembly_error,oligo_family,True,unresolved,unresolved,pending,unresolved,,0
gpt_codex,GPT + Codex,GPT,Native,native,petri_seq,PETRI-seq,pending,err_0006,T2,missing_recoverable_information,oligo_family,True,unresolved,unresolved,pending,unresolved,,0
gpt_codex,GPT + Codex,GPT,Native,native,petri_seq,PETRI-seq,pending,err_0007,T2,molecular_state_or_assembly_error,oligo_family,True,unresolved,unresolved,pending,unresolved,,0
gpt_codex,GPT + Codex,GPT,Native,native,petri_seq,PETRI-seq,pending,err_0008,T2,workflow_or_topology_error,oligo_family,True,unresolved,unresolved,pending,unresolved,,0
gpt_codex,GPT + Codex,GPT,Native,native,petri_seq,PETRI-seq,pending,err_0009,T2,strand_or_orientation_error,oligo_family,True,unresolved,unresolved,pending,unresolved,,0
gpt_codex,GPT + Codex,GPT,Native,native,petri_seq,PETRI-seq,pending,err_0010,T2,missing_recoverable_information,oligo_family,True,unresolved,unresolved,pending,unresolved,,0
gpt_codex,GPT + Codex,GPT,Native,native,petri_seq,PETRI-seq,pending,err_0011,T2,molecular_state_or_assembly_error,oligo_family,True,unresolved,unresolved,pending,unresolved,,0
gpt_codex,GPT + Codex,GPT,Native,native,petri_seq,PETRI-seq,pending,err_0012,T2,missing_recoverable_information,oligo_family,True,unresolved,unresolved,pending,unresolved,,0
gpt_codex,GPT + Codex,GPT,Native,native,petri_seq,PETRI-seq,pending,err_0013,T2,workflow_or_topology_error,oligo_family,True,unresolved,unresolved,pending,unresolved,,0
gpt_codex,GPT + Codex,GPT,Native,native,petri_seq,PETRI-seq,pending,err_0014,T3,molecular_state_or_assembly_error,state,True,unresolved,unresolved,pending,unresolved,,0
gpt_codex,GPT + Codex,GPT,Native,native,petri_seq,PETRI-seq,pending,err_0015,T3,molecular_state_or_assembly_error,state,True,unresolved,unresolved,pending,unresolved,,0
gpt_codex,GPT + Codex,GPT,Native,native,petri_seq,PETRI-seq,pending,err_0016,T3,molecular_state_or_assembly_error,state,True,unresolved,unresolved,pending,unresolved,,0
gpt_codex,GPT + Codex,GPT,Native,native,petri_seq,PETRI-seq,pending,err_0017,T3,molecular_state_or_assembly_error,state,True,unresolved,unresolved,pending,unresolved,,0
gpt_codex,GPT + Codex,GPT,Native,native,petri_seq,PETRI-seq,pending,err_0018,T3,molecular_state_or_assembly_error,state,True,unresolved,unresolved,pending,unresolved,,0
gpt_codex,GPT + Codex,GPT,Native,native,petri_seq,PETRI-seq,pending,err_0019,T3,molecular_state_or_assembly_error,state,True,unresolved,unresolved,pending,unresolved,,0
gpt_codex,GPT + Codex,GPT,Native,native,petri_seq,PETRI-seq,pending,err_0020,T3,molecular_state_or_assembly_error,state,True,unresolved,unresolved,pending,unresolved,,0
gpt_codex,GPT + Codex,GPT,Native,native,petri_seq,PETRI-seq,pending,err_0021,T3,workflow_or_topology_error,transition,True,unresolved,unresolved,pending,unresolved,,0
gpt_codex,GPT + Codex,GPT,Native,native,petri_seq,PETRI-seq,pending,err_0022,T3,workflow_or_topology_error,transition,True,unresolved,unresolved,pending,unresolved,,0
gpt_codex,GPT + Codex,GPT,Native,native,pip_seq_v4,PIP-seq v4,pending,err_0001,T2,unsupported_completion,oligo_family,True,unresolved,unresolved,pending,unresolved,,0
gpt_codex,GPT + Codex,GPT,Native,native,pip_seq_v4,PIP-seq v4,pending,err_0002,T2,unsupported_completion,oligo_family,True,unresolved,unresolved,pending,unresolved,,0
gpt_codex,GPT + Codex,GPT,Native,native,pip_seq_v4,PIP-seq v4,pending,err_0003,T2,unsupported_completion,oligo_family,True,unresolved,unresolved,pending,unresolved,,0
gpt_codex,GPT + Codex,GPT,Native,native,pip_seq_v4,PIP-seq v4,pending,err_0004,T2,unsupported_completion,oligo_family,True,unresolved,unresolved,pending,unresolved,,0
gpt_codex,GPT + Codex,GPT,Native,native,pip_seq_v4,PIP-seq v4,pending,err_0005,T2,unsupported_completion,oligo_family,True,unresolved,unresolved,pending,unresolved,,0
gpt_codex,GPT + Codex,GPT,Native,native,pip_seq_v4,PIP-seq v4,pending,err_0006,T2,unsupported_completion,oligo_family,True,unresolved,unresolved,pending,unresolved,,0
gpt_codex,GPT + Codex,GPT,Native,native,pip_seq_v4,PIP-seq v4,pending,err_0007,T2,molecular_state_or_assembly_error,oligo_family,True,unresolved,unresolved,pending,unresolved,,0
gpt_codex,GPT + Codex,GPT,Native,native,pip_seq_v4,PIP-seq v4,pending,err_0008,T2,workflow_or_topology_error,oligo_family,True,unresolved,unresolved,pending,unresolved,,0
gpt_codex,GPT + Codex,GPT,Native,native,pip_seq_v4,PIP-seq v4,pending,err_0009,T2,workflow_or_topology_error,oligo_family,True,unresolved,unresolved,pending,unresolved,,0
gpt_codex,GPT + Codex,GPT,Native,native,pip_seq_v4,PIP-seq v4,pending,err_0010,T2,workflow_or_topology_error,oligo_family,True,unresolved,unresolved,pending,unresolved,,0
gpt_codex,GPT + Codex,GPT,Native,native,pip_seq_v4,PIP-seq v4,pending,err_0011,T2,molecular_state_or_assembly_error,oligo_family,True,unresolved,unresolved,pending,unresolved,,0
gpt_codex,GPT + Codex,GPT,Native,native,pip_seq_v4,PIP-seq v4,pending,err_0012,T2,strand_or_orientation_error,oligo_family,True,unresolved,unresolved,pending,unresolved,,0
gpt_codex,GPT + Codex,GPT,Native,native,pip_seq_v4,PIP-seq v4,pending,err_0013,T2,molecular_state_or_assembly_error,oligo_family,True,unresolved,unresolved,pending,unresolved,,0
gpt_codex,GPT + Codex,GPT,Native,native,pip_seq_v4,PIP-seq v4,pending,err_0014,T2,molecular_state_or_assembly_error,oligo_family,True,unresolved,unresolved,pending,unresolved,,0
gpt_codex,GPT + Codex,GPT,Native,native,pip_seq_v4,PIP-seq v4,pending,err_0015,T2,missing_recoverable_information,oligo_family,True,unresolved,unresolved,pending,unresolved,,0
gpt_codex,GPT + Codex,GPT,Native,native,pip_seq_v4,PIP-seq v4,pending,err_0016,T2,molecular_state_or_assembly_error,oligo_family,True,unresolved,unresolved,pending,unresolved,,0
gpt_codex,GPT + Codex,GPT,Native,native,pip_seq_v4,PIP-seq v4,pending,err_0017,T2,molecular_state_or_assembly_error,oligo_family,True,unresolved,unresolved,pending,unresolved,,0
gpt_codex,GPT + Codex,GPT,Native,native,pip_seq_v4,PIP-seq v4,pending,err_0018,T2,workflow_or_topology_error,oligo_family,True,unresolved,unresolved,pending,unresolved,,0
gpt_codex,GPT + Codex,GPT,Native,native,pip_seq_v4,PIP-seq v4,pending,err_0019,T2,strand_or_orientation_error,oligo_family,True,unresolved,unresolved,pending,unresolved,,0
gpt_codex,GPT + Codex,GPT,Native,native,pip_seq_v4,PIP-seq v4,pending,err_0020,T3,missing_recoverable_information,state,True,unresolved,unresolved,pending,unresolved,,0
gpt_codex,GPT + Codex,GPT,Native,native,pip_seq_v4,PIP-seq v4,pending,err_0021,T3,unsupported_completion,state,True,unresolved,unresolved,pending,unresolved,,0
gpt_codex,GPT + Codex,GPT,Native,native,pip_seq_v4,PIP-seq v4,pending,err_0022,T3,unsupported_completion,state,True,unresolved,unresolved,pending,unresolved,,0
gpt_codex,GPT + Codex,GPT,Native,native,pip_seq_v4,PIP-seq v4,pending,err_0023,T3,unsupported_completion,state,True,unresolved,unresolved,pending,unresolved,,0
gpt_codex,GPT + Codex,GPT,Native,native,pip_seq_v4,PIP-seq v4,pending,err_0024,T3,unsupported_completion,state,True,unresolved,unresolved,pending,unresolved,,0
gpt_codex,GPT + Codex,GPT,Native,native,pip_seq_v4,PIP-seq v4,pending,err_0025,T3,unsupported_completion,transition,True,unresolved,unresolved,pending,unresolved,,0
gpt_codex,GPT + Codex,GPT,Native,native,pip_seq_v4,PIP-seq v4,pending,err_0026,T3,unsupported_completion,transition,True,unresolved,unresolved,pending,unresolved,,0
gpt_codex,GPT + Codex,GPT,Native,native,pip_seq_v4,PIP-seq v4,pending,err_0027,T3,unsupported_completion,transition,True,unresolved,unresolved,pending,unresolved,,0
gpt_codex,GPT + Codex,GPT,Native,native,pip_seq_v4,PIP-seq v4,pending,err_0028,T3,unsupported_completion,terminal_output,True,unresolved,unresolved,pending,unresolved,,0
gpt_codex,GPT + Codex,GPT,Native,native,pip_seq_v4,PIP-seq v4,pending,err_0029,T3,unsupported_completion,terminal_output,True,unresolved,unresolved,pending,unresolved,,0
gpt_codex,GPT + Codex,GPT,Native,native,pip_seq_v4,PIP-seq v4,pending,err_0030,T3,molecular_state_or_assembly_error,state,True,unresolved,unresolved,pending,unresolved,,0
gpt_codex,GPT + Codex,GPT,Native,native,pip_seq_v4,PIP-seq v4,pending,err_0031,T3,molecular_state_or_assembly_error,state,True,unresolved,unresolved,pending,unresolved,,0
gpt_codex,GPT + Codex,GPT,Native,native,pip_seq_v4,PIP-seq v4,pending,err_0032,T3,molecular_state_or_assembly_error,state,True,unresolved,unresolved,pending,unresolved,,0
gpt_codex,GPT + Codex,GPT,Native,native,pip_seq_v4,PIP-seq v4,pending,err_0033,T3,molecular_state_or_assembly_error,state,True,unresolved,unresolved,pending,unresolved,,0
gpt_codex,GPT + Codex,GPT,Native,native,pip_seq_v4,PIP-seq v4,pending,err_0034,T3,molecular_state_or_assembly_error,state,True,unresolved,unresolved,pending,unresolved,,0
gpt_codex,GPT + Codex,GPT,Native,native,pip_seq_v4,PIP-seq v4,pending,err_0035,T3,molecular_state_or_assembly_error,state,True,unresolved,unresolved,pending,unresolved,,0
gpt_codex,GPT + Codex,GPT,Native,native,pip_seq_v4,PIP-seq v4,pending,err_0036,T3,molecular_state_or_assembly_error,state,True,unresolved,unresolved,pending,unresolved,,0
gpt_codex,GPT + Codex,GPT,Native,native,pip_seq_v4,PIP-seq v4,pending,err_0037,T3,workflow_or_topology_error,transition,True,unresolved,unresolved,pending,unresolved,,0
gpt_codex,GPT + Codex,GPT,Native,native,pip_seq_v4,PIP-seq v4,pending,err_0038,T3,workflow_or_topology_error,transition,True,unresolved,unresolved,pending,unresolved,,0
gpt_codex,GPT + Codex,GPT,Native,native,pip_seq_v4,PIP-seq v4,pending,err_0039,T3,workflow_or_topology_error,transition,True,unresolved,unresolved,pending,unresolved,,0
gpt_codex,GPT + Codex,GPT,Native,native,pip_seq_v4,PIP-seq v4,pending,err_0040,T3,workflow_or_topology_error,transition,True,unresolved,unresolved,pending,unresolved,,0
gpt_codex,GPT + Codex,GPT,Native,native,pip_seq_v4,PIP-seq v4,pending,err_0041,T3,workflow_or_topology_error,transition,True,unresolved,unresolved,pending,unresolved,,0
gpt_codex,GPT + Codex,GPT,Native,native,pip_seq_v4,PIP-seq v4,pending,err_0042,T3,workflow_or_topology_error,typed_edge,True,unresolved,unresolved,pending,unresolved,,0
gpt_codex,GPT + Codex,GPT,Native,native,pip_seq_v4,PIP-seq v4,pending,err_0043,T3,workflow_or_topology_error,typed_edge,True,unresolved,unresolved,pending,unresolved,,0
gpt_codex,GPT + Codex,GPT,Native,native,pip_seq_v4,PIP-seq v4,pending,err_0044,T3,workflow_or_topology_error,typed_edge,True,unresolved,unresolved,pending,unresolved,,0
gpt_codex,GPT + Codex,GPT,Native,native,pip_seq_v4,PIP-seq v4,pending,err_0045,T3,workflow_or_topology_error,typed_edge,True,unresolved,unresolved,pending,unresolved,,0
gpt_codex,GPT + Codex,GPT,Native,native,pip_seq_v4,PIP-seq v4,pending,err_0046,T3,workflow_or_topology_error,typed_edge,True,unresolved,unresolved,pending,unresolved,,0
gpt_codex,GPT + Codex,GPT,Native,native,pip_seq_v4,PIP-seq v4,pending,err_0047,T3,workflow_or_topology_error,typed_edge,True,unresolved,unresolved,pending,unresolved,,0
gpt_codex,GPT + Codex,GPT,Native,native,pip_seq_v4,PIP-seq v4,pending,err_0048,T3,workflow_or_topology_error,typed_edge,True,unresolved,unresolved,pending,unresolved,,0
gpt_codex,GPT + Codex,GPT,Native,native,pip_seq_v4,PIP-seq v4,pending,err_0049,T3,workflow_or_topology_error,typed_edge,True,unresolved,unresolved,pending,unresolved,,0
gpt_codex,GPT + Codex,GPT,Native,native,pip_seq_v4,PIP-seq v4,pending,err_0050,T3,workflow_or_topology_error,typed_edge,True,unresolved,unresolved,pending,unresolved,,0
gpt_codex,GPT + Codex,GPT,Native,native,pip_seq_v4,PIP-seq v4,pending,err_0051,T3,workflow_or_topology_error,typed_edge,True,unresolved,unresolved,pending,unresolved,,0
gpt_codex,GPT + Codex,GPT,Native,native,pip_seq_v4,PIP-seq v4,pending,err_0052,T3,workflow_or_topology_error,typed_edge,True,unresolved,unresolved,pending,unresolved,,0
gpt_codex,GPT + Codex,GPT,Native,native,pip_seq_v4,PIP-seq v4,pending,err_0053,T3,workflow_or_topology_error,typed_edge,True,unresolved,unresolved,pending,unresolved,,0
gpt_codex,GPT + Codex,GPT,Native,native,pip_seq_v4,PIP-seq v4,pending,err_0054,T3,workflow_or_topology_error,typed_edge,True,unresolved,unresolved,pending,unresolved,,0
gpt_codex,GPT + Codex,GPT,Native,native,pip_seq_v4,PIP-seq v4,pending,err_0055,T3,workflow_or_topology_error,typed_edge,True,unresolved,unresolved,pending,unresolved,,0
gpt_codex,GPT + Codex,GPT,Native,native,pip_seq_v4,PIP-seq v4,pending,err_0056,T3,workflow_or_topology_error,typed_edge,True,unresolved,unresolved,pending,unresolved,,0
gpt_codex,GPT + Codex,GPT,Native,native,pip_seq_v4,PIP-seq v4,pending,err_0057,T3,workflow_or_topology_error,typed_edge,True,unresolved,unresolved,pending,unresolved,,0
gpt_codex,GPT + Codex,GPT,Native,native,pip_seq_v4,PIP-seq v4,pending,err_0058,T3,workflow_or_topology_error,typed_edge,True,unresolved,unresolved,pending,unresolved,,0
gpt_codex,GPT + Codex,GPT,Native,native,pip_seq_v4,PIP-seq v4,pending,err_0059,T3,workflow_or_topology_error,typed_edge,True,unresolved,unresolved,pending,unresolved,,0
gpt_codex,GPT + Codex,GPT,Native,native,pip_seq_v4,PIP-seq v4,pending,err_0060,T3,workflow_or_topology_error,typed_edge,True,unresolved,unresolved,pending,unresolved,,0
gpt_codex,GPT + Codex,GPT,Native,native,pip_seq_v4,PIP-seq v4,pending,err_0061,T3,workflow_or_topology_error,typed_edge,True,unresolved,unresolved,pending,unresolved,,0
gpt_codex,GPT + Codex,GPT,Native,native,sci_atac_seq,sci-ATAC-seq,pending,err_0001,T2,missing_recoverable_information,oligo_family,True,unresolved,unresolved,pending,unresolved,,0
gpt_codex,GPT + Codex,GPT,Native,native,sci_atac_seq,sci-ATAC-seq,pending,err_0002,T2,molecular_state_or_assembly_error,oligo_family,True,unresolved,unresolved,pending,unresolved,,0
gpt_codex,GPT + Codex,GPT,Native,native,sci_atac_seq,sci-ATAC-seq,pending,err_0003,T2,missing_recoverable_information,oligo_family,True,unresolved,unresolved,pending,unresolved,,0
gpt_codex,GPT + Codex,GPT,Native,native,sci_atac_seq,sci-ATAC-seq,pending,err_0004,T2,molecular_state_or_assembly_error,oligo_family,True,unresolved,unresolved,pending,unresolved,,0
gpt_codex,GPT + Codex,GPT,Native,native,sci_atac_seq,sci-ATAC-seq,pending,err_0005,T2,missing_recoverable_information,oligo_family,True,unresolved,unresolved,pending,unresolved,,0
gpt_codex,GPT + Codex,GPT,Native,native,sci_atac_seq,sci-ATAC-seq,pending,err_0006,T2,molecular_state_or_assembly_error,oligo_family,True,unresolved,unresolved,pending,unresolved,,0
gpt_codex,GPT + Codex,GPT,Native,native,sci_atac_seq,sci-ATAC-seq,pending,err_0007,T2,strand_or_orientation_error,oligo_family,True,unresolved,unresolved,pending,unresolved,,0
gpt_codex,GPT + Codex,GPT,Native,native,sci_atac_seq,sci-ATAC-seq,pending,err_0008,T2,missing_recoverable_information,oligo_family,True,unresolved,unresolved,pending,unresolved,,0
gpt_codex,GPT + Codex,GPT,Native,native,sci_atac_seq,sci-ATAC-seq,pending,err_0009,T2,molecular_state_or_assembly_error,oligo_family,True,unresolved,unresolved,pending,unresolved,,0
gpt_codex,GPT + Codex,GPT,Native,native,sci_atac_seq,sci-ATAC-seq,pending,err_0010,T2,strand_or_orientation_error,oligo_family,True,unresolved,unresolved,pending,unresolved,,0
gpt_codex,GPT + Codex,GPT,Native,native,sci_atac_seq,sci-ATAC-seq,pending,err_0011,T3,missing_recoverable_information,state,True,unresolved,unresolved,pending,unresolved,,0
gpt_codex,GPT + Codex,GPT,Native,native,sci_atac_seq,sci-ATAC-seq,pending,err_0012,T3,missing_recoverable_information,state,True,unresolved,unresolved,pending,unresolved,,0
gpt_codex,GPT + Codex,GPT,Native,native,sci_atac_seq,sci-ATAC-seq,pending,err_0013,T3,missing_recoverable_information,state,True,unresolved,unresolved,pending,unresolved,,0
gpt_codex,GPT + Codex,GPT,Native,native,sci_atac_seq,sci-ATAC-seq,pending,err_0014,T3,missing_recoverable_information,state,True,unresolved,unresolved,pending,unresolved,,0
gpt_codex,GPT + Codex,GPT,Native,native,sci_atac_seq,sci-ATAC-seq,pending,err_0015,T3,missing_recoverable_information,state,True,unresolved,unresolved,pending,unresolved,,0
gpt_codex,GPT + Codex,GPT,Native,native,sci_atac_seq,sci-ATAC-seq,pending,err_0016,T3,missing_recoverable_information,state,True,unresolved,unresolved,pending,unresolved,,0
gpt_codex,GPT + Codex,GPT,Native,native,sci_atac_seq,sci-ATAC-seq,pending,err_0017,T3,missing_recoverable_information,state,True,unresolved,unresolved,pending,unresolved,,0
gpt_codex,GPT + Codex,GPT,Native,native,sci_atac_seq,sci-ATAC-seq,pending,err_0018,T3,missing_recoverable_information,transition,True,unresolved,unresolved,pending,unresolved,,0
gpt_codex,GPT + Codex,GPT,Native,native,sci_atac_seq,sci-ATAC-seq,pending,err_0019,T3,molecular_state_or_assembly_error,state,True,unresolved,unresolved,pending,unresolved,,0
gpt_codex,GPT + Codex,GPT,Native,native,sci_atac_seq,sci-ATAC-seq,pending,err_0020,T3,molecular_state_or_assembly_error,state,True,unresolved,unresolved,pending,unresolved,,0
gpt_codex,GPT + Codex,GPT,Native,native,sci_atac_seq,sci-ATAC-seq,pending,err_0021,T3,molecular_state_or_assembly_error,state,True,unresolved,unresolved,pending,unresolved,,0
gpt_codex,GPT + Codex,GPT,Native,native,sci_atac_seq,sci-ATAC-seq,pending,err_0022,T3,workflow_or_topology_error,transition,True,unresolved,unresolved,pending,unresolved,,0
gpt_codex,GPT + Codex,GPT,Native,native,sci_atac_seq,sci-ATAC-seq,pending,err_0023,T3,workflow_or_topology_error,transition,True,unresolved,unresolved,pending,unresolved,,0
gpt_codex,GPT + Codex,GPT,Native,native,sci_atac_seq,sci-ATAC-seq,pending,err_0024,T3,workflow_or_topology_error,typed_edge,True,unresolved,unresolved,pending,unresolved,,0
gpt_codex,GPT + Codex,GPT,Native,native,sci_atac_seq,sci-ATAC-seq,pending,err_0025,T3,workflow_or_topology_error,typed_edge,True,unresolved,unresolved,pending,unresolved,,0
gpt_codex,GPT + Codex,GPT,Native,native,sci_atac_seq,sci-ATAC-seq,pending,err_0026,T3,workflow_or_topology_error,typed_edge,True,unresolved,unresolved,pending,unresolved,,0
gpt_codex,GPT + Codex,GPT,Native,native,sci_atac_seq,sci-ATAC-seq,pending,err_0027,T3,workflow_or_topology_error,typed_edge,True,unresolved,unresolved,pending,unresolved,,0
gpt_codex,GPT + Codex,GPT,Native,native,sci_atac_seq,sci-ATAC-seq,pending,err_0028,T3,workflow_or_topology_error,typed_edge,True,unresolved,unresolved,pending,unresolved,,0
gpt_codex,GPT + Codex,GPT,Native,native,sci_atac_seq,sci-ATAC-seq,pending,err_0029,T3,workflow_or_topology_error,typed_edge,True,unresolved,unresolved,pending,unresolved,,0
gpt_codex,GPT + Codex,GPT,Native,native,sci_atac_seq,sci-ATAC-seq,pending,err_0030,T3,workflow_or_topology_error,typed_edge,True,unresolved,unresolved,pending,unresolved,,0
gpt_codex,GPT + Codex,GPT,Native,native,sci_atac_seq,sci-ATAC-seq,pending,err_0031,T3,workflow_or_topology_error,typed_edge,True,unresolved,unresolved,pending,unresolved,,0
gpt_codex,GPT + Codex,GPT,Native,native,sci_atac_seq,sci-ATAC-seq,pending,err_0032,T3,workflow_or_topology_error,typed_edge,True,unresolved,unresolved,pending,unresolved,,0
gpt_codex,GPT + Codex,GPT,Native,native,sci_atac_seq,sci-ATAC-seq,pending,err_0033,T3,workflow_or_topology_error,typed_edge,True,unresolved,unresolved,pending,unresolved,,0
gpt_codex,GPT + Codex,GPT,Native,native,sci_atac_seq,sci-ATAC-seq,pending,err_0034,T3,workflow_or_topology_error,typed_edge,True,unresolved,unresolved,pending,unresolved,,0
gpt_codex,GPT + Codex,GPT,Native,native,sci_atac_seq,sci-ATAC-seq,pending,err_0035,T3,workflow_or_topology_error,typed_edge,True,unresolved,unresolved,pending,unresolved,,0
gpt_codex,GPT + Codex,GPT,Native,native,sci_atac_seq,sci-ATAC-seq,pending,err_0036,T3,workflow_or_topology_error,typed_edge,True,unresolved,unresolved,pending,unresolved,,0
gpt_codex,GPT + Codex,GPT,Native,native,scrrbs,scRRBS,pending,err_0001,T2,missing_recoverable_information,oligo_family,True,unresolved,unresolved,pending,unresolved,,0
gpt_codex,GPT + Codex,GPT,Native,native,scrrbs,scRRBS,pending,err_0002,T2,molecular_state_or_assembly_error,oligo_family,True,unresolved,unresolved,pending,unresolved,,0
gpt_codex,GPT + Codex,GPT,Native,native,scrrbs,scRRBS,pending,err_0003,T2,molecular_state_or_assembly_error,oligo_family,True,unresolved,unresolved,pending,unresolved,,0
gpt_codex,GPT + Codex,GPT,Native,native,scrrbs,scRRBS,pending,err_0004,T2,missing_recoverable_information,oligo_family,True,unresolved,unresolved,pending,unresolved,,0
gpt_codex,GPT + Codex,GPT,Native,native,scrrbs,scRRBS,pending,err_0005,T2,molecular_state_or_assembly_error,oligo_family,True,unresolved,unresolved,pending,unresolved,,0
gpt_codex,GPT + Codex,GPT,Native,native,scrrbs,scRRBS,pending,err_0006,T3,missing_recoverable_information,state,True,unresolved,unresolved,pending,unresolved,,0
gpt_codex,GPT + Codex,GPT,Native,native,scrrbs,scRRBS,pending,err_0007,T3,molecular_state_or_assembly_error,state,True,unresolved,unresolved,pending,unresolved,,0
gpt_codex,GPT + Codex,GPT,Native,native,scrrbs,scRRBS,pending,err_0008,T3,molecular_state_or_assembly_error,state,True,unresolved,unresolved,pending,unresolved,,0
gpt_codex,GPT + Codex,GPT,Native,native,scrrbs,scRRBS,pending,err_0009,T3,molecular_state_or_assembly_error,state,True,unresolved,unresolved,pending,unresolved,,0
gpt_codex,GPT + Codex,GPT,Native,native,scrrbs,scRRBS,pending,err_0010,T3,molecular_state_or_assembly_error,state,True,unresolved,unresolved,pending,unresolved,,0
gpt_codex,GPT + Codex,GPT,Native,native,scrrbs,scRRBS,pending,err_0011,T3,molecular_state_or_assembly_error,state,True,unresolved,unresolved,pending,unresolved,,0
gpt_codex,GPT + Codex,GPT,Native,native,scrrbs,scRRBS,pending,err_0012,T3,molecular_state_or_assembly_error,state,True,unresolved,unresolved,pending,unresolved,,0
gpt_codex,GPT + Codex,GPT,Native,native,scrrbs,scRRBS,pending,err_0013,T3,workflow_or_topology_error,transition,True,unresolved,unresolved,pending,unresolved,,0
gpt_codex,GPT + Codex,GPT,Native,native,scrrbs,scRRBS,pending,err_0014,T3,workflow_or_topology_error,transition,True,unresolved,unresolved,pending,unresolved,,0
gpt_codex,GPT + Codex,GPT,Native,native,scrrbs,scRRBS,pending,err_0015,T3,workflow_or_topology_error,transition,True,unresolved,unresolved,pending,unresolved,,0
gpt_codex,GPT + Codex,GPT,Native,native,scrrbs,scRRBS,pending,err_0016,T3,workflow_or_topology_error,typed_edge,True,unresolved,unresolved,pending,unresolved,,0
gpt_codex,GPT + Codex,GPT,Native,native,scrrbs,scRRBS,pending,err_0017,T3,workflow_or_topology_error,typed_edge,True,unresolved,unresolved,pending,unresolved,,0
gpt_codex,GPT + Codex,GPT,Native,native,share_seq,SHARE-seq,pending,err_0001,T2,workflow_or_topology_error,oligo_family,True,unresolved,unresolved,pending,unresolved,,0
gpt_codex,GPT + Codex,GPT,Native,native,share_seq,SHARE-seq,pending,err_0002,T2,workflow_or_topology_error,oligo_family,True,unresolved,unresolved,pending,unresolved,,0
gpt_codex,GPT + Codex,GPT,Native,native,share_seq,SHARE-seq,pending,err_0003,T2,molecular_state_or_assembly_error,oligo_family,True,unresolved,unresolved,pending,unresolved,,0
gpt_codex,GPT + Codex,GPT,Native,native,share_seq,SHARE-seq,pending,err_0004,T2,workflow_or_topology_error,oligo_family,True,unresolved,unresolved,pending,unresolved,,0
gpt_codex,GPT + Codex,GPT,Native,native,share_seq,SHARE-seq,pending,err_0005,T2,missing_recoverable_information,oligo_family,True,unresolved,unresolved,pending,unresolved,,0
gpt_codex,GPT + Codex,GPT,Native,native,share_seq,SHARE-seq,pending,err_0006,T2,molecular_state_or_assembly_error,oligo_family,True,unresolved,unresolved,pending,unresolved,,0
gpt_codex,GPT + Codex,GPT,Native,native,share_seq,SHARE-seq,pending,err_0007,T2,molecular_state_or_assembly_error,oligo_family,True,unresolved,unresolved,pending,unresolved,,0
gpt_codex,GPT + Codex,GPT,Native,native,share_seq,SHARE-seq,pending,err_0008,T2,molecular_state_or_assembly_error,oligo_family,True,unresolved,unresolved,pending,unresolved,,0
gpt_codex,GPT + Codex,GPT,Native,native,share_seq,SHARE-seq,pending,err_0009,T2,molecular_state_or_assembly_error,oligo_family,True,unresolved,unresolved,pending,unresolved,,0
gpt_codex,GPT + Codex,GPT,Native,native,share_seq,SHARE-seq,pending,err_0010,T2,molecular_state_or_assembly_error,oligo_family,True,unresolved,unresolved,pending,unresolved,,0
gpt_codex,GPT + Codex,GPT,Native,native,share_seq,SHARE-seq,pending,err_0011,T2,molecular_state_or_assembly_error,oligo_family,True,unresolved,unresolved,pending,unresolved,,0
gpt_codex,GPT + Codex,GPT,Native,native,share_seq,SHARE-seq,pending,err_0012,T2,workflow_or_topology_error,oligo_family,True,unresolved,unresolved,pending,unresolved,,0
gpt_codex,GPT + Codex,GPT,Native,native,share_seq,SHARE-seq,pending,err_0013,T2,molecular_state_or_assembly_error,oligo_family,True,unresolved,unresolved,pending,unresolved,,0
gpt_codex,GPT + Codex,GPT,Native,native,share_seq,SHARE-seq,pending,err_0014,T2,molecular_state_or_assembly_error,oligo_family,True,unresolved,unresolved,pending,unresolved,,0
gpt_codex,GPT + Codex,GPT,Native,native,share_seq,SHARE-seq,pending,err_0015,T3,unsupported_completion,state,True,unresolved,unresolved,pending,unresolved,,0
gpt_codex,GPT + Codex,GPT,Native,native,share_seq,SHARE-seq,pending,err_0016,T3,unsupported_completion,state,True,unresolved,unresolved,pending,unresolved,,0
gpt_codex,GPT + Codex,GPT,Native,native,share_seq,SHARE-seq,pending,err_0017,T3,unsupported_completion,transition,True,unresolved,unresolved,pending,unresolved,,0
gpt_codex,GPT + Codex,GPT,Native,native,share_seq,SHARE-seq,pending,err_0018,T3,molecular_state_or_assembly_error,state,True,unresolved,unresolved,pending,unresolved,,0
gpt_codex,GPT + Codex,GPT,Native,native,share_seq,SHARE-seq,pending,err_0019,T3,molecular_state_or_assembly_error,state,True,unresolved,unresolved,pending,unresolved,,0
gpt_codex,GPT + Codex,GPT,Native,native,share_seq,SHARE-seq,pending,err_0020,T3,molecular_state_or_assembly_error,state,True,unresolved,unresolved,pending,unresolved,,0
gpt_codex,GPT + Codex,GPT,Native,native,share_seq,SHARE-seq,pending,err_0021,T3,molecular_state_or_assembly_error,state,True,unresolved,unresolved,pending,unresolved,,0
gpt_codex,GPT + Codex,GPT,Native,native,share_seq,SHARE-seq,pending,err_0022,T3,molecular_state_or_assembly_error,state,True,unresolved,unresolved,pending,unresolved,,0
gpt_codex,GPT + Codex,GPT,Native,native,share_seq,SHARE-seq,pending,err_0023,T3,molecular_state_or_assembly_error,state,True,unresolved,unresolved,pending,unresolved,,0
gpt_codex,GPT + Codex,GPT,Native,native,share_seq,SHARE-seq,pending,err_0024,T3,molecular_state_or_assembly_error,state,True,unresolved,unresolved,pending,unresolved,,0
gpt_codex,GPT + Codex,GPT,Native,native,share_seq,SHARE-seq,pending,err_0025,T3,molecular_state_or_assembly_error,state,True,unresolved,unresolved,pending,unresolved,,0
gpt_codex,GPT + Codex,GPT,Native,native,share_seq,SHARE-seq,pending,err_0026,T3,molecular_state_or_assembly_error,state,True,unresolved,unresolved,pending,unresolved,,0
gpt_codex,GPT + Codex,GPT,Native,native,share_seq,SHARE-seq,pending,err_0027,T3,molecular_state_or_assembly_error,state,True,unresolved,unresolved,pending,unresolved,,0
gpt_codex,GPT + Codex,GPT,Native,native,share_seq,SHARE-seq,pending,err_0028,T3,molecular_state_or_assembly_error,state,True,unresolved,unresolved,pending,unresolved,,0
gpt_codex,GPT + Codex,GPT,Native,native,share_seq,SHARE-seq,pending,err_0029,T3,molecular_state_or_assembly_error,state,True,unresolved,unresolved,pending,unresolved,,0
gpt_codex,GPT + Codex,GPT,Native,native,share_seq,SHARE-seq,pending,err_0030,T3,molecular_state_or_assembly_error,state,True,unresolved,unresolved,pending,unresolved,,0
gpt_codex,GPT + Codex,GPT,Native,native,share_seq,SHARE-seq,pending,err_0031,T3,molecular_state_or_assembly_error,state,True,unresolved,unresolved,pending,unresolved,,0
gpt_codex,GPT + Codex,GPT,Native,native,share_seq,SHARE-seq,pending,err_0032,T3,molecular_state_or_assembly_error,state,True,unresolved,unresolved,pending,unresolved,,0
gpt_codex,GPT + Codex,GPT,Native,native,share_seq,SHARE-seq,pending,err_0033,T3,molecular_state_or_assembly_error,state,True,unresolved,unresolved,pending,unresolved,,0
gpt_codex,GPT + Codex,GPT,Native,native,share_seq,SHARE-seq,pending,err_0034,T3,workflow_or_topology_error,transition,True,unresolved,unresolved,pending,unresolved,,0
gpt_codex,GPT + Codex,GPT,Native,native,share_seq,SHARE-seq,pending,err_0035,T3,operation_error,transition,True,unresolved,unresolved,pending,unresolved,,0
gpt_codex,GPT + Codex,GPT,Native,native,share_seq,SHARE-seq,pending,err_0036,T3,operation_error,transition,True,unresolved,unresolved,pending,unresolved,,0
gpt_codex,GPT + Codex,GPT,Native,native,share_seq,SHARE-seq,pending,err_0037,T3,workflow_or_topology_error,transition,True,unresolved,unresolved,pending,unresolved,,0
gpt_codex,GPT + Codex,GPT,Native,native,share_seq,SHARE-seq,pending,err_0038,T3,operation_error,transition,True,unresolved,unresolved,pending,unresolved,,0
gpt_codex,GPT + Codex,GPT,Native,native,share_seq,SHARE-seq,pending,err_0039,T3,workflow_or_topology_error,transition,True,unresolved,unresolved,pending,unresolved,,0
gpt_codex,GPT + Codex,GPT,Native,native,share_seq,SHARE-seq,pending,err_0040,T3,workflow_or_topology_error,transition,True,unresolved,unresolved,pending,unresolved,,0
gpt_codex,GPT + Codex,GPT,Native,native,share_seq,SHARE-seq,pending,err_0041,T3,workflow_or_topology_error,transition,True,unresolved,unresolved,pending,unresolved,,0
gpt_codex,GPT + Codex,GPT,Native,native,share_seq,SHARE-seq,pending,err_0042,T3,workflow_or_topology_error,transition,True,unresolved,unresolved,pending,unresolved,,0
gpt_codex,GPT + Codex,GPT,Native,native,share_seq,SHARE-seq,pending,err_0043,T3,workflow_or_topology_error,transition,True,unresolved,unresolved,pending,unresolved,,0
gpt_codex,GPT + Codex,GPT,Native,native,share_seq,SHARE-seq,pending,err_0044,T3,workflow_or_topology_error,transition,True,unresolved,unresolved,pending,unresolved,,0
gpt_codex,GPT + Codex,GPT,Native,native,share_seq,SHARE-seq,pending,err_0045,T3,workflow_or_topology_error,transition,True,unresolved,unresolved,pending,unresolved,,0
gpt_codex,GPT + Codex,GPT,Native,native,share_seq,SHARE-seq,pending,err_0046,T3,workflow_or_topology_error,typed_edge,True,unresolved,unresolved,pending,unresolved,,0
gpt_codex,GPT + Codex,GPT,Native,native,share_seq,SHARE-seq,pending,err_0047,T3,workflow_or_topology_error,typed_edge,True,unresolved,unresolved,pending,unresolved,,0
gpt_codex,GPT + Codex,GPT,Native,native,share_seq,SHARE-seq,pending,err_0048,T3,workflow_or_topology_error,typed_edge,True,unresolved,unresolved,pending,unresolved,,0
gpt_codex,GPT + Codex,GPT,Native,native,share_seq,SHARE-seq,pending,err_0049,T3,workflow_or_topology_error,typed_edge,True,unresolved,unresolved,pending,unresolved,,0
gpt_codex,GPT + Codex,GPT,Native,native,share_seq,SHARE-seq,pending,err_0050,T3,workflow_or_topology_error,typed_edge,True,unresolved,unresolved,pending,unresolved,,0
gpt_codex,GPT + Codex,GPT,Native,native,share_seq,SHARE-seq,pending,err_0051,T3,workflow_or_topology_error,typed_edge,True,unresolved,unresolved,pending,unresolved,,0
gpt_codex,GPT + Codex,GPT,Native,native,share_seq,SHARE-seq,pending,err_0052,T3,workflow_or_topology_error,typed_edge,True,unresolved,unresolved,pending,unresolved,,0
gpt_codex,GPT + Codex,GPT,Native,native,share_seq,SHARE-seq,pending,err_0053,T3,workflow_or_topology_error,typed_edge,True,unresolved,unresolved,pending,unresolved,,0
gpt_codex,GPT + Codex,GPT,Native,native,share_seq,SHARE-seq,pending,err_0054,T3,workflow_or_topology_error,typed_edge,True,unresolved,unresolved,pending,unresolved,,0
gpt_codex,GPT + Codex,GPT,Native,native,share_seq,SHARE-seq,pending,err_0055,T3,workflow_or_topology_error,typed_edge,True,unresolved,unresolved,pending,unresolved,,0
gpt_codex,GPT + Codex,GPT,Native,native,share_seq,SHARE-seq,pending,err_0056,T3,workflow_or_topology_error,typed_edge,True,unresolved,unresolved,pending,unresolved,,0
gpt_codex,GPT + Codex,GPT,Native,native,share_seq,SHARE-seq,pending,err_0057,T3,workflow_or_topology_error,typed_edge,True,unresolved,unresolved,pending,unresolved,,0
gpt_codex,GPT + Codex,GPT,Native,native,share_seq,SHARE-seq,pending,err_0058,T3,workflow_or_topology_error,typed_edge,True,unresolved,unresolved,pending,unresolved,,0
gpt_codex,GPT + Codex,GPT,Native,native,share_seq,SHARE-seq,pending,err_0059,T3,workflow_or_topology_error,typed_edge,True,unresolved,unresolved,pending,unresolved,,0
gpt_codex,GPT + Codex,GPT,Native,native,share_seq,SHARE-seq,pending,err_0060,T3,workflow_or_topology_error,typed_edge,True,unresolved,unresolved,pending,unresolved,,0
gpt_codex,GPT + Codex,GPT,Native,native,share_seq,SHARE-seq,pending,err_0061,T3,workflow_or_topology_error,typed_edge,True,unresolved,unresolved,pending,unresolved,,0
gpt_codex,GPT + Codex,GPT,Native,native,share_seq,SHARE-seq,pending,err_0062,T3,workflow_or_topology_error,typed_edge,True,unresolved,unresolved,pending,unresolved,,0
gpt_codex,GPT + Codex,GPT,Native,native,share_seq,SHARE-seq,pending,err_0063,T3,workflow_or_topology_error,typed_edge,True,unresolved,unresolved,pending,unresolved,,0
gpt_codex,GPT + Codex,GPT,Native,native,share_seq,SHARE-seq,pending,err_0064,T3,workflow_or_topology_error,typed_edge,True,unresolved,unresolved,pending,unresolved,,0
gpt_codex,GPT + Codex,GPT,Native,native,share_seq,SHARE-seq,pending,err_0065,T3,workflow_or_topology_error,typed_edge,True,unresolved,unresolved,pending,unresolved,,0
gpt_codex,GPT + Codex,GPT,Native,native,share_seq,SHARE-seq,pending,err_0066,T3,workflow_or_topology_error,typed_edge,True,unresolved,unresolved,pending,unresolved,,0
gpt_codex,GPT + Codex,GPT,Native,native,share_seq,SHARE-seq,pending,err_0067,T3,workflow_or_topology_error,typed_edge,True,unresolved,unresolved,pending,unresolved,,0
gpt_codex,GPT + Codex,GPT,Native,native,share_seq,SHARE-seq,pending,err_0068,T3,workflow_or_topology_error,typed_edge,True,unresolved,unresolved,pending,unresolved,,0
gpt_codex,GPT + Codex,GPT,Native,native,share_seq,SHARE-seq,pending,err_0069,T3,workflow_or_topology_error,typed_edge,True,unresolved,unresolved,pending,unresolved,,0
gpt_codex,GPT + Codex,GPT,Native,native,share_seq,SHARE-seq,pending,err_0070,T3,workflow_or_topology_error,typed_edge,True,unresolved,unresolved,pending,unresolved,,0
gpt_codex,GPT + Codex,GPT,Native,native,share_seq,SHARE-seq,pending,err_0071,T3,workflow_or_topology_error,typed_edge,True,unresolved,unresolved,pending,unresolved,,0
gpt_codex,GPT + Codex,GPT,Native,native,share_seq,SHARE-seq,pending,err_0072,T3,workflow_or_topology_error,typed_edge,True,unresolved,unresolved,pending,unresolved,,0
gpt_codex,GPT + Codex,GPT,Native,native,share_seq,SHARE-seq,pending,err_0073,T3,workflow_or_topology_error,typed_edge,True,unresolved,unresolved,pending,unresolved,,0
gpt_codex,GPT + Codex,GPT,Native,native,share_seq,SHARE-seq,pending,err_0074,T3,workflow_or_topology_error,typed_edge,True,unresolved,unresolved,pending,unresolved,,0
gpt_codex,GPT + Codex,GPT,Native,native,share_seq,SHARE-seq,pending,err_0075,T3,workflow_or_topology_error,typed_edge,True,unresolved,unresolved,pending,unresolved,,0
gpt_codex,GPT + Codex,GPT,Native,native,share_seq,SHARE-seq,pending,err_0076,T3,workflow_or_topology_error,typed_edge,True,unresolved,unresolved,pending,unresolved,,0
gpt_codex,GPT + Codex,GPT,Native,native,share_seq,SHARE-seq,pending,err_0077,T3,workflow_or_topology_error,typed_edge,True,unresolved,unresolved,pending,unresolved,,0
gpt_codex,GPT + Codex,GPT,Native,native,share_seq,SHARE-seq,pending,err_0078,T3,workflow_or_topology_error,typed_edge,True,unresolved,unresolved,pending,unresolved,,0
gpt_codex,GPT + Codex,GPT,Native,native,share_seq,SHARE-seq,pending,err_0079,T3,workflow_or_topology_error,typed_edge,True,unresolved,unresolved,pending,unresolved,,0
gpt_codex,GPT + Codex,GPT,Native,native,smart_seq,SMART-seq,pending,err_0001,T2,unsupported_completion,oligo_family,True,unresolved,unresolved,pending,unresolved,,0
gpt_codex,GPT + Codex,GPT,Native,native,smart_seq,SMART-seq,pending,err_0002,T2,unsupported_completion,oligo_family,True,unresolved,unresolved,pending,unresolved,,0
gpt_codex,GPT + Codex,GPT,Native,native,smart_seq,SMART-seq,pending,err_0003,T2,missing_recoverable_information,oligo_family,True,unresolved,unresolved,pending,unresolved,,0
gpt_codex,GPT + Codex,GPT,Native,native,smart_seq,SMART-seq,pending,err_0004,T2,molecular_state_or_assembly_error,oligo_family,True,unresolved,unresolved,pending,unresolved,,0
gpt_codex,GPT + Codex,GPT,Native,native,smart_seq,SMART-seq,pending,err_0005,T2,molecular_state_or_assembly_error,oligo_family,True,unresolved,unresolved,pending,unresolved,,0
gpt_codex,GPT + Codex,GPT,Native,native,smart_seq,SMART-seq,pending,err_0006,T2,workflow_or_topology_error,oligo_family,True,unresolved,unresolved,pending,unresolved,,0
gpt_codex,GPT + Codex,GPT,Native,native,smart_seq,SMART-seq,pending,err_0007,T2,molecular_state_or_assembly_error,oligo_family,True,unresolved,unresolved,pending,unresolved,,0
gpt_codex,GPT + Codex,GPT,Native,native,smart_seq,SMART-seq,pending,err_0008,T3,molecular_state_or_assembly_error,state,True,unresolved,unresolved,pending,unresolved,,0
gpt_codex,GPT + Codex,GPT,Native,native,smart_seq,SMART-seq,pending,err_0009,T3,molecular_state_or_assembly_error,state,True,unresolved,unresolved,pending,unresolved,,0
gpt_codex,GPT + Codex,GPT,Native,native,smart_seq,SMART-seq,pending,err_0010,T3,molecular_state_or_assembly_error,state,True,unresolved,unresolved,pending,unresolved,,0
gpt_codex,GPT + Codex,GPT,Native,native,smart_seq,SMART-seq,pending,err_0011,T3,molecular_state_or_assembly_error,state,True,unresolved,unresolved,pending,unresolved,,0
gpt_codex,GPT + Codex,GPT,Native,native,smart_seq,SMART-seq,pending,err_0012,T3,molecular_state_or_assembly_error,state,True,unresolved,unresolved,pending,unresolved,,0
gpt_codex,GPT + Codex,GPT,Native,native,smart_seq,SMART-seq,pending,err_0013,T3,molecular_state_or_assembly_error,state,True,unresolved,unresolved,pending,unresolved,,0
gpt_codex,GPT + Codex,GPT,Native,native,smart_seq,SMART-seq,pending,err_0014,T3,workflow_or_topology_error,transition,True,unresolved,unresolved,pending,unresolved,,0
gpt_codex,GPT + Codex,GPT,Native,native,smart_seq,SMART-seq,pending,err_0015,T3,workflow_or_topology_error,transition,True,unresolved,unresolved,pending,unresolved,,0
gpt_codex,GPT + Codex,GPT,Native,native,smart_seq,SMART-seq,pending,err_0016,T3,operation_error,transition,True,unresolved,unresolved,pending,unresolved,,0
gpt_codex,GPT + Codex,GPT,Native,native,smart_seq,SMART-seq,pending,err_0017,T3,workflow_or_topology_error,transition,True,unresolved,unresolved,pending,unresolved,,0
gpt_codex,GPT + Codex,GPT,Native,native,smart_seq,SMART-seq,pending,err_0018,T3,operation_error,transition,True,unresolved,unresolved,pending,unresolved,,0
gpt_codex,GPT + Codex,GPT,Native,native,smart_seq,SMART-seq,pending,err_0019,T3,workflow_or_topology_error,transition,True,unresolved,unresolved,pending,unresolved,,0
gpt_codex,GPT + Codex,GPT,Native,native,smart_seq,SMART-seq,pending,err_0020,T3,workflow_or_topology_error,transition,True,unresolved,unresolved,pending,unresolved,,0
gpt_codex,GPT + Codex,GPT,Native,native,smart_seq,SMART-seq,pending,err_0021,T3,workflow_or_topology_error,transition,True,unresolved,unresolved,pending,unresolved,,0
gpt_codex,GPT + Codex,GPT,Native,native,smart_seq,SMART-seq,pending,err_0022,T3,workflow_or_topology_error,typed_edge,True,unresolved,unresolved,pending,unresolved,,0
gpt_codex,GPT + Codex,GPT,Native,native,smart_seq,SMART-seq,pending,err_0023,T3,workflow_or_topology_error,typed_edge,True,unresolved,unresolved,pending,unresolved,,0
gpt_codex,GPT + Codex,GPT,Native,native,smart_seq,SMART-seq,pending,err_0024,T3,workflow_or_topology_error,typed_edge,True,unresolved,unresolved,pending,unresolved,,0
gpt_codex,GPT + Codex,GPT,Native,native,smart_seq,SMART-seq,pending,err_0025,T3,workflow_or_topology_error,typed_edge,True,unresolved,unresolved,pending,unresolved,,0
gpt_codex,GPT + Codex,GPT,Native,native,smart_seq,SMART-seq,pending,err_0026,T3,workflow_or_topology_error,typed_edge,True,unresolved,unresolved,pending,unresolved,,0
gpt_codex,GPT + Codex,GPT,Native,native,smart_seq,SMART-seq,pending,err_0027,T3,workflow_or_topology_error,typed_edge,True,unresolved,unresolved,pending,unresolved,,0
gpt_codex,GPT + Codex,GPT,Native,native,smart_seq,SMART-seq,pending,err_0028,T3,workflow_or_topology_error,typed_edge,True,unresolved,unresolved,pending,unresolved,,0
gpt_codex,GPT + Codex,GPT,Native,native,smart_seq,SMART-seq,pending,err_0029,T3,workflow_or_topology_error,typed_edge,True,unresolved,unresolved,pending,unresolved,,0
gpt_codex,GPT + Codex,GPT,Native,native,smart_seq,SMART-seq,pending,err_0030,T3,workflow_or_topology_error,typed_edge,True,unresolved,unresolved,pending,unresolved,,0
gpt_codex,GPT + Codex,GPT,Native,native,smart_seq,SMART-seq,pending,err_0031,T3,workflow_or_topology_error,typed_edge,True,unresolved,unresolved,pending,unresolved,,0
gpt_codex,GPT + Codex,GPT,Native,native,smart_seq,SMART-seq,pending,err_0032,T3,workflow_or_topology_error,typed_edge,True,unresolved,unresolved,pending,unresolved,,0
claude_code,Claude + Claude Code,Claude,Native,native,10x_chromium_3_gene_expression_v4,10x 3' GEX v4,pending,err_0001,T2,unsupported_completion,oligo_family,True,unresolved,unresolved,pending,unresolved,,0
claude_code,Claude + Claude Code,Claude,Native,native,10x_chromium_3_gene_expression_v4,10x 3' GEX v4,pending,err_0002,T2,unsupported_completion,oligo_family,True,unresolved,unresolved,pending,unresolved,,0
claude_code,Claude + Claude Code,Claude,Native,native,10x_chromium_3_gene_expression_v4,10x 3' GEX v4,pending,err_0003,T2,unsupported_completion,oligo_family,True,unresolved,unresolved,pending,unresolved,,0
claude_code,Claude + Claude Code,Claude,Native,native,10x_chromium_3_gene_expression_v4,10x 3' GEX v4,pending,err_0004,T2,unsupported_completion,oligo_family,True,unresolved,unresolved,pending,unresolved,,0
claude_code,Claude + Claude Code,Claude,Native,native,10x_chromium_3_gene_expression_v4,10x 3' GEX v4,pending,err_0005,T2,molecular_state_or_assembly_error,oligo_family,True,unresolved,unresolved,pending,unresolved,,0
claude_code,Claude + Claude Code,Claude,Native,native,10x_chromium_3_gene_expression_v4,10x 3' GEX v4,pending,err_0006,T2,workflow_or_topology_error,oligo_family,True,unresolved,unresolved,pending,unresolved,,0
claude_code,Claude + Claude Code,Claude,Native,native,10x_chromium_3_gene_expression_v4,10x 3' GEX v4,pending,err_0007,T2,molecular_state_or_assembly_error,oligo_family,True,unresolved,unresolved,pending,unresolved,,0
claude_code,Claude + Claude Code,Claude,Native,native,10x_chromium_3_gene_expression_v4,10x 3' GEX v4,pending,err_0008,T2,workflow_or_topology_error,oligo_family,True,unresolved,unresolved,pending,unresolved,,0
claude_code,Claude + Claude Code,Claude,Native,native,10x_chromium_3_gene_expression_v4,10x 3' GEX v4,pending,err_0009,T2,molecular_state_or_assembly_error,oligo_family,True,unresolved,unresolved,pending,unresolved,,0
claude_code,Claude + Claude Code,Claude,Native,native,10x_chromium_3_gene_expression_v4,10x 3' GEX v4,pending,err_0010,T2,workflow_or_topology_error,oligo_family,True,unresolved,unresolved,pending,unresolved,,0
claude_code,Claude + Claude Code,Claude,Native,native,10x_chromium_3_gene_expression_v4,10x 3' GEX v4,pending,err_0011,T3,unsupported_completion,state,True,unresolved,unresolved,pending,unresolved,,0
claude_code,Claude + Claude Code,Claude,Native,native,10x_chromium_3_gene_expression_v4,10x 3' GEX v4,pending,err_0012,T3,unsupported_completion,transition,True,unresolved,unresolved,pending,unresolved,,0
claude_code,Claude + Claude Code,Claude,Native,native,10x_chromium_3_gene_expression_v4,10x 3' GEX v4,pending,err_0013,T3,molecular_state_or_assembly_error,state,True,unresolved,unresolved,pending,unresolved,,0
claude_code,Claude + Claude Code,Claude,Native,native,10x_chromium_3_gene_expression_v4,10x 3' GEX v4,pending,err_0014,T3,molecular_state_or_assembly_error,state,True,unresolved,unresolved,pending,unresolved,,0
claude_code,Claude + Claude Code,Claude,Native,native,10x_chromium_3_gene_expression_v4,10x 3' GEX v4,pending,err_0015,T3,molecular_state_or_assembly_error,state,True,unresolved,unresolved,pending,unresolved,,0
claude_code,Claude + Claude Code,Claude,Native,native,10x_chromium_3_gene_expression_v4,10x 3' GEX v4,pending,err_0016,T3,molecular_state_or_assembly_error,state,True,unresolved,unresolved,pending,unresolved,,0
claude_code,Claude + Claude Code,Claude,Native,native,10x_chromium_3_gene_expression_v4,10x 3' GEX v4,pending,err_0017,T3,molecular_state_or_assembly_error,state,True,unresolved,unresolved,pending,unresolved,,0
claude_code,Claude + Claude Code,Claude,Native,native,10x_chromium_3_gene_expression_v4,10x 3' GEX v4,pending,err_0018,T3,molecular_state_or_assembly_error,state,True,unresolved,unresolved,pending,unresolved,,0
claude_code,Claude + Claude Code,Claude,Native,native,10x_chromium_3_gene_expression_v4,10x 3' GEX v4,pending,err_0019,T3,workflow_or_topology_error,transition,True,unresolved,unresolved,pending,unresolved,,0
claude_code,Claude + Claude Code,Claude,Native,native,10x_chromium_3_gene_expression_v4,10x 3' GEX v4,pending,err_0020,T3,workflow_or_topology_error,transition,True,unresolved,unresolved,pending,unresolved,,0
claude_code,Claude + Claude Code,Claude,Native,native,10x_chromium_3_gene_expression_v4,10x 3' GEX v4,pending,err_0021,T3,workflow_or_topology_error,transition,True,unresolved,unresolved,pending,unresolved,,0
claude_code,Claude + Claude Code,Claude,Native,native,10x_chromium_3_gene_expression_v4,10x 3' GEX v4,pending,err_0022,T3,workflow_or_topology_error,typed_edge,True,unresolved,unresolved,pending,unresolved,,0
claude_code,Claude + Claude Code,Claude,Native,native,10x_chromium_3_gene_expression_v4,10x 3' GEX v4,pending,err_0023,T3,workflow_or_topology_error,typed_edge,True,unresolved,unresolved,pending,unresolved,,0
claude_code,Claude + Claude Code,Claude,Native,native,10x_chromium_3_gene_expression_v4,10x 3' GEX v4,pending,err_0024,T3,workflow_or_topology_error,typed_edge,True,unresolved,unresolved,pending,unresolved,,0
claude_code,Claude + Claude Code,Claude,Native,native,10x_chromium_3_gene_expression_v4,10x 3' GEX v4,pending,err_0025,T3,workflow_or_topology_error,typed_edge,True,unresolved,unresolved,pending,unresolved,,0
claude_code,Claude + Claude Code,Claude,Native,native,ddseq_single_cell_3_rna_seq_kit,ddSEQ 3' RNA,pending,err_0001,T2,unsupported_completion,oligo_family,True,unresolved,unresolved,pending,unresolved,,0
claude_code,Claude + Claude Code,Claude,Native,native,ddseq_single_cell_3_rna_seq_kit,ddSEQ 3' RNA,pending,err_0002,T2,unsupported_completion,oligo_family,True,unresolved,unresolved,pending,unresolved,,0
claude_code,Claude + Claude Code,Claude,Native,native,ddseq_single_cell_3_rna_seq_kit,ddSEQ 3' RNA,pending,err_0003,T2,unsupported_completion,oligo_family,True,unresolved,unresolved,pending,unresolved,,0
claude_code,Claude + Claude Code,Claude,Native,native,ddseq_single_cell_3_rna_seq_kit,ddSEQ 3' RNA,pending,err_0004,T2,unsupported_completion,oligo_family,True,unresolved,unresolved,pending,unresolved,,0
claude_code,Claude + Claude Code,Claude,Native,native,ddseq_single_cell_3_rna_seq_kit,ddSEQ 3' RNA,pending,err_0005,T2,unsupported_completion,oligo_family,True,unresolved,unresolved,pending,unresolved,,0
claude_code,Claude + Claude Code,Claude,Native,native,ddseq_single_cell_3_rna_seq_kit,ddSEQ 3' RNA,pending,err_0006,T2,unsupported_completion,oligo_family,True,unresolved,unresolved,pending,unresolved,,0
claude_code,Claude + Claude Code,Claude,Native,native,ddseq_single_cell_3_rna_seq_kit,ddSEQ 3' RNA,pending,err_0007,T2,unsupported_completion,oligo_family,True,unresolved,unresolved,pending,unresolved,,0
claude_code,Claude + Claude Code,Claude,Native,native,ddseq_single_cell_3_rna_seq_kit,ddSEQ 3' RNA,pending,err_0008,T3,molecular_state_or_assembly_error,state,True,unresolved,unresolved,pending,unresolved,,0
claude_code,Claude + Claude Code,Claude,Native,native,ddseq_single_cell_3_rna_seq_kit,ddSEQ 3' RNA,pending,err_0009,T3,molecular_state_or_assembly_error,state,True,unresolved,unresolved,pending,unresolved,,0
claude_code,Claude + Claude Code,Claude,Native,native,ddseq_single_cell_3_rna_seq_kit,ddSEQ 3' RNA,pending,err_0010,T3,molecular_state_or_assembly_error,state,True,unresolved,unresolved,pending,unresolved,,0
claude_code,Claude + Claude Code,Claude,Native,native,ddseq_single_cell_3_rna_seq_kit,ddSEQ 3' RNA,pending,err_0011,T3,workflow_or_topology_error,transition,True,unresolved,unresolved,pending,unresolved,,0
claude_code,Claude + Claude Code,Claude,Native,native,ddseq_single_cell_3_rna_seq_kit,ddSEQ 3' RNA,pending,err_0012,T3,workflow_or_topology_error,transition,True,unresolved,unresolved,pending,unresolved,,0
claude_code,Claude + Claude Code,Claude,Native,native,ddseq_single_cell_3_rna_seq_kit,ddSEQ 3' RNA,pending,err_0013,T3,workflow_or_topology_error,transition,True,unresolved,unresolved,pending,unresolved,,0
claude_code,Claude + Claude Code,Claude,Native,native,ddseq_single_cell_3_rna_seq_kit,ddSEQ 3' RNA,pending,err_0014,T3,workflow_or_topology_error,transition,True,unresolved,unresolved,pending,unresolved,,0
claude_code,Claude + Claude Code,Claude,Native,native,ddseq_single_cell_3_rna_seq_kit,ddSEQ 3' RNA,pending,err_0015,T3,workflow_or_topology_error,transition,True,unresolved,unresolved,pending,unresolved,,0
claude_code,Claude + Claude Code,Claude,Native,native,ddseq_single_cell_3_rna_seq_kit,ddSEQ 3' RNA,pending,err_0016,T3,workflow_or_topology_error,transition,True,unresolved,unresolved,pending,unresolved,,0
claude_code,Claude + Claude Code,Claude,Native,native,dr_seq,DR-seq,pending,err_0001,T2,unsupported_completion,oligo_family,True,unresolved,unresolved,pending,unresolved,,0
claude_code,Claude + Claude Code,Claude,Native,native,dr_seq,DR-seq,pending,err_0002,T2,unsupported_completion,oligo_family,True,unresolved,unresolved,pending,unresolved,,0
claude_code,Claude + Claude Code,Claude,Native,native,dr_seq,DR-seq,pending,err_0003,T2,unsupported_completion,oligo_family,True,unresolved,unresolved,pending,unresolved,,0
claude_code,Claude + Claude Code,Claude,Native,native,dr_seq,DR-seq,pending,err_0004,T2,unsupported_completion,oligo_family,True,unresolved,unresolved,pending,unresolved,,0
claude_code,Claude + Claude Code,Claude,Native,native,dr_seq,DR-seq,pending,err_0005,T2,unsupported_completion,oligo_family,True,unresolved,unresolved,pending,unresolved,,0
claude_code,Claude + Claude Code,Claude,Native,native,dr_seq,DR-seq,pending,err_0006,T2,unsupported_completion,oligo_family,True,unresolved,unresolved,pending,unresolved,,0
claude_code,Claude + Claude Code,Claude,Native,native,dr_seq,DR-seq,pending,err_0007,T2,unsupported_completion,oligo_family,True,unresolved,unresolved,pending,unresolved,,0
claude_code,Claude + Claude Code,Claude,Native,native,dr_seq,DR-seq,pending,err_0008,T2,unsupported_completion,oligo_family,True,unresolved,unresolved,pending,unresolved,,0
claude_code,Claude + Claude Code,Claude,Native,native,dr_seq,DR-seq,pending,err_0009,T2,unsupported_completion,oligo_family,True,unresolved,unresolved,pending,unresolved,,0
claude_code,Claude + Claude Code,Claude,Native,native,dr_seq,DR-seq,pending,err_0010,T2,workflow_or_topology_error,oligo_family,True,unresolved,unresolved,pending,unresolved,,0
claude_code,Claude + Claude Code,Claude,Native,native,dr_seq,DR-seq,pending,err_0011,T3,unsupported_completion,state,True,unresolved,unresolved,pending,unresolved,,0
claude_code,Claude + Claude Code,Claude,Native,native,dr_seq,DR-seq,pending,err_0012,T3,unsupported_completion,state,True,unresolved,unresolved,pending,unresolved,,0
claude_code,Claude + Claude Code,Claude,Native,native,dr_seq,DR-seq,pending,err_0013,T3,unsupported_completion,state,True,unresolved,unresolved,pending,unresolved,,0
claude_code,Claude + Claude Code,Claude,Native,native,dr_seq,DR-seq,pending,err_0014,T3,unsupported_completion,state,True,unresolved,unresolved,pending,unresolved,,0
claude_code,Claude + Claude Code,Claude,Native,native,dr_seq,DR-seq,pending,err_0015,T3,unsupported_completion,state,True,unresolved,unresolved,pending,unresolved,,0
claude_code,Claude + Claude Code,Claude,Native,native,dr_seq,DR-seq,pending,err_0016,T3,unsupported_completion,state,True,unresolved,unresolved,pending,unresolved,,0
claude_code,Claude + Claude Code,Claude,Native,native,dr_seq,DR-seq,pending,err_0017,T3,unsupported_completion,transition,True,unresolved,unresolved,pending,unresolved,,0
claude_code,Claude + Claude Code,Claude,Native,native,dr_seq,DR-seq,pending,err_0018,T3,unsupported_completion,transition,True,unresolved,unresolved,pending,unresolved,,0
claude_code,Claude + Claude Code,Claude,Native,native,dr_seq,DR-seq,pending,err_0019,T3,unsupported_completion,transition,True,unresolved,unresolved,pending,unresolved,,0
claude_code,Claude + Claude Code,Claude,Native,native,dr_seq,DR-seq,pending,err_0020,T3,workflow_or_topology_error,terminal_output,True,unresolved,unresolved,pending,unresolved,,0
claude_code,Claude + Claude Code,Claude,Native,native,dr_seq,DR-seq,pending,err_0021,T3,workflow_or_topology_error,terminal_output,True,unresolved,unresolved,pending,unresolved,,0
claude_code,Claude + Claude Code,Claude,Native,native,dr_seq,DR-seq,pending,err_0022,T3,molecular_state_or_assembly_error,state,True,unresolved,unresolved,pending,unresolved,,0
claude_code,Claude + Claude Code,Claude,Native,native,dr_seq,DR-seq,pending,err_0023,T3,molecular_state_or_assembly_error,state,True,unresolved,unresolved,pending,unresolved,,0
claude_code,Claude + Claude Code,Claude,Native,native,dr_seq,DR-seq,pending,err_0024,T3,molecular_state_or_assembly_error,state,True,unresolved,unresolved,pending,unresolved,,0
claude_code,Claude + Claude Code,Claude,Native,native,dr_seq,DR-seq,pending,err_0025,T3,molecular_state_or_assembly_error,state,True,unresolved,unresolved,pending,unresolved,,0
claude_code,Claude + Claude Code,Claude,Native,native,dr_seq,DR-seq,pending,err_0026,T3,molecular_state_or_assembly_error,state,True,unresolved,unresolved,pending,unresolved,,0
claude_code,Claude + Claude Code,Claude,Native,native,dr_seq,DR-seq,pending,err_0027,T3,molecular_state_or_assembly_error,state,True,unresolved,unresolved,pending,unresolved,,0
claude_code,Claude + Claude Code,Claude,Native,native,dr_seq,DR-seq,pending,err_0028,T3,molecular_state_or_assembly_error,state,True,unresolved,unresolved,pending,unresolved,,0
claude_code,Claude + Claude Code,Claude,Native,native,dr_seq,DR-seq,pending,err_0029,T3,molecular_state_or_assembly_error,state,True,unresolved,unresolved,pending,unresolved,,0
claude_code,Claude + Claude Code,Claude,Native,native,dr_seq,DR-seq,pending,err_0030,T3,molecular_state_or_assembly_error,state,True,unresolved,unresolved,pending,unresolved,,0
claude_code,Claude + Claude Code,Claude,Native,native,dr_seq,DR-seq,pending,err_0031,T3,molecular_state_or_assembly_error,state,True,unresolved,unresolved,pending,unresolved,,0
claude_code,Claude + Claude Code,Claude,Native,native,dr_seq,DR-seq,pending,err_0032,T3,molecular_state_or_assembly_error,state,True,unresolved,unresolved,pending,unresolved,,0
claude_code,Claude + Claude Code,Claude,Native,native,dr_seq,DR-seq,pending,err_0033,T3,molecular_state_or_assembly_error,state,True,unresolved,unresolved,pending,unresolved,,0
claude_code,Claude + Claude Code,Claude,Native,native,dr_seq,DR-seq,pending,err_0034,T3,molecular_state_or_assembly_error,state,True,unresolved,unresolved,pending,unresolved,,0
claude_code,Claude + Claude Code,Claude,Native,native,dr_seq,DR-seq,pending,err_0035,T3,molecular_state_or_assembly_error,state,True,unresolved,unresolved,pending,unresolved,,0
claude_code,Claude + Claude Code,Claude,Native,native,dr_seq,DR-seq,pending,err_0036,T3,workflow_or_topology_error,transition,True,unresolved,unresolved,pending,unresolved,,0
claude_code,Claude + Claude Code,Claude,Native,native,dr_seq,DR-seq,pending,err_0037,T3,operation_error,transition,True,unresolved,unresolved,pending,unresolved,,0
claude_code,Claude + Claude Code,Claude,Native,native,dr_seq,DR-seq,pending,err_0038,T3,workflow_or_topology_error,transition,True,unresolved,unresolved,pending,unresolved,,0
claude_code,Claude + Claude Code,Claude,Native,native,dr_seq,DR-seq,pending,err_0039,T3,workflow_or_topology_error,transition,True,unresolved,unresolved,pending,unresolved,,0
claude_code,Claude + Claude Code,Claude,Native,native,dr_seq,DR-seq,pending,err_0040,T3,workflow_or_topology_error,transition,True,unresolved,unresolved,pending,unresolved,,0
claude_code,Claude + Claude Code,Claude,Native,native,dr_seq,DR-seq,pending,err_0041,T3,operation_error,transition,True,unresolved,unresolved,pending,unresolved,,0
claude_code,Claude + Claude Code,Claude,Native,native,dr_seq,DR-seq,pending,err_0042,T3,workflow_or_topology_error,transition,True,unresolved,unresolved,pending,unresolved,,0
claude_code,Claude + Claude Code,Claude,Native,native,dr_seq,DR-seq,pending,err_0043,T3,workflow_or_topology_error,transition,True,unresolved,unresolved,pending,unresolved,,0
claude_code,Claude + Claude Code,Claude,Native,native,dr_seq,DR-seq,pending,err_0044,T3,workflow_or_topology_error,transition,True,unresolved,unresolved,pending,unresolved,,0
claude_code,Claude + Claude Code,Claude,Native,native,dr_seq,DR-seq,pending,err_0045,T3,operation_error,transition,True,unresolved,unresolved,pending,unresolved,,0
claude_code,Claude + Claude Code,Claude,Native,native,dr_seq,DR-seq,pending,err_0046,T3,workflow_or_topology_error,transition,True,unresolved,unresolved,pending,unresolved,,0
claude_code,Claude + Claude Code,Claude,Native,native,dr_seq,DR-seq,pending,err_0047,T3,workflow_or_topology_error,typed_edge,True,unresolved,unresolved,pending,unresolved,,0
claude_code,Claude + Claude Code,Claude,Native,native,dr_seq,DR-seq,pending,err_0048,T3,workflow_or_topology_error,typed_edge,True,unresolved,unresolved,pending,unresolved,,0
claude_code,Claude + Claude Code,Claude,Native,native,dr_seq,DR-seq,pending,err_0049,T3,workflow_or_topology_error,typed_edge,True,unresolved,unresolved,pending,unresolved,,0
claude_code,Claude + Claude Code,Claude,Native,native,dr_seq,DR-seq,pending,err_0050,T3,workflow_or_topology_error,typed_edge,True,unresolved,unresolved,pending,unresolved,,0
claude_code,Claude + Claude Code,Claude,Native,native,dr_seq,DR-seq,pending,err_0051,T3,workflow_or_topology_error,typed_edge,True,unresolved,unresolved,pending,unresolved,,0
claude_code,Claude + Claude Code,Claude,Native,native,dr_seq,DR-seq,pending,err_0052,T3,workflow_or_topology_error,typed_edge,True,unresolved,unresolved,pending,unresolved,,0
claude_code,Claude + Claude Code,Claude,Native,native,dr_seq,DR-seq,pending,err_0053,T3,workflow_or_topology_error,typed_edge,True,unresolved,unresolved,pending,unresolved,,0
claude_code,Claude + Claude Code,Claude,Native,native,dr_seq,DR-seq,pending,err_0054,T3,workflow_or_topology_error,typed_edge,True,unresolved,unresolved,pending,unresolved,,0
claude_code,Claude + Claude Code,Claude,Native,native,dr_seq,DR-seq,pending,err_0055,T3,workflow_or_topology_error,typed_edge,True,unresolved,unresolved,pending,unresolved,,0
claude_code,Claude + Claude Code,Claude,Native,native,dr_seq,DR-seq,pending,err_0056,T3,workflow_or_topology_error,typed_edge,True,unresolved,unresolved,pending,unresolved,,0
claude_code,Claude + Claude Code,Claude,Native,native,dr_seq,DR-seq,pending,err_0057,T3,workflow_or_topology_error,typed_edge,True,unresolved,unresolved,pending,unresolved,,0
claude_code,Claude + Claude Code,Claude,Native,native,dr_seq,DR-seq,pending,err_0058,T3,workflow_or_topology_error,typed_edge,True,unresolved,unresolved,pending,unresolved,,0
claude_code,Claude + Claude Code,Claude,Native,native,dr_seq,DR-seq,pending,err_0059,T3,workflow_or_topology_error,typed_edge,True,unresolved,unresolved,pending,unresolved,,0
claude_code,Claude + Claude Code,Claude,Native,native,dr_seq,DR-seq,pending,err_0060,T3,workflow_or_topology_error,typed_edge,True,unresolved,unresolved,pending,unresolved,,0
claude_code,Claude + Claude Code,Claude,Native,native,dr_seq,DR-seq,pending,err_0061,T3,workflow_or_topology_error,typed_edge,True,unresolved,unresolved,pending,unresolved,,0
claude_code,Claude + Claude Code,Claude,Native,native,dr_seq,DR-seq,pending,err_0062,T3,workflow_or_topology_error,typed_edge,True,unresolved,unresolved,pending,unresolved,,0
claude_code,Claude + Claude Code,Claude,Native,native,dr_seq,DR-seq,pending,err_0063,T3,workflow_or_topology_error,typed_edge,True,unresolved,unresolved,pending,unresolved,,0
claude_code,Claude + Claude Code,Claude,Native,native,dr_seq,DR-seq,pending,err_0064,T3,workflow_or_topology_error,typed_edge,True,unresolved,unresolved,pending,unresolved,,0
claude_code,Claude + Claude Code,Claude,Native,native,dr_seq,DR-seq,pending,err_0065,T3,workflow_or_topology_error,typed_edge,True,unresolved,unresolved,pending,unresolved,,0
claude_code,Claude + Claude Code,Claude,Native,native,dr_seq,DR-seq,pending,err_0066,T3,workflow_or_topology_error,typed_edge,True,unresolved,unresolved,pending,unresolved,,0
claude_code,Claude + Claude Code,Claude,Native,native,dr_seq,DR-seq,pending,err_0067,T3,workflow_or_topology_error,typed_edge,True,unresolved,unresolved,pending,unresolved,,0
claude_code,Claude + Claude Code,Claude,Native,native,dr_seq,DR-seq,pending,err_0068,T3,workflow_or_topology_error,typed_edge,True,unresolved,unresolved,pending,unresolved,,0
claude_code,Claude + Claude Code,Claude,Native,native,dr_seq,DR-seq,pending,err_0069,T3,workflow_or_topology_error,typed_edge,True,unresolved,unresolved,pending,unresolved,,0
claude_code,Claude + Claude Code,Claude,Native,native,dr_seq,DR-seq,pending,err_0070,T3,workflow_or_topology_error,typed_edge,True,unresolved,unresolved,pending,unresolved,,0
claude_code,Claude + Claude Code,Claude,Native,native,dr_seq,DR-seq,pending,err_0071,T3,workflow_or_topology_error,typed_edge,True,unresolved,unresolved,pending,unresolved,,0
claude_code,Claude + Claude Code,Claude,Native,native,dr_seq,DR-seq,pending,err_0072,T3,workflow_or_topology_error,typed_edge,True,unresolved,unresolved,pending,unresolved,,0
claude_code,Claude + Claude Code,Claude,Native,native,dr_seq,DR-seq,pending,err_0073,T3,workflow_or_topology_error,typed_edge,True,unresolved,unresolved,pending,unresolved,,0
claude_code,Claude + Claude Code,Claude,Native,native,dr_seq,DR-seq,pending,err_0074,T3,workflow_or_topology_error,typed_edge,True,unresolved,unresolved,pending,unresolved,,0
claude_code,Claude + Claude Code,Claude,Native,native,dr_seq,DR-seq,pending,err_0075,T3,workflow_or_topology_error,typed_edge,True,unresolved,unresolved,pending,unresolved,,0
claude_code,Claude + Claude Code,Claude,Native,native,dr_seq,DR-seq,pending,err_0076,T3,workflow_or_topology_error,typed_edge,True,unresolved,unresolved,pending,unresolved,,0
claude_code,Claude + Claude Code,Claude,Native,native,dr_seq,DR-seq,pending,err_0077,T3,workflow_or_topology_error,typed_edge,True,unresolved,unresolved,pending,unresolved,,0
claude_code,Claude + Claude Code,Claude,Native,native,indrop_v1,inDrop v1,pending,err_0001,T2,unsupported_completion,oligo_family,True,unresolved,unresolved,pending,unresolved,,0
claude_code,Claude + Claude Code,Claude,Native,native,indrop_v1,inDrop v1,pending,err_0002,T2,unsupported_completion,oligo_family,True,unresolved,unresolved,pending,unresolved,,0
claude_code,Claude + Claude Code,Claude,Native,native,indrop_v1,inDrop v1,pending,err_0003,T2,unsupported_completion,oligo_family,True,unresolved,unresolved,pending,unresolved,,0
claude_code,Claude + Claude Code,Claude,Native,native,indrop_v1,inDrop v1,pending,err_0004,T2,unsupported_completion,oligo_family,True,unresolved,unresolved,pending,unresolved,,0
claude_code,Claude + Claude Code,Claude,Native,native,indrop_v1,inDrop v1,pending,err_0005,T2,missing_recoverable_information,oligo_family,True,unresolved,unresolved,pending,unresolved,,0
claude_code,Claude + Claude Code,Claude,Native,native,indrop_v1,inDrop v1,pending,err_0006,T2,molecular_state_or_assembly_error,oligo_family,True,unresolved,unresolved,pending,unresolved,,0
claude_code,Claude + Claude Code,Claude,Native,native,indrop_v1,inDrop v1,pending,err_0007,T2,molecular_state_or_assembly_error,oligo_family,True,unresolved,unresolved,pending,unresolved,,0
claude_code,Claude + Claude Code,Claude,Native,native,indrop_v1,inDrop v1,pending,err_0008,T2,workflow_or_topology_error,oligo_family,True,unresolved,unresolved,pending,unresolved,,0
claude_code,Claude + Claude Code,Claude,Native,native,indrop_v1,inDrop v1,pending,err_0009,T2,missing_recoverable_information,oligo_family,True,unresolved,unresolved,pending,unresolved,,0
claude_code,Claude + Claude Code,Claude,Native,native,indrop_v1,inDrop v1,pending,err_0010,T2,workflow_or_topology_error,oligo_family,True,unresolved,unresolved,pending,unresolved,,0
claude_code,Claude + Claude Code,Claude,Native,native,indrop_v1,inDrop v1,pending,err_0011,T2,missing_recoverable_information,oligo_family,True,unresolved,unresolved,pending,unresolved,,0
claude_code,Claude + Claude Code,Claude,Native,native,indrop_v1,inDrop v1,pending,err_0012,T2,workflow_or_topology_error,oligo_family,True,unresolved,unresolved,pending,unresolved,,0
claude_code,Claude + Claude Code,Claude,Native,native,indrop_v1,inDrop v1,pending,err_0013,T2,workflow_or_topology_error,oligo_family,True,unresolved,unresolved,pending,unresolved,,0
claude_code,Claude + Claude Code,Claude,Native,native,indrop_v1,inDrop v1,pending,err_0014,T2,molecular_state_or_assembly_error,oligo_family,True,unresolved,unresolved,pending,unresolved,,0
claude_code,Claude + Claude Code,Claude,Native,native,indrop_v1,inDrop v1,pending,err_0015,T2,molecular_state_or_assembly_error,oligo_family,True,unresolved,unresolved,pending,unresolved,,0
claude_code,Claude + Claude Code,Claude,Native,native,indrop_v1,inDrop v1,pending,err_0016,T3,unsupported_completion,state,True,unresolved,unresolved,pending,unresolved,,0
claude_code,Claude + Claude Code,Claude,Native,native,indrop_v1,inDrop v1,pending,err_0017,T3,unsupported_completion,state,True,unresolved,unresolved,pending,unresolved,,0
claude_code,Claude + Claude Code,Claude,Native,native,indrop_v1,inDrop v1,pending,err_0018,T3,unsupported_completion,state,True,unresolved,unresolved,pending,unresolved,,0
claude_code,Claude + Claude Code,Claude,Native,native,indrop_v1,inDrop v1,pending,err_0019,T3,unsupported_completion,state,True,unresolved,unresolved,pending,unresolved,,0
claude_code,Claude + Claude Code,Claude,Native,native,indrop_v1,inDrop v1,pending,err_0020,T3,unsupported_completion,state,True,unresolved,unresolved,pending,unresolved,,0
claude_code,Claude + Claude Code,Claude,Native,native,indrop_v1,inDrop v1,pending,err_0021,T3,unsupported_completion,state,True,unresolved,unresolved,pending,unresolved,,0
claude_code,Claude + Claude Code,Claude,Native,native,indrop_v1,inDrop v1,pending,err_0022,T3,unsupported_completion,state,True,unresolved,unresolved,pending,unresolved,,0
claude_code,Claude + Claude Code,Claude,Native,native,indrop_v1,inDrop v1,pending,err_0023,T3,unsupported_completion,transition,True,unresolved,unresolved,pending,unresolved,,0
claude_code,Claude + Claude Code,Claude,Native,native,indrop_v1,inDrop v1,pending,err_0024,T3,unsupported_completion,transition,True,unresolved,unresolved,pending,unresolved,,0
claude_code,Claude + Claude Code,Claude,Native,native,indrop_v1,inDrop v1,pending,err_0025,T3,unsupported_completion,transition,True,unresolved,unresolved,pending,unresolved,,0
claude_code,Claude + Claude Code,Claude,Native,native,indrop_v1,inDrop v1,pending,err_0026,T3,unsupported_completion,transition,True,unresolved,unresolved,pending,unresolved,,0
claude_code,Claude + Claude Code,Claude,Native,native,indrop_v1,inDrop v1,pending,err_0027,T3,unsupported_completion,transition,True,unresolved,unresolved,pending,unresolved,,0
claude_code,Claude + Claude Code,Claude,Native,native,indrop_v1,inDrop v1,pending,err_0028,T3,unsupported_completion,transition,True,unresolved,unresolved,pending,unresolved,,0
claude_code,Claude + Claude Code,Claude,Native,native,indrop_v1,inDrop v1,pending,err_0029,T3,molecular_state_or_assembly_error,state,True,unresolved,unresolved,pending,unresolved,,0
claude_code,Claude + Claude Code,Claude,Native,native,indrop_v1,inDrop v1,pending,err_0030,T3,molecular_state_or_assembly_error,state,True,unresolved,unresolved,pending,unresolved,,0
claude_code,Claude + Claude Code,Claude,Native,native,indrop_v1,inDrop v1,pending,err_0031,T3,molecular_state_or_assembly_error,state,True,unresolved,unresolved,pending,unresolved,,0
claude_code,Claude + Claude Code,Claude,Native,native,indrop_v1,inDrop v1,pending,err_0032,T3,molecular_state_or_assembly_error,state,True,unresolved,unresolved,pending,unresolved,,0
claude_code,Claude + Claude Code,Claude,Native,native,indrop_v1,inDrop v1,pending,err_0033,T3,molecular_state_or_assembly_error,state,True,unresolved,unresolved,pending,unresolved,,0
claude_code,Claude + Claude Code,Claude,Native,native,indrop_v1,inDrop v1,pending,err_0034,T3,molecular_state_or_assembly_error,state,True,unresolved,unresolved,pending,unresolved,,0
claude_code,Claude + Claude Code,Claude,Native,native,indrop_v1,inDrop v1,pending,err_0035,T3,molecular_state_or_assembly_error,state,True,unresolved,unresolved,pending,unresolved,,0
claude_code,Claude + Claude Code,Claude,Native,native,indrop_v1,inDrop v1,pending,err_0036,T3,workflow_or_topology_error,transition,True,unresolved,unresolved,pending,unresolved,,0
claude_code,Claude + Claude Code,Claude,Native,native,indrop_v1,inDrop v1,pending,err_0037,T3,workflow_or_topology_error,transition,True,unresolved,unresolved,pending,unresolved,,0
claude_code,Claude + Claude Code,Claude,Native,native,indrop_v1,inDrop v1,pending,err_0038,T3,workflow_or_topology_error,transition,True,unresolved,unresolved,pending,unresolved,,0
claude_code,Claude + Claude Code,Claude,Native,native,indrop_v1,inDrop v1,pending,err_0039,T3,workflow_or_topology_error,transition,True,unresolved,unresolved,pending,unresolved,,0
claude_code,Claude + Claude Code,Claude,Native,native,indrop_v1,inDrop v1,pending,err_0040,T3,workflow_or_topology_error,typed_edge,True,unresolved,unresolved,pending,unresolved,,0
claude_code,Claude + Claude Code,Claude,Native,native,indrop_v1,inDrop v1,pending,err_0041,T3,workflow_or_topology_error,typed_edge,True,unresolved,unresolved,pending,unresolved,,0
claude_code,Claude + Claude Code,Claude,Native,native,indrop_v1,inDrop v1,pending,err_0042,T3,workflow_or_topology_error,typed_edge,True,unresolved,unresolved,pending,unresolved,,0
claude_code,Claude + Claude Code,Claude,Native,native,indrop_v1,inDrop v1,pending,err_0043,T3,workflow_or_topology_error,typed_edge,True,unresolved,unresolved,pending,unresolved,,0
claude_code,Claude + Claude Code,Claude,Native,native,indrop_v1,inDrop v1,pending,err_0044,T3,workflow_or_topology_error,typed_edge,True,unresolved,unresolved,pending,unresolved,,0
claude_code,Claude + Claude Code,Claude,Native,native,indrop_v1,inDrop v1,pending,err_0045,T3,workflow_or_topology_error,typed_edge,True,unresolved,unresolved,pending,unresolved,,0
claude_code,Claude + Claude Code,Claude,Native,native,indrop_v1,inDrop v1,pending,err_0046,T3,workflow_or_topology_error,typed_edge,True,unresolved,unresolved,pending,unresolved,,0
claude_code,Claude + Claude Code,Claude,Native,native,indrop_v1,inDrop v1,pending,err_0047,T3,workflow_or_topology_error,typed_edge,True,unresolved,unresolved,pending,unresolved,,0
claude_code,Claude + Claude Code,Claude,Native,native,indrop_v1,inDrop v1,pending,err_0048,T3,workflow_or_topology_error,typed_edge,True,unresolved,unresolved,pending,unresolved,,0
claude_code,Claude + Claude Code,Claude,Native,native,indrop_v1,inDrop v1,pending,err_0049,T3,workflow_or_topology_error,typed_edge,True,unresolved,unresolved,pending,unresolved,,0
claude_code,Claude + Claude Code,Claude,Native,native,indrop_v1,inDrop v1,pending,err_0050,T3,workflow_or_topology_error,typed_edge,True,unresolved,unresolved,pending,unresolved,,0
claude_code,Claude + Claude Code,Claude,Native,native,indrop_v1,inDrop v1,pending,err_0051,T3,workflow_or_topology_error,typed_edge,True,unresolved,unresolved,pending,unresolved,,0
claude_code,Claude + Claude Code,Claude,Native,native,indrop_v1,inDrop v1,pending,err_0052,T3,workflow_or_topology_error,typed_edge,True,unresolved,unresolved,pending,unresolved,,0
claude_code,Claude + Claude Code,Claude,Native,native,indrop_v1,inDrop v1,pending,err_0053,T3,workflow_or_topology_error,typed_edge,True,unresolved,unresolved,pending,unresolved,,0
claude_code,Claude + Claude Code,Claude,Native,native,indrop_v1,inDrop v1,pending,err_0054,T3,workflow_or_topology_error,typed_edge,True,unresolved,unresolved,pending,unresolved,,0
claude_code,Claude + Claude Code,Claude,Native,native,indrop_v1,inDrop v1,pending,err_0055,T3,workflow_or_topology_error,typed_edge,True,unresolved,unresolved,pending,unresolved,,0
claude_code,Claude + Claude Code,Claude,Native,native,indrop_v1,inDrop v1,pending,err_0056,T3,workflow_or_topology_error,typed_edge,True,unresolved,unresolved,pending,unresolved,,0
claude_code,Claude + Claude Code,Claude,Native,native,indrop_v1,inDrop v1,pending,err_0057,T3,workflow_or_topology_error,typed_edge,True,unresolved,unresolved,pending,unresolved,,0
claude_code,Claude + Claude Code,Claude,Native,native,indrop_v1,inDrop v1,pending,err_0058,T3,workflow_or_topology_error,typed_edge,True,unresolved,unresolved,pending,unresolved,,0
claude_code,Claude + Claude Code,Claude,Native,native,petri_seq,PETRI-seq,pending,err_0001,T2,unsupported_completion,oligo_family,True,unresolved,unresolved,pending,unresolved,,0
claude_code,Claude + Claude Code,Claude,Native,native,petri_seq,PETRI-seq,pending,err_0002,T2,unsupported_completion,oligo_family,True,unresolved,unresolved,pending,unresolved,,0
claude_code,Claude + Claude Code,Claude,Native,native,petri_seq,PETRI-seq,pending,err_0003,T2,unsupported_completion,oligo_family,True,unresolved,unresolved,pending,unresolved,,0
claude_code,Claude + Claude Code,Claude,Native,native,petri_seq,PETRI-seq,pending,err_0004,T2,unsupported_completion,oligo_family,True,unresolved,unresolved,pending,unresolved,,0
claude_code,Claude + Claude Code,Claude,Native,native,petri_seq,PETRI-seq,pending,err_0005,T2,molecular_state_or_assembly_error,oligo_family,True,unresolved,unresolved,pending,unresolved,,0
claude_code,Claude + Claude Code,Claude,Native,native,petri_seq,PETRI-seq,pending,err_0006,T2,workflow_or_topology_error,oligo_family,True,unresolved,unresolved,pending,unresolved,,0
claude_code,Claude + Claude Code,Claude,Native,native,petri_seq,PETRI-seq,pending,err_0007,T2,molecular_state_or_assembly_error,oligo_family,True,unresolved,unresolved,pending,unresolved,,0
claude_code,Claude + Claude Code,Claude,Native,native,petri_seq,PETRI-seq,pending,err_0008,T2,workflow_or_topology_error,oligo_family,True,unresolved,unresolved,pending,unresolved,,0
claude_code,Claude + Claude Code,Claude,Native,native,petri_seq,PETRI-seq,pending,err_0009,T2,molecular_state_or_assembly_error,oligo_family,True,unresolved,unresolved,pending,unresolved,,0
claude_code,Claude + Claude Code,Claude,Native,native,petri_seq,PETRI-seq,pending,err_0010,T2,missing_recoverable_information,oligo_family,True,unresolved,unresolved,pending,unresolved,,0
claude_code,Claude + Claude Code,Claude,Native,native,petri_seq,PETRI-seq,pending,err_0011,T2,molecular_state_or_assembly_error,oligo_family,True,unresolved,unresolved,pending,unresolved,,0
claude_code,Claude + Claude Code,Claude,Native,native,petri_seq,PETRI-seq,pending,err_0012,T2,workflow_or_topology_error,oligo_family,True,unresolved,unresolved,pending,unresolved,,0
claude_code,Claude + Claude Code,Claude,Native,native,petri_seq,PETRI-seq,pending,err_0013,T2,missing_recoverable_information,oligo_family,True,unresolved,unresolved,pending,unresolved,,0
claude_code,Claude + Claude Code,Claude,Native,native,petri_seq,PETRI-seq,pending,err_0014,T2,workflow_or_topology_error,oligo_family,True,unresolved,unresolved,pending,unresolved,,0
claude_code,Claude + Claude Code,Claude,Native,native,petri_seq,PETRI-seq,pending,err_0015,T2,missing_recoverable_information,oligo_family,True,unresolved,unresolved,pending,unresolved,,0
claude_code,Claude + Claude Code,Claude,Native,native,petri_seq,PETRI-seq,pending,err_0016,T2,workflow_or_topology_error,oligo_family,True,unresolved,unresolved,pending,unresolved,,0
claude_code,Claude + Claude Code,Claude,Native,native,petri_seq,PETRI-seq,pending,err_0017,T3,unsupported_completion,state,True,unresolved,unresolved,pending,unresolved,,0
claude_code,Claude + Claude Code,Claude,Native,native,petri_seq,PETRI-seq,pending,err_0018,T3,unsupported_completion,transition,True,unresolved,unresolved,pending,unresolved,,0
claude_code,Claude + Claude Code,Claude,Native,native,petri_seq,PETRI-seq,pending,err_0019,T3,molecular_state_or_assembly_error,state,True,unresolved,unresolved,pending,unresolved,,0
claude_code,Claude + Claude Code,Claude,Native,native,petri_seq,PETRI-seq,pending,err_0020,T3,molecular_state_or_assembly_error,state,True,unresolved,unresolved,pending,unresolved,,0
claude_code,Claude + Claude Code,Claude,Native,native,petri_seq,PETRI-seq,pending,err_0021,T3,molecular_state_or_assembly_error,state,True,unresolved,unresolved,pending,unresolved,,0
claude_code,Claude + Claude Code,Claude,Native,native,petri_seq,PETRI-seq,pending,err_0022,T3,molecular_state_or_assembly_error,state,True,unresolved,unresolved,pending,unresolved,,0
claude_code,Claude + Claude Code,Claude,Native,native,petri_seq,PETRI-seq,pending,err_0023,T3,molecular_state_or_assembly_error,state,True,unresolved,unresolved,pending,unresolved,,0
claude_code,Claude + Claude Code,Claude,Native,native,petri_seq,PETRI-seq,pending,err_0024,T3,molecular_state_or_assembly_error,state,True,unresolved,unresolved,pending,unresolved,,0
claude_code,Claude + Claude Code,Claude,Native,native,petri_seq,PETRI-seq,pending,err_0025,T3,workflow_or_topology_error,transition,True,unresolved,unresolved,pending,unresolved,,0
claude_code,Claude + Claude Code,Claude,Native,native,petri_seq,PETRI-seq,pending,err_0026,T3,workflow_or_topology_error,transition,True,unresolved,unresolved,pending,unresolved,,0
claude_code,Claude + Claude Code,Claude,Native,native,petri_seq,PETRI-seq,pending,err_0027,T3,workflow_or_topology_error,transition,True,unresolved,unresolved,pending,unresolved,,0
claude_code,Claude + Claude Code,Claude,Native,native,petri_seq,PETRI-seq,pending,err_0028,T3,workflow_or_topology_error,typed_edge,True,unresolved,unresolved,pending,unresolved,,0
claude_code,Claude + Claude Code,Claude,Native,native,petri_seq,PETRI-seq,pending,err_0029,T3,workflow_or_topology_error,typed_edge,True,unresolved,unresolved,pending,unresolved,,0
claude_code,Claude + Claude Code,Claude,Native,native,petri_seq,PETRI-seq,pending,err_0030,T3,workflow_or_topology_error,typed_edge,True,unresolved,unresolved,pending,unresolved,,0
claude_code,Claude + Claude Code,Claude,Native,native,petri_seq,PETRI-seq,pending,err_0031,T3,workflow_or_topology_error,typed_edge,True,unresolved,unresolved,pending,unresolved,,0
claude_code,Claude + Claude Code,Claude,Native,native,pip_seq_v4,PIP-seq v4,pending,err_0001,T2,unsupported_completion,oligo_family,True,unresolved,unresolved,pending,unresolved,,0
claude_code,Claude + Claude Code,Claude,Native,native,pip_seq_v4,PIP-seq v4,pending,err_0002,T2,unsupported_completion,oligo_family,True,unresolved,unresolved,pending,unresolved,,0
claude_code,Claude + Claude Code,Claude,Native,native,pip_seq_v4,PIP-seq v4,pending,err_0003,T2,unsupported_completion,oligo_family,True,unresolved,unresolved,pending,unresolved,,0
claude_code,Claude + Claude Code,Claude,Native,native,pip_seq_v4,PIP-seq v4,pending,err_0004,T2,unsupported_completion,oligo_family,True,unresolved,unresolved,pending,unresolved,,0
claude_code,Claude + Claude Code,Claude,Native,native,pip_seq_v4,PIP-seq v4,pending,err_0005,T2,missing_recoverable_information,oligo_family,True,unresolved,unresolved,pending,unresolved,,0
claude_code,Claude + Claude Code,Claude,Native,native,pip_seq_v4,PIP-seq v4,pending,err_0006,T2,molecular_state_or_assembly_error,oligo_family,True,unresolved,unresolved,pending,unresolved,,0
claude_code,Claude + Claude Code,Claude,Native,native,pip_seq_v4,PIP-seq v4,pending,err_0007,T2,molecular_state_or_assembly_error,oligo_family,True,unresolved,unresolved,pending,unresolved,,0
claude_code,Claude + Claude Code,Claude,Native,native,pip_seq_v4,PIP-seq v4,pending,err_0008,T2,workflow_or_topology_error,oligo_family,True,unresolved,unresolved,pending,unresolved,,0
claude_code,Claude + Claude Code,Claude,Native,native,pip_seq_v4,PIP-seq v4,pending,err_0009,T2,molecular_state_or_assembly_error,oligo_family,True,unresolved,unresolved,pending,unresolved,,0
claude_code,Claude + Claude Code,Claude,Native,native,pip_seq_v4,PIP-seq v4,pending,err_0010,T2,molecular_state_or_assembly_error,oligo_family,True,unresolved,unresolved,pending,unresolved,,0
claude_code,Claude + Claude Code,Claude,Native,native,pip_seq_v4,PIP-seq v4,pending,err_0011,T2,workflow_or_topology_error,oligo_family,True,unresolved,unresolved,pending,unresolved,,0
claude_code,Claude + Claude Code,Claude,Native,native,pip_seq_v4,PIP-seq v4,pending,err_0012,T2,strand_or_orientation_error,oligo_family,True,unresolved,unresolved,pending,unresolved,,0
claude_code,Claude + Claude Code,Claude,Native,native,pip_seq_v4,PIP-seq v4,pending,err_0013,T2,molecular_state_or_assembly_error,oligo_family,True,unresolved,unresolved,pending,unresolved,,0
claude_code,Claude + Claude Code,Claude,Native,native,pip_seq_v4,PIP-seq v4,pending,err_0014,T2,molecular_state_or_assembly_error,oligo_family,True,unresolved,unresolved,pending,unresolved,,0
claude_code,Claude + Claude Code,Claude,Native,native,pip_seq_v4,PIP-seq v4,pending,err_0015,T2,workflow_or_topology_error,oligo_family,True,unresolved,unresolved,pending,unresolved,,0
claude_code,Claude + Claude Code,Claude,Native,native,pip_seq_v4,PIP-seq v4,pending,err_0016,T3,unsupported_completion,state,True,unresolved,unresolved,pending,unresolved,,0
claude_code,Claude + Claude Code,Claude,Native,native,pip_seq_v4,PIP-seq v4,pending,err_0017,T3,unsupported_completion,state,True,unresolved,unresolved,pending,unresolved,,0
claude_code,Claude + Claude Code,Claude,Native,native,pip_seq_v4,PIP-seq v4,pending,err_0018,T3,unsupported_completion,state,True,unresolved,unresolved,pending,unresolved,,0
claude_code,Claude + Claude Code,Claude,Native,native,pip_seq_v4,PIP-seq v4,pending,err_0019,T3,unsupported_completion,state,True,unresolved,unresolved,pending,unresolved,,0
claude_code,Claude + Claude Code,Claude,Native,native,pip_seq_v4,PIP-seq v4,pending,err_0020,T3,unsupported_completion,state,True,unresolved,unresolved,pending,unresolved,,0
claude_code,Claude + Claude Code,Claude,Native,native,pip_seq_v4,PIP-seq v4,pending,err_0021,T3,unsupported_completion,transition,True,unresolved,unresolved,pending,unresolved,,0
claude_code,Claude + Claude Code,Claude,Native,native,pip_seq_v4,PIP-seq v4,pending,err_0022,T3,unsupported_completion,transition,True,unresolved,unresolved,pending,unresolved,,0
claude_code,Claude + Claude Code,Claude,Native,native,pip_seq_v4,PIP-seq v4,pending,err_0023,T3,unsupported_completion,transition,True,unresolved,unresolved,pending,unresolved,,0
claude_code,Claude + Claude Code,Claude,Native,native,pip_seq_v4,PIP-seq v4,pending,err_0024,T3,unsupported_completion,terminal_output,True,unresolved,unresolved,pending,unresolved,,0
claude_code,Claude + Claude Code,Claude,Native,native,pip_seq_v4,PIP-seq v4,pending,err_0025,T3,unsupported_completion,terminal_output,True,unresolved,unresolved,pending,unresolved,,0
claude_code,Claude + Claude Code,Claude,Native,native,pip_seq_v4,PIP-seq v4,pending,err_0026,T3,molecular_state_or_assembly_error,state,True,unresolved,unresolved,pending,unresolved,,0
claude_code,Claude + Claude Code,Claude,Native,native,pip_seq_v4,PIP-seq v4,pending,err_0027,T3,molecular_state_or_assembly_error,state,True,unresolved,unresolved,pending,unresolved,,0
claude_code,Claude + Claude Code,Claude,Native,native,pip_seq_v4,PIP-seq v4,pending,err_0028,T3,molecular_state_or_assembly_error,state,True,unresolved,unresolved,pending,unresolved,,0
claude_code,Claude + Claude Code,Claude,Native,native,pip_seq_v4,PIP-seq v4,pending,err_0029,T3,molecular_state_or_assembly_error,state,True,unresolved,unresolved,pending,unresolved,,0
claude_code,Claude + Claude Code,Claude,Native,native,pip_seq_v4,PIP-seq v4,pending,err_0030,T3,molecular_state_or_assembly_error,state,True,unresolved,unresolved,pending,unresolved,,0
claude_code,Claude + Claude Code,Claude,Native,native,pip_seq_v4,PIP-seq v4,pending,err_0031,T3,molecular_state_or_assembly_error,state,True,unresolved,unresolved,pending,unresolved,,0
claude_code,Claude + Claude Code,Claude,Native,native,pip_seq_v4,PIP-seq v4,pending,err_0032,T3,molecular_state_or_assembly_error,state,True,unresolved,unresolved,pending,unresolved,,0
claude_code,Claude + Claude Code,Claude,Native,native,pip_seq_v4,PIP-seq v4,pending,err_0033,T3,workflow_or_topology_error,transition,True,unresolved,unresolved,pending,unresolved,,0
claude_code,Claude + Claude Code,Claude,Native,native,pip_seq_v4,PIP-seq v4,pending,err_0034,T3,workflow_or_topology_error,transition,True,unresolved,unresolved,pending,unresolved,,0
claude_code,Claude + Claude Code,Claude,Native,native,pip_seq_v4,PIP-seq v4,pending,err_0035,T3,workflow_or_topology_error,typed_edge,True,unresolved,unresolved,pending,unresolved,,0
claude_code,Claude + Claude Code,Claude,Native,native,pip_seq_v4,PIP-seq v4,pending,err_0036,T3,workflow_or_topology_error,typed_edge,True,unresolved,unresolved,pending,unresolved,,0
claude_code,Claude + Claude Code,Claude,Native,native,pip_seq_v4,PIP-seq v4,pending,err_0037,T3,workflow_or_topology_error,typed_edge,True,unresolved,unresolved,pending,unresolved,,0
claude_code,Claude + Claude Code,Claude,Native,native,pip_seq_v4,PIP-seq v4,pending,err_0038,T3,workflow_or_topology_error,typed_edge,True,unresolved,unresolved,pending,unresolved,,0
claude_code,Claude + Claude Code,Claude,Native,native,pip_seq_v4,PIP-seq v4,pending,err_0039,T3,workflow_or_topology_error,typed_edge,True,unresolved,unresolved,pending,unresolved,,0
claude_code,Claude + Claude Code,Claude,Native,native,pip_seq_v4,PIP-seq v4,pending,err_0040,T3,workflow_or_topology_error,typed_edge,True,unresolved,unresolved,pending,unresolved,,0
claude_code,Claude + Claude Code,Claude,Native,native,pip_seq_v4,PIP-seq v4,pending,err_0041,T3,workflow_or_topology_error,typed_edge,True,unresolved,unresolved,pending,unresolved,,0
claude_code,Claude + Claude Code,Claude,Native,native,pip_seq_v4,PIP-seq v4,pending,err_0042,T3,workflow_or_topology_error,typed_edge,True,unresolved,unresolved,pending,unresolved,,0
claude_code,Claude + Claude Code,Claude,Native,native,pip_seq_v4,PIP-seq v4,pending,err_0043,T3,workflow_or_topology_error,typed_edge,True,unresolved,unresolved,pending,unresolved,,0
claude_code,Claude + Claude Code,Claude,Native,native,pip_seq_v4,PIP-seq v4,pending,err_0044,T3,workflow_or_topology_error,typed_edge,True,unresolved,unresolved,pending,unresolved,,0
claude_code,Claude + Claude Code,Claude,Native,native,pip_seq_v4,PIP-seq v4,pending,err_0045,T3,workflow_or_topology_error,typed_edge,True,unresolved,unresolved,pending,unresolved,,0
claude_code,Claude + Claude Code,Claude,Native,native,pip_seq_v4,PIP-seq v4,pending,err_0046,T3,workflow_or_topology_error,typed_edge,True,unresolved,unresolved,pending,unresolved,,0
claude_code,Claude + Claude Code,Claude,Native,native,pip_seq_v4,PIP-seq v4,pending,err_0047,T3,workflow_or_topology_error,typed_edge,True,unresolved,unresolved,pending,unresolved,,0
claude_code,Claude + Claude Code,Claude,Native,native,sci_atac_seq,sci-ATAC-seq,pending,err_0001,T2,unsupported_completion,oligo_family,True,unresolved,unresolved,pending,unresolved,,0
claude_code,Claude + Claude Code,Claude,Native,native,sci_atac_seq,sci-ATAC-seq,pending,err_0002,T2,molecular_state_or_assembly_error,oligo_family,True,unresolved,unresolved,pending,unresolved,,0
claude_code,Claude + Claude Code,Claude,Native,native,sci_atac_seq,sci-ATAC-seq,pending,err_0003,T2,workflow_or_topology_error,oligo_family,True,unresolved,unresolved,pending,unresolved,,0
claude_code,Claude + Claude Code,Claude,Native,native,sci_atac_seq,sci-ATAC-seq,pending,err_0004,T2,molecular_state_or_assembly_error,oligo_family,True,unresolved,unresolved,pending,unresolved,,0
claude_code,Claude + Claude Code,Claude,Native,native,sci_atac_seq,sci-ATAC-seq,pending,err_0005,T2,workflow_or_topology_error,oligo_family,True,unresolved,unresolved,pending,unresolved,,0
claude_code,Claude + Claude Code,Claude,Native,native,sci_atac_seq,sci-ATAC-seq,pending,err_0006,T2,missing_recoverable_information,oligo_family,True,unresolved,unresolved,pending,unresolved,,0
claude_code,Claude + Claude Code,Claude,Native,native,sci_atac_seq,sci-ATAC-seq,pending,err_0007,T2,missing_recoverable_information,oligo_family,True,unresolved,unresolved,pending,unresolved,,0
claude_code,Claude + Claude Code,Claude,Native,native,sci_atac_seq,sci-ATAC-seq,pending,err_0008,T3,missing_recoverable_information,state,True,unresolved,unresolved,pending,unresolved,,0
claude_code,Claude + Claude Code,Claude,Native,native,sci_atac_seq,sci-ATAC-seq,pending,err_0009,T3,missing_recoverable_information,state,True,unresolved,unresolved,pending,unresolved,,0
claude_code,Claude + Claude Code,Claude,Native,native,sci_atac_seq,sci-ATAC-seq,pending,err_0010,T3,missing_recoverable_information,state,True,unresolved,unresolved,pending,unresolved,,0
claude_code,Claude + Claude Code,Claude,Native,native,sci_atac_seq,sci-ATAC-seq,pending,err_0011,T3,missing_recoverable_information,state,True,unresolved,unresolved,pending,unresolved,,0
claude_code,Claude + Claude Code,Claude,Native,native,sci_atac_seq,sci-ATAC-seq,pending,err_0012,T3,missing_recoverable_information,state,True,unresolved,unresolved,pending,unresolved,,0
claude_code,Claude + Claude Code,Claude,Native,native,sci_atac_seq,sci-ATAC-seq,pending,err_0013,T3,missing_recoverable_information,state,True,unresolved,unresolved,pending,unresolved,,0
claude_code,Claude + Claude Code,Claude,Native,native,sci_atac_seq,sci-ATAC-seq,pending,err_0014,T3,molecular_state_or_assembly_error,state,True,unresolved,unresolved,pending,unresolved,,0
claude_code,Claude + Claude Code,Claude,Native,native,sci_atac_seq,sci-ATAC-seq,pending,err_0015,T3,molecular_state_or_assembly_error,state,True,unresolved,unresolved,pending,unresolved,,0
claude_code,Claude + Claude Code,Claude,Native,native,sci_atac_seq,sci-ATAC-seq,pending,err_0016,T3,molecular_state_or_assembly_error,state,True,unresolved,unresolved,pending,unresolved,,0
claude_code,Claude + Claude Code,Claude,Native,native,sci_atac_seq,sci-ATAC-seq,pending,err_0017,T3,molecular_state_or_assembly_error,state,True,unresolved,unresolved,pending,unresolved,,0
claude_code,Claude + Claude Code,Claude,Native,native,sci_atac_seq,sci-ATAC-seq,pending,err_0018,T3,workflow_or_topology_error,transition,True,unresolved,unresolved,pending,unresolved,,0
claude_code,Claude + Claude Code,Claude,Native,native,sci_atac_seq,sci-ATAC-seq,pending,err_0019,T3,workflow_or_topology_error,transition,True,unresolved,unresolved,pending,unresolved,,0
claude_code,Claude + Claude Code,Claude,Native,native,sci_atac_seq,sci-ATAC-seq,pending,err_0020,T3,workflow_or_topology_error,transition,True,unresolved,unresolved,pending,unresolved,,0
claude_code,Claude + Claude Code,Claude,Native,native,sci_atac_seq,sci-ATAC-seq,pending,err_0021,T3,workflow_or_topology_error,typed_edge,True,unresolved,unresolved,pending,unresolved,,0
claude_code,Claude + Claude Code,Claude,Native,native,sci_atac_seq,sci-ATAC-seq,pending,err_0022,T3,workflow_or_topology_error,typed_edge,True,unresolved,unresolved,pending,unresolved,,0
claude_code,Claude + Claude Code,Claude,Native,native,sci_atac_seq,sci-ATAC-seq,pending,err_0023,T3,workflow_or_topology_error,typed_edge,True,unresolved,unresolved,pending,unresolved,,0
claude_code,Claude + Claude Code,Claude,Native,native,sci_atac_seq,sci-ATAC-seq,pending,err_0024,T3,workflow_or_topology_error,typed_edge,True,unresolved,unresolved,pending,unresolved,,0
claude_code,Claude + Claude Code,Claude,Native,native,sci_atac_seq,sci-ATAC-seq,pending,err_0025,T3,workflow_or_topology_error,typed_edge,True,unresolved,unresolved,pending,unresolved,,0
claude_code,Claude + Claude Code,Claude,Native,native,sci_atac_seq,sci-ATAC-seq,pending,err_0026,T3,workflow_or_topology_error,typed_edge,True,unresolved,unresolved,pending,unresolved,,0
claude_code,Claude + Claude Code,Claude,Native,native,sci_atac_seq,sci-ATAC-seq,pending,err_0027,T3,workflow_or_topology_error,typed_edge,True,unresolved,unresolved,pending,unresolved,,0
claude_code,Claude + Claude Code,Claude,Native,native,sci_atac_seq,sci-ATAC-seq,pending,err_0028,T3,workflow_or_topology_error,typed_edge,True,unresolved,unresolved,pending,unresolved,,0
claude_code,Claude + Claude Code,Claude,Native,native,sci_atac_seq,sci-ATAC-seq,pending,err_0029,T3,workflow_or_topology_error,typed_edge,True,unresolved,unresolved,pending,unresolved,,0
claude_code,Claude + Claude Code,Claude,Native,native,sci_atac_seq,sci-ATAC-seq,pending,err_0030,T3,workflow_or_topology_error,typed_edge,True,unresolved,unresolved,pending,unresolved,,0
claude_code,Claude + Claude Code,Claude,Native,native,sci_atac_seq,sci-ATAC-seq,pending,err_0031,T3,workflow_or_topology_error,typed_edge,True,unresolved,unresolved,pending,unresolved,,0
claude_code,Claude + Claude Code,Claude,Native,native,scrrbs,scRRBS,pending,err_0001,T2,missing_recoverable_information,oligo_family,True,unresolved,unresolved,pending,unresolved,,0
claude_code,Claude + Claude Code,Claude,Native,native,scrrbs,scRRBS,pending,err_0002,T2,molecular_state_or_assembly_error,oligo_family,True,unresolved,unresolved,pending,unresolved,,0
claude_code,Claude + Claude Code,Claude,Native,native,scrrbs,scRRBS,pending,err_0003,T2,molecular_state_or_assembly_error,oligo_family,True,unresolved,unresolved,pending,unresolved,,0
claude_code,Claude + Claude Code,Claude,Native,native,scrrbs,scRRBS,pending,err_0004,T2,missing_recoverable_information,oligo_family,True,unresolved,unresolved,pending,unresolved,,0
claude_code,Claude + Claude Code,Claude,Native,native,scrrbs,scRRBS,pending,err_0005,T2,molecular_state_or_assembly_error,oligo_family,True,unresolved,unresolved,pending,unresolved,,0
claude_code,Claude + Claude Code,Claude,Native,native,scrrbs,scRRBS,pending,err_0006,T2,molecular_state_or_assembly_error,oligo_family,True,unresolved,unresolved,pending,unresolved,,0
claude_code,Claude + Claude Code,Claude,Native,native,scrrbs,scRRBS,pending,err_0007,T2,workflow_or_topology_error,oligo_family,True,unresolved,unresolved,pending,unresolved,,0
claude_code,Claude + Claude Code,Claude,Native,native,scrrbs,scRRBS,pending,err_0008,T2,workflow_or_topology_error,oligo_family,True,unresolved,unresolved,pending,unresolved,,0
claude_code,Claude + Claude Code,Claude,Native,native,scrrbs,scRRBS,pending,err_0009,T3,unsupported_completion,transition,True,unresolved,unresolved,pending,unresolved,,0
claude_code,Claude + Claude Code,Claude,Native,native,scrrbs,scRRBS,pending,err_0010,T3,molecular_state_or_assembly_error,state,True,unresolved,unresolved,pending,unresolved,,0
claude_code,Claude + Claude Code,Claude,Native,native,scrrbs,scRRBS,pending,err_0011,T3,molecular_state_or_assembly_error,state,True,unresolved,unresolved,pending,unresolved,,0
claude_code,Claude + Claude Code,Claude,Native,native,scrrbs,scRRBS,pending,err_0012,T3,molecular_state_or_assembly_error,state,True,unresolved,unresolved,pending,unresolved,,0
claude_code,Claude + Claude Code,Claude,Native,native,scrrbs,scRRBS,pending,err_0013,T3,molecular_state_or_assembly_error,state,True,unresolved,unresolved,pending,unresolved,,0
claude_code,Claude + Claude Code,Claude,Native,native,scrrbs,scRRBS,pending,err_0014,T3,molecular_state_or_assembly_error,state,True,unresolved,unresolved,pending,unresolved,,0
claude_code,Claude + Claude Code,Claude,Native,native,scrrbs,scRRBS,pending,err_0015,T3,molecular_state_or_assembly_error,state,True,unresolved,unresolved,pending,unresolved,,0
claude_code,Claude + Claude Code,Claude,Native,native,scrrbs,scRRBS,pending,err_0016,T3,molecular_state_or_assembly_error,state,True,unresolved,unresolved,pending,unresolved,,0
claude_code,Claude + Claude Code,Claude,Native,native,scrrbs,scRRBS,pending,err_0017,T3,workflow_or_topology_error,transition,True,unresolved,unresolved,pending,unresolved,,0
claude_code,Claude + Claude Code,Claude,Native,native,scrrbs,scRRBS,pending,err_0018,T3,workflow_or_topology_error,transition,True,unresolved,unresolved,pending,unresolved,,0
claude_code,Claude + Claude Code,Claude,Native,native,scrrbs,scRRBS,pending,err_0019,T3,workflow_or_topology_error,transition,True,unresolved,unresolved,pending,unresolved,,0
claude_code,Claude + Claude Code,Claude,Native,native,scrrbs,scRRBS,pending,err_0020,T3,workflow_or_topology_error,typed_edge,True,unresolved,unresolved,pending,unresolved,,0
claude_code,Claude + Claude Code,Claude,Native,native,scrrbs,scRRBS,pending,err_0021,T3,workflow_or_topology_error,typed_edge,True,unresolved,unresolved,pending,unresolved,,0
claude_code,Claude + Claude Code,Claude,Native,native,scrrbs,scRRBS,pending,err_0022,T3,workflow_or_topology_error,typed_edge,True,unresolved,unresolved,pending,unresolved,,0
claude_code,Claude + Claude Code,Claude,Native,native,scrrbs,scRRBS,pending,err_0023,T3,workflow_or_topology_error,typed_edge,True,unresolved,unresolved,pending,unresolved,,0
claude_code,Claude + Claude Code,Claude,Native,native,scrrbs,scRRBS,pending,err_0024,T3,workflow_or_topology_error,typed_edge,True,unresolved,unresolved,pending,unresolved,,0
claude_code,Claude + Claude Code,Claude,Native,native,scrrbs,scRRBS,pending,err_0025,T3,workflow_or_topology_error,typed_edge,True,unresolved,unresolved,pending,unresolved,,0
claude_code,Claude + Claude Code,Claude,Native,native,share_seq,SHARE-seq,pending,err_0001,T2,workflow_or_topology_error,oligo_family,True,unresolved,unresolved,pending,unresolved,,0
claude_code,Claude + Claude Code,Claude,Native,native,share_seq,SHARE-seq,pending,err_0002,T2,molecular_state_or_assembly_error,oligo_family,True,unresolved,unresolved,pending,unresolved,,0
claude_code,Claude + Claude Code,Claude,Native,native,share_seq,SHARE-seq,pending,err_0003,T2,molecular_state_or_assembly_error,oligo_family,True,unresolved,unresolved,pending,unresolved,,0
claude_code,Claude + Claude Code,Claude,Native,native,share_seq,SHARE-seq,pending,err_0004,T2,molecular_state_or_assembly_error,oligo_family,True,unresolved,unresolved,pending,unresolved,,0
claude_code,Claude + Claude Code,Claude,Native,native,share_seq,SHARE-seq,pending,err_0005,T2,molecular_state_or_assembly_error,oligo_family,True,unresolved,unresolved,pending,unresolved,,0
claude_code,Claude + Claude Code,Claude,Native,native,share_seq,SHARE-seq,pending,err_0006,T2,workflow_or_topology_error,oligo_family,True,unresolved,unresolved,pending,unresolved,,0
claude_code,Claude + Claude Code,Claude,Native,native,share_seq,SHARE-seq,pending,err_0007,T2,molecular_state_or_assembly_error,oligo_family,True,unresolved,unresolved,pending,unresolved,,0
claude_code,Claude + Claude Code,Claude,Native,native,share_seq,SHARE-seq,pending,err_0008,T2,molecular_state_or_assembly_error,oligo_family,True,unresolved,unresolved,pending,unresolved,,0
claude_code,Claude + Claude Code,Claude,Native,native,share_seq,SHARE-seq,pending,err_0009,T2,molecular_state_or_assembly_error,oligo_family,True,unresolved,unresolved,pending,unresolved,,0
claude_code,Claude + Claude Code,Claude,Native,native,share_seq,SHARE-seq,pending,err_0010,T2,molecular_state_or_assembly_error,oligo_family,True,unresolved,unresolved,pending,unresolved,,0
claude_code,Claude + Claude Code,Claude,Native,native,share_seq,SHARE-seq,pending,err_0011,T3,unsupported_completion,state,True,unresolved,unresolved,pending,unresolved,,0
claude_code,Claude + Claude Code,Claude,Native,native,share_seq,SHARE-seq,pending,err_0012,T3,unsupported_completion,state,True,unresolved,unresolved,pending,unresolved,,0
claude_code,Claude + Claude Code,Claude,Native,native,share_seq,SHARE-seq,pending,err_0013,T3,unsupported_completion,transition,True,unresolved,unresolved,pending,unresolved,,0
claude_code,Claude + Claude Code,Claude,Native,native,share_seq,SHARE-seq,pending,err_0014,T3,molecular_state_or_assembly_error,state,True,unresolved,unresolved,pending,unresolved,,0
claude_code,Claude + Claude Code,Claude,Native,native,share_seq,SHARE-seq,pending,err_0015,T3,molecular_state_or_assembly_error,state,True,unresolved,unresolved,pending,unresolved,,0
claude_code,Claude + Claude Code,Claude,Native,native,share_seq,SHARE-seq,pending,err_0016,T3,molecular_state_or_assembly_error,state,True,unresolved,unresolved,pending,unresolved,,0
claude_code,Claude + Claude Code,Claude,Native,native,share_seq,SHARE-seq,pending,err_0017,T3,molecular_state_or_assembly_error,state,True,unresolved,unresolved,pending,unresolved,,0
claude_code,Claude + Claude Code,Claude,Native,native,share_seq,SHARE-seq,pending,err_0018,T3,molecular_state_or_assembly_error,state,True,unresolved,unresolved,pending,unresolved,,0
claude_code,Claude + Claude Code,Claude,Native,native,share_seq,SHARE-seq,pending,err_0019,T3,molecular_state_or_assembly_error,state,True,unresolved,unresolved,pending,unresolved,,0
claude_code,Claude + Claude Code,Claude,Native,native,share_seq,SHARE-seq,pending,err_0020,T3,molecular_state_or_assembly_error,state,True,unresolved,unresolved,pending,unresolved,,0
claude_code,Claude + Claude Code,Claude,Native,native,share_seq,SHARE-seq,pending,err_0021,T3,molecular_state_or_assembly_error,state,True,unresolved,unresolved,pending,unresolved,,0
claude_code,Claude + Claude Code,Claude,Native,native,share_seq,SHARE-seq,pending,err_0022,T3,molecular_state_or_assembly_error,state,True,unresolved,unresolved,pending,unresolved,,0
claude_code,Claude + Claude Code,Claude,Native,native,share_seq,SHARE-seq,pending,err_0023,T3,molecular_state_or_assembly_error,state,True,unresolved,unresolved,pending,unresolved,,0
claude_code,Claude + Claude Code,Claude,Native,native,share_seq,SHARE-seq,pending,err_0024,T3,molecular_state_or_assembly_error,state,True,unresolved,unresolved,pending,unresolved,,0
claude_code,Claude + Claude Code,Claude,Native,native,share_seq,SHARE-seq,pending,err_0025,T3,molecular_state_or_assembly_error,state,True,unresolved,unresolved,pending,unresolved,,0
claude_code,Claude + Claude Code,Claude,Native,native,share_seq,SHARE-seq,pending,err_0026,T3,molecular_state_or_assembly_error,state,True,unresolved,unresolved,pending,unresolved,,0
claude_code,Claude + Claude Code,Claude,Native,native,share_seq,SHARE-seq,pending,err_0027,T3,molecular_state_or_assembly_error,state,True,unresolved,unresolved,pending,unresolved,,0
claude_code,Claude + Claude Code,Claude,Native,native,share_seq,SHARE-seq,pending,err_0028,T3,molecular_state_or_assembly_error,state,True,unresolved,unresolved,pending,unresolved,,0
claude_code,Claude + Claude Code,Claude,Native,native,share_seq,SHARE-seq,pending,err_0029,T3,operation_error,transition,True,unresolved,unresolved,pending,unresolved,,0
claude_code,Claude + Claude Code,Claude,Native,native,share_seq,SHARE-seq,pending,err_0030,T3,operation_error,transition,True,unresolved,unresolved,pending,unresolved,,0
claude_code,Claude + Claude Code,Claude,Native,native,share_seq,SHARE-seq,pending,err_0031,T3,workflow_or_topology_error,transition,True,unresolved,unresolved,pending,unresolved,,0
claude_code,Claude + Claude Code,Claude,Native,native,share_seq,SHARE-seq,pending,err_0032,T3,operation_error,transition,True,unresolved,unresolved,pending,unresolved,,0
claude_code,Claude + Claude Code,Claude,Native,native,share_seq,SHARE-seq,pending,err_0033,T3,workflow_or_topology_error,transition,True,unresolved,unresolved,pending,unresolved,,0
claude_code,Claude + Claude Code,Claude,Native,native,share_seq,SHARE-seq,pending,err_0034,T3,workflow_or_topology_error,transition,True,unresolved,unresolved,pending,unresolved,,0
claude_code,Claude + Claude Code,Claude,Native,native,share_seq,SHARE-seq,pending,err_0035,T3,operation_error,transition,True,unresolved,unresolved,pending,unresolved,,0
claude_code,Claude + Claude Code,Claude,Native,native,share_seq,SHARE-seq,pending,err_0036,T3,workflow_or_topology_error,transition,True,unresolved,unresolved,pending,unresolved,,0
claude_code,Claude + Claude Code,Claude,Native,native,share_seq,SHARE-seq,pending,err_0037,T3,workflow_or_topology_error,transition,True,unresolved,unresolved,pending,unresolved,,0
claude_code,Claude + Claude Code,Claude,Native,native,share_seq,SHARE-seq,pending,err_0038,T3,workflow_or_topology_error,transition,True,unresolved,unresolved,pending,unresolved,,0
claude_code,Claude + Claude Code,Claude,Native,native,share_seq,SHARE-seq,pending,err_0039,T3,workflow_or_topology_error,typed_edge,True,unresolved,unresolved,pending,unresolved,,0
claude_code,Claude + Claude Code,Claude,Native,native,share_seq,SHARE-seq,pending,err_0040,T3,workflow_or_topology_error,typed_edge,True,unresolved,unresolved,pending,unresolved,,0
claude_code,Claude + Claude Code,Claude,Native,native,share_seq,SHARE-seq,pending,err_0041,T3,workflow_or_topology_error,typed_edge,True,unresolved,unresolved,pending,unresolved,,0
claude_code,Claude + Claude Code,Claude,Native,native,share_seq,SHARE-seq,pending,err_0042,T3,workflow_or_topology_error,typed_edge,True,unresolved,unresolved,pending,unresolved,,0
claude_code,Claude + Claude Code,Claude,Native,native,share_seq,SHARE-seq,pending,err_0043,T3,workflow_or_topology_error,typed_edge,True,unresolved,unresolved,pending,unresolved,,0
claude_code,Claude + Claude Code,Claude,Native,native,share_seq,SHARE-seq,pending,err_0044,T3,workflow_or_topology_error,typed_edge,True,unresolved,unresolved,pending,unresolved,,0
claude_code,Claude + Claude Code,Claude,Native,native,share_seq,SHARE-seq,pending,err_0045,T3,workflow_or_topology_error,typed_edge,True,unresolved,unresolved,pending,unresolved,,0
claude_code,Claude + Claude Code,Claude,Native,native,share_seq,SHARE-seq,pending,err_0046,T3,workflow_or_topology_error,typed_edge,True,unresolved,unresolved,pending,unresolved,,0
claude_code,Claude + Claude Code,Claude,Native,native,share_seq,SHARE-seq,pending,err_0047,T3,workflow_or_topology_error,typed_edge,True,unresolved,unresolved,pending,unresolved,,0
claude_code,Claude + Claude Code,Claude,Native,native,share_seq,SHARE-seq,pending,err_0048,T3,workflow_or_topology_error,typed_edge,True,unresolved,unresolved,pending,unresolved,,0
claude_code,Claude + Claude Code,Claude,Native,native,share_seq,SHARE-seq,pending,err_0049,T3,workflow_or_topology_error,typed_edge,True,unresolved,unresolved,pending,unresolved,,0
claude_code,Claude + Claude Code,Claude,Native,native,share_seq,SHARE-seq,pending,err_0050,T3,workflow_or_topology_error,typed_edge,True,unresolved,unresolved,pending,unresolved,,0
claude_code,Claude + Claude Code,Claude,Native,native,share_seq,SHARE-seq,pending,err_0051,T3,workflow_or_topology_error,typed_edge,True,unresolved,unresolved,pending,unresolved,,0
claude_code,Claude + Claude Code,Claude,Native,native,share_seq,SHARE-seq,pending,err_0052,T3,workflow_or_topology_error,typed_edge,True,unresolved,unresolved,pending,unresolved,,0
claude_code,Claude + Claude Code,Claude,Native,native,share_seq,SHARE-seq,pending,err_0053,T3,workflow_or_topology_error,typed_edge,True,unresolved,unresolved,pending,unresolved,,0
claude_code,Claude + Claude Code,Claude,Native,native,share_seq,SHARE-seq,pending,err_0054,T3,workflow_or_topology_error,typed_edge,True,unresolved,unresolved,pending,unresolved,,0
claude_code,Claude + Claude Code,Claude,Native,native,share_seq,SHARE-seq,pending,err_0055,T3,workflow_or_topology_error,typed_edge,True,unresolved,unresolved,pending,unresolved,,0
claude_code,Claude + Claude Code,Claude,Native,native,share_seq,SHARE-seq,pending,err_0056,T3,workflow_or_topology_error,typed_edge,True,unresolved,unresolved,pending,unresolved,,0
claude_code,Claude + Claude Code,Claude,Native,native,share_seq,SHARE-seq,pending,err_0057,T3,workflow_or_topology_error,typed_edge,True,unresolved,unresolved,pending,unresolved,,0
claude_code,Claude + Claude Code,Claude,Native,native,share_seq,SHARE-seq,pending,err_0058,T3,workflow_or_topology_error,typed_edge,True,unresolved,unresolved,pending,unresolved,,0
claude_code,Claude + Claude Code,Claude,Native,native,share_seq,SHARE-seq,pending,err_0059,T3,workflow_or_topology_error,typed_edge,True,unresolved,unresolved,pending,unresolved,,0
claude_code,Claude + Claude Code,Claude,Native,native,share_seq,SHARE-seq,pending,err_0060,T3,workflow_or_topology_error,typed_edge,True,unresolved,unresolved,pending,unresolved,,0
claude_code,Claude + Claude Code,Claude,Native,native,share_seq,SHARE-seq,pending,err_0061,T3,workflow_or_topology_error,typed_edge,True,unresolved,unresolved,pending,unresolved,,0
claude_code,Claude + Claude Code,Claude,Native,native,share_seq,SHARE-seq,pending,err_0062,T3,workflow_or_topology_error,typed_edge,True,unresolved,unresolved,pending,unresolved,,0
claude_code,Claude + Claude Code,Claude,Native,native,share_seq,SHARE-seq,pending,err_0063,T3,workflow_or_topology_error,typed_edge,True,unresolved,unresolved,pending,unresolved,,0
claude_code,Claude + Claude Code,Claude,Native,native,share_seq,SHARE-seq,pending,err_0064,T3,workflow_or_topology_error,typed_edge,True,unresolved,unresolved,pending,unresolved,,0
claude_code,Claude + Claude Code,Claude,Native,native,smart_seq,SMART-seq,pending,err_0001,T2,unsupported_completion,oligo_family,True,unresolved,unresolved,pending,unresolved,,0
claude_code,Claude + Claude Code,Claude,Native,native,smart_seq,SMART-seq,pending,err_0002,T2,unsupported_completion,oligo_family,True,unresolved,unresolved,pending,unresolved,,0
claude_code,Claude + Claude Code,Claude,Native,native,smart_seq,SMART-seq,pending,err_0003,T2,unsupported_completion,oligo_family,True,unresolved,unresolved,pending,unresolved,,0
claude_code,Claude + Claude Code,Claude,Native,native,smart_seq,SMART-seq,pending,err_0004,T2,unsupported_completion,oligo_family,True,unresolved,unresolved,pending,unresolved,,0
claude_code,Claude + Claude Code,Claude,Native,native,smart_seq,SMART-seq,pending,err_0005,T2,unsupported_completion,oligo_family,True,unresolved,unresolved,pending,unresolved,,0
claude_code,Claude + Claude Code,Claude,Native,native,smart_seq,SMART-seq,pending,err_0006,T2,unsupported_completion,oligo_family,True,unresolved,unresolved,pending,unresolved,,0
claude_code,Claude + Claude Code,Claude,Native,native,smart_seq,SMART-seq,pending,err_0007,T2,unsupported_completion,oligo_family,True,unresolved,unresolved,pending,unresolved,,0
claude_code,Claude + Claude Code,Claude,Native,native,smart_seq,SMART-seq,pending,err_0008,T2,molecular_state_or_assembly_error,oligo_family,True,unresolved,unresolved,pending,unresolved,,0
claude_code,Claude + Claude Code,Claude,Native,native,smart_seq,SMART-seq,pending,err_0009,T2,molecular_state_or_assembly_error,oligo_family,True,unresolved,unresolved,pending,unresolved,,0
claude_code,Claude + Claude Code,Claude,Native,native,smart_seq,SMART-seq,pending,err_0010,T2,molecular_state_or_assembly_error,oligo_family,True,unresolved,unresolved,pending,unresolved,,0
claude_code,Claude + Claude Code,Claude,Native,native,smart_seq,SMART-seq,pending,err_0011,T3,molecular_state_or_assembly_error,state,True,unresolved,unresolved,pending,unresolved,,0
claude_code,Claude + Claude Code,Claude,Native,native,smart_seq,SMART-seq,pending,err_0012,T3,molecular_state_or_assembly_error,state,True,unresolved,unresolved,pending,unresolved,,0
claude_code,Claude + Claude Code,Claude,Native,native,smart_seq,SMART-seq,pending,err_0013,T3,molecular_state_or_assembly_error,state,True,unresolved,unresolved,pending,unresolved,,0
claude_code,Claude + Claude Code,Claude,Native,native,smart_seq,SMART-seq,pending,err_0014,T3,molecular_state_or_assembly_error,state,True,unresolved,unresolved,pending,unresolved,,0
claude_code,Claude + Claude Code,Claude,Native,native,smart_seq,SMART-seq,pending,err_0015,T3,molecular_state_or_assembly_error,state,True,unresolved,unresolved,pending,unresolved,,0
claude_code,Claude + Claude Code,Claude,Native,native,smart_seq,SMART-seq,pending,err_0016,T3,molecular_state_or_assembly_error,state,True,unresolved,unresolved,pending,unresolved,,0
claude_code,Claude + Claude Code,Claude,Native,native,smart_seq,SMART-seq,pending,err_0017,T3,workflow_or_topology_error,transition,True,unresolved,unresolved,pending,unresolved,,0
claude_code,Claude + Claude Code,Claude,Native,native,smart_seq,SMART-seq,pending,err_0018,T3,workflow_or_topology_error,transition,True,unresolved,unresolved,pending,unresolved,,0
claude_code,Claude + Claude Code,Claude,Native,native,smart_seq,SMART-seq,pending,err_0019,T3,workflow_or_topology_error,transition,True,unresolved,unresolved,pending,unresolved,,0
claude_code,Claude + Claude Code,Claude,Native,native,smart_seq,SMART-seq,pending,err_0020,T3,workflow_or_topology_error,transition,True,unresolved,unresolved,pending,unresolved,,0
claude_code,Claude + Claude Code,Claude,Native,native,smart_seq,SMART-seq,pending,err_0021,T3,workflow_or_topology_error,transition,True,unresolved,unresolved,pending,unresolved,,0
claude_code,Claude + Claude Code,Claude,Native,native,smart_seq,SMART-seq,pending,err_0022,T3,workflow_or_topology_error,typed_edge,True,unresolved,unresolved,pending,unresolved,,0
claude_code,Claude + Claude Code,Claude,Native,native,smart_seq,SMART-seq,pending,err_0023,T3,workflow_or_topology_error,typed_edge,True,unresolved,unresolved,pending,unresolved,,0
claude_code,Claude + Claude Code,Claude,Native,native,smart_seq,SMART-seq,pending,err_0024,T3,workflow_or_topology_error,typed_edge,True,unresolved,unresolved,pending,unresolved,,0
claude_code,Claude + Claude Code,Claude,Native,native,smart_seq,SMART-seq,pending,err_0025,T3,workflow_or_topology_error,typed_edge,True,unresolved,unresolved,pending,unresolved,,0
claude_code,Claude + Claude Code,Claude,Native,native,smart_seq,SMART-seq,pending,err_0026,T3,workflow_or_topology_error,typed_edge,True,unresolved,unresolved,pending,unresolved,,0
claude_code,Claude + Claude Code,Claude,Native,native,smart_seq,SMART-seq,pending,err_0027,T3,workflow_or_topology_error,typed_edge,True,unresolved,unresolved,pending,unresolved,,0
gemini_antigravity,Gemini + Antigravity CLI,Gemini,Native,native,10x_chromium_3_gene_expression_v4,10x 3' GEX v4,pending,err_0001,T2,unsupported_completion,oligo_family,True,unresolved,unresolved,pending,unresolved,,0
gemini_antigravity,Gemini + Antigravity CLI,Gemini,Native,native,10x_chromium_3_gene_expression_v4,10x 3' GEX v4,pending,err_0002,T2,unsupported_completion,oligo_family,True,unresolved,unresolved,pending,unresolved,,0
gemini_antigravity,Gemini + Antigravity CLI,Gemini,Native,native,10x_chromium_3_gene_expression_v4,10x 3' GEX v4,pending,err_0003,T2,unsupported_completion,oligo_family,True,unresolved,unresolved,pending,unresolved,,0
gemini_antigravity,Gemini + Antigravity CLI,Gemini,Native,native,10x_chromium_3_gene_expression_v4,10x 3' GEX v4,pending,err_0004,T2,molecular_state_or_assembly_error,oligo_family,True,unresolved,unresolved,pending,unresolved,,0
gemini_antigravity,Gemini + Antigravity CLI,Gemini,Native,native,10x_chromium_3_gene_expression_v4,10x 3' GEX v4,pending,err_0005,T2,molecular_state_or_assembly_error,oligo_family,True,unresolved,unresolved,pending,unresolved,,0
gemini_antigravity,Gemini + Antigravity CLI,Gemini,Native,native,10x_chromium_3_gene_expression_v4,10x 3' GEX v4,pending,err_0006,T2,workflow_or_topology_error,oligo_family,True,unresolved,unresolved,pending,unresolved,,0
gemini_antigravity,Gemini + Antigravity CLI,Gemini,Native,native,10x_chromium_3_gene_expression_v4,10x 3' GEX v4,pending,err_0007,T2,molecular_state_or_assembly_error,oligo_family,True,unresolved,unresolved,pending,unresolved,,0
gemini_antigravity,Gemini + Antigravity CLI,Gemini,Native,native,10x_chromium_3_gene_expression_v4,10x 3' GEX v4,pending,err_0008,T2,workflow_or_topology_error,oligo_family,True,unresolved,unresolved,pending,unresolved,,0
gemini_antigravity,Gemini + Antigravity CLI,Gemini,Native,native,10x_chromium_3_gene_expression_v4,10x 3' GEX v4,pending,err_0009,T2,molecular_state_or_assembly_error,oligo_family,True,unresolved,unresolved,pending,unresolved,,0
gemini_antigravity,Gemini + Antigravity CLI,Gemini,Native,native,10x_chromium_3_gene_expression_v4,10x 3' GEX v4,pending,err_0010,T2,workflow_or_topology_error,oligo_family,True,unresolved,unresolved,pending,unresolved,,0
gemini_antigravity,Gemini + Antigravity CLI,Gemini,Native,native,10x_chromium_3_gene_expression_v4,10x 3' GEX v4,pending,err_0011,T3,molecular_state_or_assembly_error,state,True,unresolved,unresolved,pending,unresolved,,0
gemini_antigravity,Gemini + Antigravity CLI,Gemini,Native,native,10x_chromium_3_gene_expression_v4,10x 3' GEX v4,pending,err_0012,T3,molecular_state_or_assembly_error,state,True,unresolved,unresolved,pending,unresolved,,0
gemini_antigravity,Gemini + Antigravity CLI,Gemini,Native,native,10x_chromium_3_gene_expression_v4,10x 3' GEX v4,pending,err_0013,T3,molecular_state_or_assembly_error,state,True,unresolved,unresolved,pending,unresolved,,0
gemini_antigravity,Gemini + Antigravity CLI,Gemini,Native,native,10x_chromium_3_gene_expression_v4,10x 3' GEX v4,pending,err_0014,T3,molecular_state_or_assembly_error,state,True,unresolved,unresolved,pending,unresolved,,0
gemini_antigravity,Gemini + Antigravity CLI,Gemini,Native,native,10x_chromium_3_gene_expression_v4,10x 3' GEX v4,pending,err_0015,T3,molecular_state_or_assembly_error,state,True,unresolved,unresolved,pending,unresolved,,0
gemini_antigravity,Gemini + Antigravity CLI,Gemini,Native,native,10x_chromium_3_gene_expression_v4,10x 3' GEX v4,pending,err_0016,T3,molecular_state_or_assembly_error,state,True,unresolved,unresolved,pending,unresolved,,0
gemini_antigravity,Gemini + Antigravity CLI,Gemini,Native,native,10x_chromium_3_gene_expression_v4,10x 3' GEX v4,pending,err_0017,T3,molecular_state_or_assembly_error,state,True,unresolved,unresolved,pending,unresolved,,0
gemini_antigravity,Gemini + Antigravity CLI,Gemini,Native,native,10x_chromium_3_gene_expression_v4,10x 3' GEX v4,pending,err_0018,T3,workflow_or_topology_error,transition,True,unresolved,unresolved,pending,unresolved,,0
gemini_antigravity,Gemini + Antigravity CLI,Gemini,Native,native,10x_chromium_3_gene_expression_v4,10x 3' GEX v4,pending,err_0019,T3,workflow_or_topology_error,transition,True,unresolved,unresolved,pending,unresolved,,0
gemini_antigravity,Gemini + Antigravity CLI,Gemini,Native,native,10x_chromium_3_gene_expression_v4,10x 3' GEX v4,pending,err_0020,T3,workflow_or_topology_error,transition,True,unresolved,unresolved,pending,unresolved,,0
gemini_antigravity,Gemini + Antigravity CLI,Gemini,Native,native,ddseq_single_cell_3_rna_seq_kit,ddSEQ 3' RNA,pending,err_0001,T2,unsupported_completion,oligo_family,True,unresolved,unresolved,pending,unresolved,,0
gemini_antigravity,Gemini + Antigravity CLI,Gemini,Native,native,ddseq_single_cell_3_rna_seq_kit,ddSEQ 3' RNA,pending,err_0002,T2,unsupported_completion,oligo_family,True,unresolved,unresolved,pending,unresolved,,0
gemini_antigravity,Gemini + Antigravity CLI,Gemini,Native,native,ddseq_single_cell_3_rna_seq_kit,ddSEQ 3' RNA,pending,err_0003,T2,unsupported_completion,oligo_family,True,unresolved,unresolved,pending,unresolved,,0
gemini_antigravity,Gemini + Antigravity CLI,Gemini,Native,native,ddseq_single_cell_3_rna_seq_kit,ddSEQ 3' RNA,pending,err_0004,T2,unsupported_completion,oligo_family,True,unresolved,unresolved,pending,unresolved,,0
gemini_antigravity,Gemini + Antigravity CLI,Gemini,Native,native,ddseq_single_cell_3_rna_seq_kit,ddSEQ 3' RNA,pending,err_0005,T2,unsupported_completion,oligo_family,True,unresolved,unresolved,pending,unresolved,,0
gemini_antigravity,Gemini + Antigravity CLI,Gemini,Native,native,ddseq_single_cell_3_rna_seq_kit,ddSEQ 3' RNA,pending,err_0006,T3,missing_recoverable_information,state,True,unresolved,unresolved,pending,unresolved,,0
gemini_antigravity,Gemini + Antigravity CLI,Gemini,Native,native,ddseq_single_cell_3_rna_seq_kit,ddSEQ 3' RNA,pending,err_0007,T3,missing_recoverable_information,state,True,unresolved,unresolved,pending,unresolved,,0
gemini_antigravity,Gemini + Antigravity CLI,Gemini,Native,native,ddseq_single_cell_3_rna_seq_kit,ddSEQ 3' RNA,pending,err_0008,T3,missing_recoverable_information,state,True,unresolved,unresolved,pending,unresolved,,0
gemini_antigravity,Gemini + Antigravity CLI,Gemini,Native,native,ddseq_single_cell_3_rna_seq_kit,ddSEQ 3' RNA,pending,err_0009,T3,unsupported_completion,state,True,unresolved,unresolved,pending,unresolved,,0
gemini_antigravity,Gemini + Antigravity CLI,Gemini,Native,native,ddseq_single_cell_3_rna_seq_kit,ddSEQ 3' RNA,pending,err_0010,T3,missing_recoverable_information,transition,True,unresolved,unresolved,pending,unresolved,,0
gemini_antigravity,Gemini + Antigravity CLI,Gemini,Native,native,ddseq_single_cell_3_rna_seq_kit,ddSEQ 3' RNA,pending,err_0011,T3,missing_recoverable_information,transition,True,unresolved,unresolved,pending,unresolved,,0
gemini_antigravity,Gemini + Antigravity CLI,Gemini,Native,native,ddseq_single_cell_3_rna_seq_kit,ddSEQ 3' RNA,pending,err_0012,T3,missing_recoverable_information,transition,True,unresolved,unresolved,pending,unresolved,,0
gemini_antigravity,Gemini + Antigravity CLI,Gemini,Native,native,ddseq_single_cell_3_rna_seq_kit,ddSEQ 3' RNA,pending,err_0013,T3,workflow_or_topology_error,terminal_output,True,unresolved,unresolved,pending,unresolved,,0
gemini_antigravity,Gemini + Antigravity CLI,Gemini,Native,native,ddseq_single_cell_3_rna_seq_kit,ddSEQ 3' RNA,pending,err_0014,T3,molecular_state_or_assembly_error,state,True,unresolved,unresolved,pending,unresolved,,0
gemini_antigravity,Gemini + Antigravity CLI,Gemini,Native,native,ddseq_single_cell_3_rna_seq_kit,ddSEQ 3' RNA,pending,err_0015,T3,workflow_or_topology_error,transition,True,unresolved,unresolved,pending,unresolved,,0
gemini_antigravity,Gemini + Antigravity CLI,Gemini,Native,native,ddseq_single_cell_3_rna_seq_kit,ddSEQ 3' RNA,pending,err_0016,T3,workflow_or_topology_error,transition,True,unresolved,unresolved,pending,unresolved,,0
gemini_antigravity,Gemini + Antigravity CLI,Gemini,Native,native,ddseq_single_cell_3_rna_seq_kit,ddSEQ 3' RNA,pending,err_0017,T3,workflow_or_topology_error,transition,True,unresolved,unresolved,pending,unresolved,,0
gemini_antigravity,Gemini + Antigravity CLI,Gemini,Native,native,ddseq_single_cell_3_rna_seq_kit,ddSEQ 3' RNA,pending,err_0018,T3,workflow_or_topology_error,transition,True,unresolved,unresolved,pending,unresolved,,0
gemini_antigravity,Gemini + Antigravity CLI,Gemini,Native,native,ddseq_single_cell_3_rna_seq_kit,ddSEQ 3' RNA,pending,err_0019,T3,workflow_or_topology_error,typed_edge,True,unresolved,unresolved,pending,unresolved,,0
gemini_antigravity,Gemini + Antigravity CLI,Gemini,Native,native,ddseq_single_cell_3_rna_seq_kit,ddSEQ 3' RNA,pending,err_0020,T3,workflow_or_topology_error,typed_edge,True,unresolved,unresolved,pending,unresolved,,0
gemini_antigravity,Gemini + Antigravity CLI,Gemini,Native,native,ddseq_single_cell_3_rna_seq_kit,ddSEQ 3' RNA,pending,err_0021,T3,workflow_or_topology_error,typed_edge,True,unresolved,unresolved,pending,unresolved,,0
gemini_antigravity,Gemini + Antigravity CLI,Gemini,Native,native,ddseq_single_cell_3_rna_seq_kit,ddSEQ 3' RNA,pending,err_0022,T3,workflow_or_topology_error,typed_edge,True,unresolved,unresolved,pending,unresolved,,0
gemini_antigravity,Gemini + Antigravity CLI,Gemini,Native,native,ddseq_single_cell_3_rna_seq_kit,ddSEQ 3' RNA,pending,err_0023,T3,workflow_or_topology_error,typed_edge,True,unresolved,unresolved,pending,unresolved,,0
gemini_antigravity,Gemini + Antigravity CLI,Gemini,Native,native,ddseq_single_cell_3_rna_seq_kit,ddSEQ 3' RNA,pending,err_0024,T3,workflow_or_topology_error,typed_edge,True,unresolved,unresolved,pending,unresolved,,0
gemini_antigravity,Gemini + Antigravity CLI,Gemini,Native,native,ddseq_single_cell_3_rna_seq_kit,ddSEQ 3' RNA,pending,err_0025,T3,workflow_or_topology_error,typed_edge,True,unresolved,unresolved,pending,unresolved,,0
gemini_antigravity,Gemini + Antigravity CLI,Gemini,Native,native,ddseq_single_cell_3_rna_seq_kit,ddSEQ 3' RNA,pending,err_0026,T3,workflow_or_topology_error,typed_edge,True,unresolved,unresolved,pending,unresolved,,0
gemini_antigravity,Gemini + Antigravity CLI,Gemini,Native,native,ddseq_single_cell_3_rna_seq_kit,ddSEQ 3' RNA,pending,err_0027,T3,workflow_or_topology_error,typed_edge,True,unresolved,unresolved,pending,unresolved,,0
gemini_antigravity,Gemini + Antigravity CLI,Gemini,Native,native,ddseq_single_cell_3_rna_seq_kit,ddSEQ 3' RNA,pending,err_0028,T3,workflow_or_topology_error,typed_edge,True,unresolved,unresolved,pending,unresolved,,0
gemini_antigravity,Gemini + Antigravity CLI,Gemini,Native,native,ddseq_single_cell_3_rna_seq_kit,ddSEQ 3' RNA,pending,err_0029,T3,workflow_or_topology_error,typed_edge,True,unresolved,unresolved,pending,unresolved,,0
gemini_antigravity,Gemini + Antigravity CLI,Gemini,Native,native,ddseq_single_cell_3_rna_seq_kit,ddSEQ 3' RNA,pending,err_0030,T3,workflow_or_topology_error,typed_edge,True,unresolved,unresolved,pending,unresolved,,0
gemini_antigravity,Gemini + Antigravity CLI,Gemini,Native,native,ddseq_single_cell_3_rna_seq_kit,ddSEQ 3' RNA,pending,err_0031,T3,workflow_or_topology_error,typed_edge,True,unresolved,unresolved,pending,unresolved,,0
gemini_antigravity,Gemini + Antigravity CLI,Gemini,Native,native,ddseq_single_cell_3_rna_seq_kit,ddSEQ 3' RNA,pending,err_0032,T3,workflow_or_topology_error,typed_edge,True,unresolved,unresolved,pending,unresolved,,0
gemini_antigravity,Gemini + Antigravity CLI,Gemini,Native,native,ddseq_single_cell_3_rna_seq_kit,ddSEQ 3' RNA,pending,err_0033,T3,workflow_or_topology_error,typed_edge,True,unresolved,unresolved,pending,unresolved,,0
gemini_antigravity,Gemini + Antigravity CLI,Gemini,Native,native,ddseq_single_cell_3_rna_seq_kit,ddSEQ 3' RNA,pending,err_0034,T3,workflow_or_topology_error,typed_edge,True,unresolved,unresolved,pending,unresolved,,0
gemini_antigravity,Gemini + Antigravity CLI,Gemini,Native,native,ddseq_single_cell_3_rna_seq_kit,ddSEQ 3' RNA,pending,err_0035,T3,workflow_or_topology_error,typed_edge,True,unresolved,unresolved,pending,unresolved,,0
gemini_antigravity,Gemini + Antigravity CLI,Gemini,Native,native,ddseq_single_cell_3_rna_seq_kit,ddSEQ 3' RNA,pending,err_0036,T3,workflow_or_topology_error,typed_edge,True,unresolved,unresolved,pending,unresolved,,0
gemini_antigravity,Gemini + Antigravity CLI,Gemini,Native,native,ddseq_single_cell_3_rna_seq_kit,ddSEQ 3' RNA,pending,err_0037,T3,workflow_or_topology_error,typed_edge,True,unresolved,unresolved,pending,unresolved,,0
gemini_antigravity,Gemini + Antigravity CLI,Gemini,Native,native,ddseq_single_cell_3_rna_seq_kit,ddSEQ 3' RNA,pending,err_0038,T3,workflow_or_topology_error,typed_edge,True,unresolved,unresolved,pending,unresolved,,0
gemini_antigravity,Gemini + Antigravity CLI,Gemini,Native,native,ddseq_single_cell_3_rna_seq_kit,ddSEQ 3' RNA,pending,err_0039,T3,workflow_or_topology_error,typed_edge,True,unresolved,unresolved,pending,unresolved,,0
gemini_antigravity,Gemini + Antigravity CLI,Gemini,Native,native,dr_seq,DR-seq,pending,err_0001,T2,unsupported_completion,oligo_family,True,unresolved,unresolved,pending,unresolved,,0
gemini_antigravity,Gemini + Antigravity CLI,Gemini,Native,native,dr_seq,DR-seq,pending,err_0002,T2,unsupported_completion,oligo_family,True,unresolved,unresolved,pending,unresolved,,0
gemini_antigravity,Gemini + Antigravity CLI,Gemini,Native,native,dr_seq,DR-seq,pending,err_0003,T2,unsupported_completion,oligo_family,True,unresolved,unresolved,pending,unresolved,,0
gemini_antigravity,Gemini + Antigravity CLI,Gemini,Native,native,dr_seq,DR-seq,pending,err_0004,T2,unsupported_completion,oligo_family,True,unresolved,unresolved,pending,unresolved,,0
gemini_antigravity,Gemini + Antigravity CLI,Gemini,Native,native,dr_seq,DR-seq,pending,err_0005,T2,unsupported_completion,oligo_family,True,unresolved,unresolved,pending,unresolved,,0
gemini_antigravity,Gemini + Antigravity CLI,Gemini,Native,native,dr_seq,DR-seq,pending,err_0006,T2,unsupported_completion,oligo_family,True,unresolved,unresolved,pending,unresolved,,0
gemini_antigravity,Gemini + Antigravity CLI,Gemini,Native,native,dr_seq,DR-seq,pending,err_0007,T2,unsupported_completion,oligo_family,True,unresolved,unresolved,pending,unresolved,,0
gemini_antigravity,Gemini + Antigravity CLI,Gemini,Native,native,dr_seq,DR-seq,pending,err_0008,T3,unsupported_completion,state,True,unresolved,unresolved,pending,unresolved,,0
gemini_antigravity,Gemini + Antigravity CLI,Gemini,Native,native,dr_seq,DR-seq,pending,err_0009,T3,unsupported_completion,state,True,unresolved,unresolved,pending,unresolved,,0
gemini_antigravity,Gemini + Antigravity CLI,Gemini,Native,native,dr_seq,DR-seq,pending,err_0010,T3,unsupported_completion,transition,True,unresolved,unresolved,pending,unresolved,,0
gemini_antigravity,Gemini + Antigravity CLI,Gemini,Native,native,dr_seq,DR-seq,pending,err_0011,T3,unsupported_completion,transition,True,unresolved,unresolved,pending,unresolved,,0
gemini_antigravity,Gemini + Antigravity CLI,Gemini,Native,native,dr_seq,DR-seq,pending,err_0012,T3,molecular_state_or_assembly_error,state,True,unresolved,unresolved,pending,unresolved,,0
gemini_antigravity,Gemini + Antigravity CLI,Gemini,Native,native,dr_seq,DR-seq,pending,err_0013,T3,molecular_state_or_assembly_error,state,True,unresolved,unresolved,pending,unresolved,,0
gemini_antigravity,Gemini + Antigravity CLI,Gemini,Native,native,dr_seq,DR-seq,pending,err_0014,T3,molecular_state_or_assembly_error,state,True,unresolved,unresolved,pending,unresolved,,0
gemini_antigravity,Gemini + Antigravity CLI,Gemini,Native,native,dr_seq,DR-seq,pending,err_0015,T3,molecular_state_or_assembly_error,state,True,unresolved,unresolved,pending,unresolved,,0
gemini_antigravity,Gemini + Antigravity CLI,Gemini,Native,native,dr_seq,DR-seq,pending,err_0016,T3,molecular_state_or_assembly_error,state,True,unresolved,unresolved,pending,unresolved,,0
gemini_antigravity,Gemini + Antigravity CLI,Gemini,Native,native,dr_seq,DR-seq,pending,err_0017,T3,molecular_state_or_assembly_error,state,True,unresolved,unresolved,pending,unresolved,,0
gemini_antigravity,Gemini + Antigravity CLI,Gemini,Native,native,dr_seq,DR-seq,pending,err_0018,T3,molecular_state_or_assembly_error,state,True,unresolved,unresolved,pending,unresolved,,0
gemini_antigravity,Gemini + Antigravity CLI,Gemini,Native,native,dr_seq,DR-seq,pending,err_0019,T3,molecular_state_or_assembly_error,state,True,unresolved,unresolved,pending,unresolved,,0
gemini_antigravity,Gemini + Antigravity CLI,Gemini,Native,native,dr_seq,DR-seq,pending,err_0020,T3,molecular_state_or_assembly_error,state,True,unresolved,unresolved,pending,unresolved,,0
gemini_antigravity,Gemini + Antigravity CLI,Gemini,Native,native,dr_seq,DR-seq,pending,err_0021,T3,molecular_state_or_assembly_error,state,True,unresolved,unresolved,pending,unresolved,,0
gemini_antigravity,Gemini + Antigravity CLI,Gemini,Native,native,dr_seq,DR-seq,pending,err_0022,T3,molecular_state_or_assembly_error,state,True,unresolved,unresolved,pending,unresolved,,0
gemini_antigravity,Gemini + Antigravity CLI,Gemini,Native,native,dr_seq,DR-seq,pending,err_0023,T3,molecular_state_or_assembly_error,state,True,unresolved,unresolved,pending,unresolved,,0
gemini_antigravity,Gemini + Antigravity CLI,Gemini,Native,native,dr_seq,DR-seq,pending,err_0024,T3,molecular_state_or_assembly_error,state,True,unresolved,unresolved,pending,unresolved,,0
gemini_antigravity,Gemini + Antigravity CLI,Gemini,Native,native,dr_seq,DR-seq,pending,err_0025,T3,molecular_state_or_assembly_error,state,True,unresolved,unresolved,pending,unresolved,,0
gemini_antigravity,Gemini + Antigravity CLI,Gemini,Native,native,dr_seq,DR-seq,pending,err_0026,T3,molecular_state_or_assembly_error,state,True,unresolved,unresolved,pending,unresolved,,0
gemini_antigravity,Gemini + Antigravity CLI,Gemini,Native,native,dr_seq,DR-seq,pending,err_0027,T3,molecular_state_or_assembly_error,state,True,unresolved,unresolved,pending,unresolved,,0
gemini_antigravity,Gemini + Antigravity CLI,Gemini,Native,native,dr_seq,DR-seq,pending,err_0028,T3,workflow_or_topology_error,transition,True,unresolved,unresolved,pending,unresolved,,0
gemini_antigravity,Gemini + Antigravity CLI,Gemini,Native,native,dr_seq,DR-seq,pending,err_0029,T3,workflow_or_topology_error,transition,True,unresolved,unresolved,pending,unresolved,,0
gemini_antigravity,Gemini + Antigravity CLI,Gemini,Native,native,dr_seq,DR-seq,pending,err_0030,T3,workflow_or_topology_error,transition,True,unresolved,unresolved,pending,unresolved,,0
gemini_antigravity,Gemini + Antigravity CLI,Gemini,Native,native,dr_seq,DR-seq,pending,err_0031,T3,workflow_or_topology_error,transition,True,unresolved,unresolved,pending,unresolved,,0
gemini_antigravity,Gemini + Antigravity CLI,Gemini,Native,native,dr_seq,DR-seq,pending,err_0032,T3,workflow_or_topology_error,transition,True,unresolved,unresolved,pending,unresolved,,0
gemini_antigravity,Gemini + Antigravity CLI,Gemini,Native,native,dr_seq,DR-seq,pending,err_0033,T3,workflow_or_topology_error,transition,True,unresolved,unresolved,pending,unresolved,,0
gemini_antigravity,Gemini + Antigravity CLI,Gemini,Native,native,dr_seq,DR-seq,pending,err_0034,T3,workflow_or_topology_error,transition,True,unresolved,unresolved,pending,unresolved,,0
gemini_antigravity,Gemini + Antigravity CLI,Gemini,Native,native,dr_seq,DR-seq,pending,err_0035,T3,workflow_or_topology_error,transition,True,unresolved,unresolved,pending,unresolved,,0
gemini_antigravity,Gemini + Antigravity CLI,Gemini,Native,native,dr_seq,DR-seq,pending,err_0036,T3,operation_error,transition,True,unresolved,unresolved,pending,unresolved,,0
gemini_antigravity,Gemini + Antigravity CLI,Gemini,Native,native,dr_seq,DR-seq,pending,err_0037,T3,workflow_or_topology_error,transition,True,unresolved,unresolved,pending,unresolved,,0
gemini_antigravity,Gemini + Antigravity CLI,Gemini,Native,native,dr_seq,DR-seq,pending,err_0038,T3,workflow_or_topology_error,typed_edge,True,unresolved,unresolved,pending,unresolved,,0
gemini_antigravity,Gemini + Antigravity CLI,Gemini,Native,native,dr_seq,DR-seq,pending,err_0039,T3,workflow_or_topology_error,typed_edge,True,unresolved,unresolved,pending,unresolved,,0
gemini_antigravity,Gemini + Antigravity CLI,Gemini,Native,native,dr_seq,DR-seq,pending,err_0040,T3,workflow_or_topology_error,typed_edge,True,unresolved,unresolved,pending,unresolved,,0
gemini_antigravity,Gemini + Antigravity CLI,Gemini,Native,native,dr_seq,DR-seq,pending,err_0041,T3,workflow_or_topology_error,typed_edge,True,unresolved,unresolved,pending,unresolved,,0
gemini_antigravity,Gemini + Antigravity CLI,Gemini,Native,native,dr_seq,DR-seq,pending,err_0042,T3,workflow_or_topology_error,typed_edge,True,unresolved,unresolved,pending,unresolved,,0
gemini_antigravity,Gemini + Antigravity CLI,Gemini,Native,native,dr_seq,DR-seq,pending,err_0043,T3,workflow_or_topology_error,typed_edge,True,unresolved,unresolved,pending,unresolved,,0
gemini_antigravity,Gemini + Antigravity CLI,Gemini,Native,native,dr_seq,DR-seq,pending,err_0044,T3,workflow_or_topology_error,typed_edge,True,unresolved,unresolved,pending,unresolved,,0
gemini_antigravity,Gemini + Antigravity CLI,Gemini,Native,native,dr_seq,DR-seq,pending,err_0045,T3,workflow_or_topology_error,typed_edge,True,unresolved,unresolved,pending,unresolved,,0
gemini_antigravity,Gemini + Antigravity CLI,Gemini,Native,native,dr_seq,DR-seq,pending,err_0046,T3,workflow_or_topology_error,typed_edge,True,unresolved,unresolved,pending,unresolved,,0
gemini_antigravity,Gemini + Antigravity CLI,Gemini,Native,native,dr_seq,DR-seq,pending,err_0047,T3,workflow_or_topology_error,typed_edge,True,unresolved,unresolved,pending,unresolved,,0
gemini_antigravity,Gemini + Antigravity CLI,Gemini,Native,native,dr_seq,DR-seq,pending,err_0048,T3,workflow_or_topology_error,typed_edge,True,unresolved,unresolved,pending,unresolved,,0
gemini_antigravity,Gemini + Antigravity CLI,Gemini,Native,native,dr_seq,DR-seq,pending,err_0049,T3,workflow_or_topology_error,typed_edge,True,unresolved,unresolved,pending,unresolved,,0
gemini_antigravity,Gemini + Antigravity CLI,Gemini,Native,native,dr_seq,DR-seq,pending,err_0050,T3,workflow_or_topology_error,typed_edge,True,unresolved,unresolved,pending,unresolved,,0
gemini_antigravity,Gemini + Antigravity CLI,Gemini,Native,native,dr_seq,DR-seq,pending,err_0051,T3,workflow_or_topology_error,typed_edge,True,unresolved,unresolved,pending,unresolved,,0
gemini_antigravity,Gemini + Antigravity CLI,Gemini,Native,native,dr_seq,DR-seq,pending,err_0052,T3,workflow_or_topology_error,typed_edge,True,unresolved,unresolved,pending,unresolved,,0
gemini_antigravity,Gemini + Antigravity CLI,Gemini,Native,native,dr_seq,DR-seq,pending,err_0053,T3,workflow_or_topology_error,typed_edge,True,unresolved,unresolved,pending,unresolved,,0
gemini_antigravity,Gemini + Antigravity CLI,Gemini,Native,native,dr_seq,DR-seq,pending,err_0054,T3,workflow_or_topology_error,typed_edge,True,unresolved,unresolved,pending,unresolved,,0
gemini_antigravity,Gemini + Antigravity CLI,Gemini,Native,native,dr_seq,DR-seq,pending,err_0055,T3,workflow_or_topology_error,typed_edge,True,unresolved,unresolved,pending,unresolved,,0
gemini_antigravity,Gemini + Antigravity CLI,Gemini,Native,native,dr_seq,DR-seq,pending,err_0056,T3,workflow_or_topology_error,typed_edge,True,unresolved,unresolved,pending,unresolved,,0
gemini_antigravity,Gemini + Antigravity CLI,Gemini,Native,native,dr_seq,DR-seq,pending,err_0057,T3,workflow_or_topology_error,typed_edge,True,unresolved,unresolved,pending,unresolved,,0
gemini_antigravity,Gemini + Antigravity CLI,Gemini,Native,native,dr_seq,DR-seq,pending,err_0058,T3,workflow_or_topology_error,typed_edge,True,unresolved,unresolved,pending,unresolved,,0
gemini_antigravity,Gemini + Antigravity CLI,Gemini,Native,native,dr_seq,DR-seq,pending,err_0059,T3,workflow_or_topology_error,typed_edge,True,unresolved,unresolved,pending,unresolved,,0
gemini_antigravity,Gemini + Antigravity CLI,Gemini,Native,native,dr_seq,DR-seq,pending,err_0060,T3,workflow_or_topology_error,typed_edge,True,unresolved,unresolved,pending,unresolved,,0
gemini_antigravity,Gemini + Antigravity CLI,Gemini,Native,native,dr_seq,DR-seq,pending,err_0061,T3,workflow_or_topology_error,typed_edge,True,unresolved,unresolved,pending,unresolved,,0
gemini_antigravity,Gemini + Antigravity CLI,Gemini,Native,native,dr_seq,DR-seq,pending,err_0062,T3,workflow_or_topology_error,typed_edge,True,unresolved,unresolved,pending,unresolved,,0
gemini_antigravity,Gemini + Antigravity CLI,Gemini,Native,native,dr_seq,DR-seq,pending,err_0063,T3,workflow_or_topology_error,typed_edge,True,unresolved,unresolved,pending,unresolved,,0
gemini_antigravity,Gemini + Antigravity CLI,Gemini,Native,native,dr_seq,DR-seq,pending,err_0064,T3,workflow_or_topology_error,typed_edge,True,unresolved,unresolved,pending,unresolved,,0
gemini_antigravity,Gemini + Antigravity CLI,Gemini,Native,native,dr_seq,DR-seq,pending,err_0065,T3,workflow_or_topology_error,typed_edge,True,unresolved,unresolved,pending,unresolved,,0
gemini_antigravity,Gemini + Antigravity CLI,Gemini,Native,native,dr_seq,DR-seq,pending,err_0066,T3,workflow_or_topology_error,typed_edge,True,unresolved,unresolved,pending,unresolved,,0
gemini_antigravity,Gemini + Antigravity CLI,Gemini,Native,native,dr_seq,DR-seq,pending,err_0067,T3,workflow_or_topology_error,typed_edge,True,unresolved,unresolved,pending,unresolved,,0
gemini_antigravity,Gemini + Antigravity CLI,Gemini,Native,native,dr_seq,DR-seq,pending,err_0068,T3,workflow_or_topology_error,typed_edge,True,unresolved,unresolved,pending,unresolved,,0
gemini_antigravity,Gemini + Antigravity CLI,Gemini,Native,native,dr_seq,DR-seq,pending,err_0069,T3,workflow_or_topology_error,typed_edge,True,unresolved,unresolved,pending,unresolved,,0
gemini_antigravity,Gemini + Antigravity CLI,Gemini,Native,native,dr_seq,DR-seq,pending,err_0070,T3,workflow_or_topology_error,typed_edge,True,unresolved,unresolved,pending,unresolved,,0
gemini_antigravity,Gemini + Antigravity CLI,Gemini,Native,native,dr_seq,DR-seq,pending,err_0071,T3,workflow_or_topology_error,typed_edge,True,unresolved,unresolved,pending,unresolved,,0
gemini_antigravity,Gemini + Antigravity CLI,Gemini,Native,native,dr_seq,DR-seq,pending,err_0072,T3,workflow_or_topology_error,typed_edge,True,unresolved,unresolved,pending,unresolved,,0
gemini_antigravity,Gemini + Antigravity CLI,Gemini,Native,native,dr_seq,DR-seq,pending,err_0073,T3,workflow_or_topology_error,typed_edge,True,unresolved,unresolved,pending,unresolved,,0
gemini_antigravity,Gemini + Antigravity CLI,Gemini,Native,native,dr_seq,DR-seq,pending,err_0074,T3,workflow_or_topology_error,typed_edge,True,unresolved,unresolved,pending,unresolved,,0
gemini_antigravity,Gemini + Antigravity CLI,Gemini,Native,native,dr_seq,DR-seq,pending,err_0075,T3,workflow_or_topology_error,typed_edge,True,unresolved,unresolved,pending,unresolved,,0
gemini_antigravity,Gemini + Antigravity CLI,Gemini,Native,native,dr_seq,DR-seq,pending,err_0076,T3,workflow_or_topology_error,typed_edge,True,unresolved,unresolved,pending,unresolved,,0
gemini_antigravity,Gemini + Antigravity CLI,Gemini,Native,native,dr_seq,DR-seq,pending,err_0077,T3,workflow_or_topology_error,typed_edge,True,unresolved,unresolved,pending,unresolved,,0
gemini_antigravity,Gemini + Antigravity CLI,Gemini,Native,native,dr_seq,DR-seq,pending,err_0078,T3,workflow_or_topology_error,typed_edge,True,unresolved,unresolved,pending,unresolved,,0
gemini_antigravity,Gemini + Antigravity CLI,Gemini,Native,native,indrop_v1,inDrop v1,pending,err_0001,T2,unsupported_completion,oligo_family,True,unresolved,unresolved,pending,unresolved,,0
gemini_antigravity,Gemini + Antigravity CLI,Gemini,Native,native,indrop_v1,inDrop v1,pending,err_0002,T2,unsupported_completion,oligo_family,True,unresolved,unresolved,pending,unresolved,,0
gemini_antigravity,Gemini + Antigravity CLI,Gemini,Native,native,indrop_v1,inDrop v1,pending,err_0003,T2,unsupported_completion,oligo_family,True,unresolved,unresolved,pending,unresolved,,0
gemini_antigravity,Gemini + Antigravity CLI,Gemini,Native,native,indrop_v1,inDrop v1,pending,err_0004,T2,unsupported_completion,oligo_family,True,unresolved,unresolved,pending,unresolved,,0
gemini_antigravity,Gemini + Antigravity CLI,Gemini,Native,native,indrop_v1,inDrop v1,pending,err_0005,T2,missing_recoverable_information,oligo_family,True,unresolved,unresolved,pending,unresolved,,0
gemini_antigravity,Gemini + Antigravity CLI,Gemini,Native,native,indrop_v1,inDrop v1,pending,err_0006,T2,workflow_or_topology_error,oligo_family,True,unresolved,unresolved,pending,unresolved,,0
gemini_antigravity,Gemini + Antigravity CLI,Gemini,Native,native,indrop_v1,inDrop v1,pending,err_0007,T2,missing_recoverable_information,oligo_family,True,unresolved,unresolved,pending,unresolved,,0
gemini_antigravity,Gemini + Antigravity CLI,Gemini,Native,native,indrop_v1,inDrop v1,pending,err_0008,T2,workflow_or_topology_error,oligo_family,True,unresolved,unresolved,pending,unresolved,,0
gemini_antigravity,Gemini + Antigravity CLI,Gemini,Native,native,indrop_v1,inDrop v1,pending,err_0009,T2,missing_recoverable_information,oligo_family,True,unresolved,unresolved,pending,unresolved,,0
gemini_antigravity,Gemini + Antigravity CLI,Gemini,Native,native,indrop_v1,inDrop v1,pending,err_0010,T2,molecular_state_or_assembly_error,oligo_family,True,unresolved,unresolved,pending,unresolved,,0
gemini_antigravity,Gemini + Antigravity CLI,Gemini,Native,native,indrop_v1,inDrop v1,pending,err_0011,T2,molecular_state_or_assembly_error,oligo_family,True,unresolved,unresolved,pending,unresolved,,0
gemini_antigravity,Gemini + Antigravity CLI,Gemini,Native,native,indrop_v1,inDrop v1,pending,err_0012,T2,workflow_or_topology_error,oligo_family,True,unresolved,unresolved,pending,unresolved,,0
gemini_antigravity,Gemini + Antigravity CLI,Gemini,Native,native,indrop_v1,inDrop v1,pending,err_0013,T2,molecular_state_or_assembly_error,oligo_family,True,unresolved,unresolved,pending,unresolved,,0
gemini_antigravity,Gemini + Antigravity CLI,Gemini,Native,native,indrop_v1,inDrop v1,pending,err_0014,T2,molecular_state_or_assembly_error,oligo_family,True,unresolved,unresolved,pending,unresolved,,0
gemini_antigravity,Gemini + Antigravity CLI,Gemini,Native,native,indrop_v1,inDrop v1,pending,err_0015,T2,molecular_state_or_assembly_error,oligo_family,True,unresolved,unresolved,pending,unresolved,,0
gemini_antigravity,Gemini + Antigravity CLI,Gemini,Native,native,indrop_v1,inDrop v1,pending,err_0016,T3,unsupported_completion,state,True,unresolved,unresolved,pending,unresolved,,0
gemini_antigravity,Gemini + Antigravity CLI,Gemini,Native,native,indrop_v1,inDrop v1,pending,err_0017,T3,unsupported_completion,transition,True,unresolved,unresolved,pending,unresolved,,0
gemini_antigravity,Gemini + Antigravity CLI,Gemini,Native,native,indrop_v1,inDrop v1,pending,err_0018,T3,molecular_state_or_assembly_error,state,True,unresolved,unresolved,pending,unresolved,,0
gemini_antigravity,Gemini + Antigravity CLI,Gemini,Native,native,indrop_v1,inDrop v1,pending,err_0019,T3,molecular_state_or_assembly_error,state,True,unresolved,unresolved,pending,unresolved,,0
gemini_antigravity,Gemini + Antigravity CLI,Gemini,Native,native,indrop_v1,inDrop v1,pending,err_0020,T3,molecular_state_or_assembly_error,state,True,unresolved,unresolved,pending,unresolved,,0
gemini_antigravity,Gemini + Antigravity CLI,Gemini,Native,native,indrop_v1,inDrop v1,pending,err_0021,T3,molecular_state_or_assembly_error,state,True,unresolved,unresolved,pending,unresolved,,0
gemini_antigravity,Gemini + Antigravity CLI,Gemini,Native,native,indrop_v1,inDrop v1,pending,err_0022,T3,molecular_state_or_assembly_error,state,True,unresolved,unresolved,pending,unresolved,,0
gemini_antigravity,Gemini + Antigravity CLI,Gemini,Native,native,indrop_v1,inDrop v1,pending,err_0023,T3,molecular_state_or_assembly_error,state,True,unresolved,unresolved,pending,unresolved,,0
gemini_antigravity,Gemini + Antigravity CLI,Gemini,Native,native,indrop_v1,inDrop v1,pending,err_0024,T3,molecular_state_or_assembly_error,state,True,unresolved,unresolved,pending,unresolved,,0
gemini_antigravity,Gemini + Antigravity CLI,Gemini,Native,native,indrop_v1,inDrop v1,pending,err_0025,T3,workflow_or_topology_error,transition,True,unresolved,unresolved,pending,unresolved,,0
gemini_antigravity,Gemini + Antigravity CLI,Gemini,Native,native,indrop_v1,inDrop v1,pending,err_0026,T3,workflow_or_topology_error,transition,True,unresolved,unresolved,pending,unresolved,,0
gemini_antigravity,Gemini + Antigravity CLI,Gemini,Native,native,indrop_v1,inDrop v1,pending,err_0027,T3,workflow_or_topology_error,transition,True,unresolved,unresolved,pending,unresolved,,0
gemini_antigravity,Gemini + Antigravity CLI,Gemini,Native,native,indrop_v1,inDrop v1,pending,err_0028,T3,workflow_or_topology_error,transition,True,unresolved,unresolved,pending,unresolved,,0
gemini_antigravity,Gemini + Antigravity CLI,Gemini,Native,native,indrop_v1,inDrop v1,pending,err_0029,T3,workflow_or_topology_error,typed_edge,True,unresolved,unresolved,pending,unresolved,,0
gemini_antigravity,Gemini + Antigravity CLI,Gemini,Native,native,indrop_v1,inDrop v1,pending,err_0030,T3,workflow_or_topology_error,typed_edge,True,unresolved,unresolved,pending,unresolved,,0
gemini_antigravity,Gemini + Antigravity CLI,Gemini,Native,native,indrop_v1,inDrop v1,pending,err_0031,T3,workflow_or_topology_error,typed_edge,True,unresolved,unresolved,pending,unresolved,,0
gemini_antigravity,Gemini + Antigravity CLI,Gemini,Native,native,indrop_v1,inDrop v1,pending,err_0032,T3,workflow_or_topology_error,typed_edge,True,unresolved,unresolved,pending,unresolved,,0
gemini_antigravity,Gemini + Antigravity CLI,Gemini,Native,native,indrop_v1,inDrop v1,pending,err_0033,T3,workflow_or_topology_error,typed_edge,True,unresolved,unresolved,pending,unresolved,,0
gemini_antigravity,Gemini + Antigravity CLI,Gemini,Native,native,indrop_v1,inDrop v1,pending,err_0034,T3,workflow_or_topology_error,typed_edge,True,unresolved,unresolved,pending,unresolved,,0
gemini_antigravity,Gemini + Antigravity CLI,Gemini,Native,native,indrop_v1,inDrop v1,pending,err_0035,T3,workflow_or_topology_error,typed_edge,True,unresolved,unresolved,pending,unresolved,,0
gemini_antigravity,Gemini + Antigravity CLI,Gemini,Native,native,indrop_v1,inDrop v1,pending,err_0036,T3,workflow_or_topology_error,typed_edge,True,unresolved,unresolved,pending,unresolved,,0
gemini_antigravity,Gemini + Antigravity CLI,Gemini,Native,native,petri_seq,PETRI-seq,pending,err_0001,T2,unsupported_completion,oligo_family,True,unresolved,unresolved,pending,unresolved,,0
gemini_antigravity,Gemini + Antigravity CLI,Gemini,Native,native,petri_seq,PETRI-seq,pending,err_0002,T2,molecular_state_or_assembly_error,oligo_family,True,unresolved,unresolved,pending,unresolved,,0
gemini_antigravity,Gemini + Antigravity CLI,Gemini,Native,native,petri_seq,PETRI-seq,pending,err_0003,T2,molecular_state_or_assembly_error,oligo_family,True,unresolved,unresolved,pending,unresolved,,0
gemini_antigravity,Gemini + Antigravity CLI,Gemini,Native,native,petri_seq,PETRI-seq,pending,err_0004,T2,workflow_or_topology_error,oligo_family,True,unresolved,unresolved,pending,unresolved,,0
gemini_antigravity,Gemini + Antigravity CLI,Gemini,Native,native,petri_seq,PETRI-seq,pending,err_0005,T2,workflow_or_topology_error,oligo_family,True,unresolved,unresolved,pending,unresolved,,0
gemini_antigravity,Gemini + Antigravity CLI,Gemini,Native,native,petri_seq,PETRI-seq,pending,err_0006,T2,molecular_state_or_assembly_error,oligo_family,True,unresolved,unresolved,pending,unresolved,,0
gemini_antigravity,Gemini + Antigravity CLI,Gemini,Native,native,petri_seq,PETRI-seq,pending,err_0007,T2,workflow_or_topology_error,oligo_family,True,unresolved,unresolved,pending,unresolved,,0
gemini_antigravity,Gemini + Antigravity CLI,Gemini,Native,native,petri_seq,PETRI-seq,pending,err_0008,T2,missing_recoverable_information,oligo_family,True,unresolved,unresolved,pending,unresolved,,0
gemini_antigravity,Gemini + Antigravity CLI,Gemini,Native,native,petri_seq,PETRI-seq,pending,err_0009,T2,missing_recoverable_information,oligo_family,True,unresolved,unresolved,pending,unresolved,,0
gemini_antigravity,Gemini + Antigravity CLI,Gemini,Native,native,petri_seq,PETRI-seq,pending,err_0010,T2,workflow_or_topology_error,oligo_family,True,unresolved,unresolved,pending,unresolved,,0
gemini_antigravity,Gemini + Antigravity CLI,Gemini,Native,native,petri_seq,PETRI-seq,pending,err_0011,T2,molecular_state_or_assembly_error,oligo_family,True,unresolved,unresolved,pending,unresolved,,0
gemini_antigravity,Gemini + Antigravity CLI,Gemini,Native,native,petri_seq,PETRI-seq,pending,err_0012,T3,molecular_state_or_assembly_error,state,True,unresolved,unresolved,pending,unresolved,,0
gemini_antigravity,Gemini + Antigravity CLI,Gemini,Native,native,petri_seq,PETRI-seq,pending,err_0013,T3,molecular_state_or_assembly_error,state,True,unresolved,unresolved,pending,unresolved,,0
gemini_antigravity,Gemini + Antigravity CLI,Gemini,Native,native,petri_seq,PETRI-seq,pending,err_0014,T3,molecular_state_or_assembly_error,state,True,unresolved,unresolved,pending,unresolved,,0
gemini_antigravity,Gemini + Antigravity CLI,Gemini,Native,native,petri_seq,PETRI-seq,pending,err_0015,T3,molecular_state_or_assembly_error,state,True,unresolved,unresolved,pending,unresolved,,0
gemini_antigravity,Gemini + Antigravity CLI,Gemini,Native,native,petri_seq,PETRI-seq,pending,err_0016,T3,molecular_state_or_assembly_error,state,True,unresolved,unresolved,pending,unresolved,,0
gemini_antigravity,Gemini + Antigravity CLI,Gemini,Native,native,petri_seq,PETRI-seq,pending,err_0017,T3,molecular_state_or_assembly_error,state,True,unresolved,unresolved,pending,unresolved,,0
gemini_antigravity,Gemini + Antigravity CLI,Gemini,Native,native,petri_seq,PETRI-seq,pending,err_0018,T3,molecular_state_or_assembly_error,state,True,unresolved,unresolved,pending,unresolved,,0
gemini_antigravity,Gemini + Antigravity CLI,Gemini,Native,native,petri_seq,PETRI-seq,pending,err_0019,T3,workflow_or_topology_error,transition,True,unresolved,unresolved,pending,unresolved,,0
gemini_antigravity,Gemini + Antigravity CLI,Gemini,Native,native,pip_seq_v4,PIP-seq v4,pending,err_0001,T2,unsupported_completion,oligo_family,True,unresolved,unresolved,pending,unresolved,,0
gemini_antigravity,Gemini + Antigravity CLI,Gemini,Native,native,pip_seq_v4,PIP-seq v4,pending,err_0002,T2,missing_recoverable_information,oligo_family,True,unresolved,unresolved,pending,unresolved,,0
gemini_antigravity,Gemini + Antigravity CLI,Gemini,Native,native,pip_seq_v4,PIP-seq v4,pending,err_0003,T2,molecular_state_or_assembly_error,oligo_family,True,unresolved,unresolved,pending,unresolved,,0
gemini_antigravity,Gemini + Antigravity CLI,Gemini,Native,native,pip_seq_v4,PIP-seq v4,pending,err_0004,T2,molecular_state_or_assembly_error,oligo_family,True,unresolved,unresolved,pending,unresolved,,0
gemini_antigravity,Gemini + Antigravity CLI,Gemini,Native,native,pip_seq_v4,PIP-seq v4,pending,err_0005,T2,molecular_state_or_assembly_error,oligo_family,True,unresolved,unresolved,pending,unresolved,,0
gemini_antigravity,Gemini + Antigravity CLI,Gemini,Native,native,pip_seq_v4,PIP-seq v4,pending,err_0006,T2,molecular_state_or_assembly_error,oligo_family,True,unresolved,unresolved,pending,unresolved,,0
gemini_antigravity,Gemini + Antigravity CLI,Gemini,Native,native,pip_seq_v4,PIP-seq v4,pending,err_0007,T2,missing_recoverable_information,oligo_family,True,unresolved,unresolved,pending,unresolved,,0
gemini_antigravity,Gemini + Antigravity CLI,Gemini,Native,native,pip_seq_v4,PIP-seq v4,pending,err_0008,T2,molecular_state_or_assembly_error,oligo_family,True,unresolved,unresolved,pending,unresolved,,0
gemini_antigravity,Gemini + Antigravity CLI,Gemini,Native,native,pip_seq_v4,PIP-seq v4,pending,err_0009,T2,molecular_state_or_assembly_error,oligo_family,True,unresolved,unresolved,pending,unresolved,,0
gemini_antigravity,Gemini + Antigravity CLI,Gemini,Native,native,pip_seq_v4,PIP-seq v4,pending,err_0010,T2,workflow_or_topology_error,oligo_family,True,unresolved,unresolved,pending,unresolved,,0
gemini_antigravity,Gemini + Antigravity CLI,Gemini,Native,native,pip_seq_v4,PIP-seq v4,pending,err_0011,T2,molecular_state_or_assembly_error,oligo_family,True,unresolved,unresolved,pending,unresolved,,0
gemini_antigravity,Gemini + Antigravity CLI,Gemini,Native,native,pip_seq_v4,PIP-seq v4,pending,err_0012,T2,workflow_or_topology_error,oligo_family,True,unresolved,unresolved,pending,unresolved,,0
gemini_antigravity,Gemini + Antigravity CLI,Gemini,Native,native,pip_seq_v4,PIP-seq v4,pending,err_0013,T3,missing_recoverable_information,state,True,unresolved,unresolved,pending,unresolved,,0
gemini_antigravity,Gemini + Antigravity CLI,Gemini,Native,native,pip_seq_v4,PIP-seq v4,pending,err_0014,T3,missing_recoverable_information,state,True,unresolved,unresolved,pending,unresolved,,0
gemini_antigravity,Gemini + Antigravity CLI,Gemini,Native,native,pip_seq_v4,PIP-seq v4,pending,err_0015,T3,missing_recoverable_information,transition,True,unresolved,unresolved,pending,unresolved,,0
gemini_antigravity,Gemini + Antigravity CLI,Gemini,Native,native,pip_seq_v4,PIP-seq v4,pending,err_0016,T3,molecular_state_or_assembly_error,state,True,unresolved,unresolved,pending,unresolved,,0
gemini_antigravity,Gemini + Antigravity CLI,Gemini,Native,native,pip_seq_v4,PIP-seq v4,pending,err_0017,T3,molecular_state_or_assembly_error,state,True,unresolved,unresolved,pending,unresolved,,0
gemini_antigravity,Gemini + Antigravity CLI,Gemini,Native,native,pip_seq_v4,PIP-seq v4,pending,err_0018,T3,molecular_state_or_assembly_error,state,True,unresolved,unresolved,pending,unresolved,,0
gemini_antigravity,Gemini + Antigravity CLI,Gemini,Native,native,pip_seq_v4,PIP-seq v4,pending,err_0019,T3,molecular_state_or_assembly_error,state,True,unresolved,unresolved,pending,unresolved,,0
gemini_antigravity,Gemini + Antigravity CLI,Gemini,Native,native,pip_seq_v4,PIP-seq v4,pending,err_0020,T3,molecular_state_or_assembly_error,state,True,unresolved,unresolved,pending,unresolved,,0
gemini_antigravity,Gemini + Antigravity CLI,Gemini,Native,native,pip_seq_v4,PIP-seq v4,pending,err_0021,T3,molecular_state_or_assembly_error,state,True,unresolved,unresolved,pending,unresolved,,0
gemini_antigravity,Gemini + Antigravity CLI,Gemini,Native,native,pip_seq_v4,PIP-seq v4,pending,err_0022,T3,workflow_or_topology_error,transition,True,unresolved,unresolved,pending,unresolved,,0
gemini_antigravity,Gemini + Antigravity CLI,Gemini,Native,native,pip_seq_v4,PIP-seq v4,pending,err_0023,T3,workflow_or_topology_error,transition,True,unresolved,unresolved,pending,unresolved,,0
gemini_antigravity,Gemini + Antigravity CLI,Gemini,Native,native,pip_seq_v4,PIP-seq v4,pending,err_0024,T3,workflow_or_topology_error,transition,True,unresolved,unresolved,pending,unresolved,,0
gemini_antigravity,Gemini + Antigravity CLI,Gemini,Native,native,pip_seq_v4,PIP-seq v4,pending,err_0025,T3,operation_error,transition,True,unresolved,unresolved,pending,unresolved,,0
gemini_antigravity,Gemini + Antigravity CLI,Gemini,Native,native,pip_seq_v4,PIP-seq v4,pending,err_0026,T3,workflow_or_topology_error,typed_edge,True,unresolved,unresolved,pending,unresolved,,0
gemini_antigravity,Gemini + Antigravity CLI,Gemini,Native,native,pip_seq_v4,PIP-seq v4,pending,err_0027,T3,workflow_or_topology_error,typed_edge,True,unresolved,unresolved,pending,unresolved,,0
gemini_antigravity,Gemini + Antigravity CLI,Gemini,Native,native,pip_seq_v4,PIP-seq v4,pending,err_0028,T3,workflow_or_topology_error,typed_edge,True,unresolved,unresolved,pending,unresolved,,0
gemini_antigravity,Gemini + Antigravity CLI,Gemini,Native,native,pip_seq_v4,PIP-seq v4,pending,err_0029,T3,workflow_or_topology_error,typed_edge,True,unresolved,unresolved,pending,unresolved,,0
gemini_antigravity,Gemini + Antigravity CLI,Gemini,Native,native,pip_seq_v4,PIP-seq v4,pending,err_0030,T3,workflow_or_topology_error,typed_edge,True,unresolved,unresolved,pending,unresolved,,0
gemini_antigravity,Gemini + Antigravity CLI,Gemini,Native,native,sci_atac_seq,sci-ATAC-seq,pending,err_0001,T2,missing_recoverable_information,oligo_family,True,unresolved,unresolved,pending,unresolved,,0
gemini_antigravity,Gemini + Antigravity CLI,Gemini,Native,native,sci_atac_seq,sci-ATAC-seq,pending,err_0002,T2,missing_recoverable_information,oligo_family,True,unresolved,unresolved,pending,unresolved,,0
gemini_antigravity,Gemini + Antigravity CLI,Gemini,Native,native,sci_atac_seq,sci-ATAC-seq,pending,err_0003,T2,molecular_state_or_assembly_error,oligo_family,True,unresolved,unresolved,pending,unresolved,,0
gemini_antigravity,Gemini + Antigravity CLI,Gemini,Native,native,sci_atac_seq,sci-ATAC-seq,pending,err_0004,T2,missing_recoverable_information,oligo_family,True,unresolved,unresolved,pending,unresolved,,0
gemini_antigravity,Gemini + Antigravity CLI,Gemini,Native,native,sci_atac_seq,sci-ATAC-seq,pending,err_0005,T2,molecular_state_or_assembly_error,oligo_family,True,unresolved,unresolved,pending,unresolved,,0
gemini_antigravity,Gemini + Antigravity CLI,Gemini,Native,native,sci_atac_seq,sci-ATAC-seq,pending,err_0006,T2,missing_recoverable_information,oligo_family,True,unresolved,unresolved,pending,unresolved,,0
gemini_antigravity,Gemini + Antigravity CLI,Gemini,Native,native,sci_atac_seq,sci-ATAC-seq,pending,err_0007,T3,missing_recoverable_information,state,True,unresolved,unresolved,pending,unresolved,,0
gemini_antigravity,Gemini + Antigravity CLI,Gemini,Native,native,sci_atac_seq,sci-ATAC-seq,pending,err_0008,T3,missing_recoverable_information,state,True,unresolved,unresolved,pending,unresolved,,0
gemini_antigravity,Gemini + Antigravity CLI,Gemini,Native,native,sci_atac_seq,sci-ATAC-seq,pending,err_0009,T3,missing_recoverable_information,state,True,unresolved,unresolved,pending,unresolved,,0
gemini_antigravity,Gemini + Antigravity CLI,Gemini,Native,native,sci_atac_seq,sci-ATAC-seq,pending,err_0010,T3,missing_recoverable_information,state,True,unresolved,unresolved,pending,unresolved,,0
gemini_antigravity,Gemini + Antigravity CLI,Gemini,Native,native,sci_atac_seq,sci-ATAC-seq,pending,err_0011,T3,missing_recoverable_information,state,True,unresolved,unresolved,pending,unresolved,,0
gemini_antigravity,Gemini + Antigravity CLI,Gemini,Native,native,sci_atac_seq,sci-ATAC-seq,pending,err_0012,T3,missing_recoverable_information,state,True,unresolved,unresolved,pending,unresolved,,0
gemini_antigravity,Gemini + Antigravity CLI,Gemini,Native,native,sci_atac_seq,sci-ATAC-seq,pending,err_0013,T3,missing_recoverable_information,state,True,unresolved,unresolved,pending,unresolved,,0
gemini_antigravity,Gemini + Antigravity CLI,Gemini,Native,native,sci_atac_seq,sci-ATAC-seq,pending,err_0014,T3,missing_recoverable_information,transition,True,unresolved,unresolved,pending,unresolved,,0
gemini_antigravity,Gemini + Antigravity CLI,Gemini,Native,native,sci_atac_seq,sci-ATAC-seq,pending,err_0015,T3,molecular_state_or_assembly_error,state,True,unresolved,unresolved,pending,unresolved,,0
gemini_antigravity,Gemini + Antigravity CLI,Gemini,Native,native,sci_atac_seq,sci-ATAC-seq,pending,err_0016,T3,molecular_state_or_assembly_error,state,True,unresolved,unresolved,pending,unresolved,,0
gemini_antigravity,Gemini + Antigravity CLI,Gemini,Native,native,sci_atac_seq,sci-ATAC-seq,pending,err_0017,T3,molecular_state_or_assembly_error,state,True,unresolved,unresolved,pending,unresolved,,0
gemini_antigravity,Gemini + Antigravity CLI,Gemini,Native,native,sci_atac_seq,sci-ATAC-seq,pending,err_0018,T3,workflow_or_topology_error,transition,True,unresolved,unresolved,pending,unresolved,,0
gemini_antigravity,Gemini + Antigravity CLI,Gemini,Native,native,sci_atac_seq,sci-ATAC-seq,pending,err_0019,T3,workflow_or_topology_error,transition,True,unresolved,unresolved,pending,unresolved,,0
gemini_antigravity,Gemini + Antigravity CLI,Gemini,Native,native,sci_atac_seq,sci-ATAC-seq,pending,err_0020,T3,workflow_or_topology_error,typed_edge,True,unresolved,unresolved,pending,unresolved,,0
gemini_antigravity,Gemini + Antigravity CLI,Gemini,Native,native,sci_atac_seq,sci-ATAC-seq,pending,err_0021,T3,workflow_or_topology_error,typed_edge,True,unresolved,unresolved,pending,unresolved,,0
gemini_antigravity,Gemini + Antigravity CLI,Gemini,Native,native,sci_atac_seq,sci-ATAC-seq,pending,err_0022,T3,workflow_or_topology_error,typed_edge,True,unresolved,unresolved,pending,unresolved,,0
gemini_antigravity,Gemini + Antigravity CLI,Gemini,Native,native,sci_atac_seq,sci-ATAC-seq,pending,err_0023,T3,workflow_or_topology_error,typed_edge,True,unresolved,unresolved,pending,unresolved,,0
gemini_antigravity,Gemini + Antigravity CLI,Gemini,Native,native,sci_atac_seq,sci-ATAC-seq,pending,err_0024,T3,workflow_or_topology_error,typed_edge,True,unresolved,unresolved,pending,unresolved,,0
gemini_antigravity,Gemini + Antigravity CLI,Gemini,Native,native,sci_atac_seq,sci-ATAC-seq,pending,err_0025,T3,workflow_or_topology_error,typed_edge,True,unresolved,unresolved,pending,unresolved,,0
gemini_antigravity,Gemini + Antigravity CLI,Gemini,Native,native,sci_atac_seq,sci-ATAC-seq,pending,err_0026,T3,workflow_or_topology_error,typed_edge,True,unresolved,unresolved,pending,unresolved,,0
gemini_antigravity,Gemini + Antigravity CLI,Gemini,Native,native,sci_atac_seq,sci-ATAC-seq,pending,err_0027,T3,workflow_or_topology_error,typed_edge,True,unresolved,unresolved,pending,unresolved,,0
gemini_antigravity,Gemini + Antigravity CLI,Gemini,Native,native,sci_atac_seq,sci-ATAC-seq,pending,err_0028,T3,workflow_or_topology_error,typed_edge,True,unresolved,unresolved,pending,unresolved,,0
gemini_antigravity,Gemini + Antigravity CLI,Gemini,Native,native,sci_atac_seq,sci-ATAC-seq,pending,err_0029,T3,workflow_or_topology_error,typed_edge,True,unresolved,unresolved,pending,unresolved,,0
gemini_antigravity,Gemini + Antigravity CLI,Gemini,Native,native,sci_atac_seq,sci-ATAC-seq,pending,err_0030,T3,workflow_or_topology_error,typed_edge,True,unresolved,unresolved,pending,unresolved,,0
gemini_antigravity,Gemini + Antigravity CLI,Gemini,Native,native,sci_atac_seq,sci-ATAC-seq,pending,err_0031,T3,workflow_or_topology_error,typed_edge,True,unresolved,unresolved,pending,unresolved,,0
gemini_antigravity,Gemini + Antigravity CLI,Gemini,Native,native,sci_atac_seq,sci-ATAC-seq,pending,err_0032,T3,workflow_or_topology_error,typed_edge,True,unresolved,unresolved,pending,unresolved,,0
gemini_antigravity,Gemini + Antigravity CLI,Gemini,Native,native,scrrbs,scRRBS,pending,err_0001,T2,missing_recoverable_information,oligo_family,True,unresolved,unresolved,pending,unresolved,,0
gemini_antigravity,Gemini + Antigravity CLI,Gemini,Native,native,scrrbs,scRRBS,pending,err_0002,T2,molecular_state_or_assembly_error,oligo_family,True,unresolved,unresolved,pending,unresolved,,0
gemini_antigravity,Gemini + Antigravity CLI,Gemini,Native,native,scrrbs,scRRBS,pending,err_0003,T2,molecular_state_or_assembly_error,oligo_family,True,unresolved,unresolved,pending,unresolved,,0
gemini_antigravity,Gemini + Antigravity CLI,Gemini,Native,native,scrrbs,scRRBS,pending,err_0004,T2,molecular_state_or_assembly_error,oligo_family,True,unresolved,unresolved,pending,unresolved,,0
gemini_antigravity,Gemini + Antigravity CLI,Gemini,Native,native,scrrbs,scRRBS,pending,err_0005,T2,workflow_or_topology_error,oligo_family,True,unresolved,unresolved,pending,unresolved,,0
gemini_antigravity,Gemini + Antigravity CLI,Gemini,Native,native,scrrbs,scRRBS,pending,err_0006,T2,workflow_or_topology_error,oligo_family,True,unresolved,unresolved,pending,unresolved,,0
gemini_antigravity,Gemini + Antigravity CLI,Gemini,Native,native,scrrbs,scRRBS,pending,err_0007,T3,unsupported_completion,transition,True,unresolved,unresolved,pending,unresolved,,0
gemini_antigravity,Gemini + Antigravity CLI,Gemini,Native,native,scrrbs,scRRBS,pending,err_0008,T3,molecular_state_or_assembly_error,state,True,unresolved,unresolved,pending,unresolved,,0
gemini_antigravity,Gemini + Antigravity CLI,Gemini,Native,native,scrrbs,scRRBS,pending,err_0009,T3,molecular_state_or_assembly_error,state,True,unresolved,unresolved,pending,unresolved,,0
gemini_antigravity,Gemini + Antigravity CLI,Gemini,Native,native,scrrbs,scRRBS,pending,err_0010,T3,molecular_state_or_assembly_error,state,True,unresolved,unresolved,pending,unresolved,,0
gemini_antigravity,Gemini + Antigravity CLI,Gemini,Native,native,scrrbs,scRRBS,pending,err_0011,T3,molecular_state_or_assembly_error,state,True,unresolved,unresolved,pending,unresolved,,0
gemini_antigravity,Gemini + Antigravity CLI,Gemini,Native,native,scrrbs,scRRBS,pending,err_0012,T3,molecular_state_or_assembly_error,state,True,unresolved,unresolved,pending,unresolved,,0
gemini_antigravity,Gemini + Antigravity CLI,Gemini,Native,native,scrrbs,scRRBS,pending,err_0013,T3,molecular_state_or_assembly_error,state,True,unresolved,unresolved,pending,unresolved,,0
gemini_antigravity,Gemini + Antigravity CLI,Gemini,Native,native,scrrbs,scRRBS,pending,err_0014,T3,molecular_state_or_assembly_error,state,True,unresolved,unresolved,pending,unresolved,,0
gemini_antigravity,Gemini + Antigravity CLI,Gemini,Native,native,scrrbs,scRRBS,pending,err_0015,T3,workflow_or_topology_error,transition,True,unresolved,unresolved,pending,unresolved,,0
gemini_antigravity,Gemini + Antigravity CLI,Gemini,Native,native,scrrbs,scRRBS,pending,err_0016,T3,operation_error,transition,True,unresolved,unresolved,pending,unresolved,,0
gemini_antigravity,Gemini + Antigravity CLI,Gemini,Native,native,scrrbs,scRRBS,pending,err_0017,T3,workflow_or_topology_error,transition,True,unresolved,unresolved,pending,unresolved,,0
gemini_antigravity,Gemini + Antigravity CLI,Gemini,Native,native,scrrbs,scRRBS,pending,err_0018,T3,workflow_or_topology_error,transition,True,unresolved,unresolved,pending,unresolved,,0
gemini_antigravity,Gemini + Antigravity CLI,Gemini,Native,native,scrrbs,scRRBS,pending,err_0019,T3,workflow_or_topology_error,typed_edge,True,unresolved,unresolved,pending,unresolved,,0
gemini_antigravity,Gemini + Antigravity CLI,Gemini,Native,native,scrrbs,scRRBS,pending,err_0020,T3,workflow_or_topology_error,typed_edge,True,unresolved,unresolved,pending,unresolved,,0
gemini_antigravity,Gemini + Antigravity CLI,Gemini,Native,native,scrrbs,scRRBS,pending,err_0021,T3,workflow_or_topology_error,typed_edge,True,unresolved,unresolved,pending,unresolved,,0
gemini_antigravity,Gemini + Antigravity CLI,Gemini,Native,native,scrrbs,scRRBS,pending,err_0022,T3,workflow_or_topology_error,typed_edge,True,unresolved,unresolved,pending,unresolved,,0
gemini_antigravity,Gemini + Antigravity CLI,Gemini,Native,native,share_seq,SHARE-seq,pending,err_0001,T2,workflow_or_topology_error,oligo_family,True,unresolved,unresolved,pending,unresolved,,0
gemini_antigravity,Gemini + Antigravity CLI,Gemini,Native,native,share_seq,SHARE-seq,pending,err_0002,T2,molecular_state_or_assembly_error,oligo_family,True,unresolved,unresolved,pending,unresolved,,0
gemini_antigravity,Gemini + Antigravity CLI,Gemini,Native,native,share_seq,SHARE-seq,pending,err_0003,T2,workflow_or_topology_error,oligo_family,True,unresolved,unresolved,pending,unresolved,,0
gemini_antigravity,Gemini + Antigravity CLI,Gemini,Native,native,share_seq,SHARE-seq,pending,err_0004,T2,workflow_or_topology_error,oligo_family,True,unresolved,unresolved,pending,unresolved,,0
gemini_antigravity,Gemini + Antigravity CLI,Gemini,Native,native,share_seq,SHARE-seq,pending,err_0005,T2,molecular_state_or_assembly_error,oligo_family,True,unresolved,unresolved,pending,unresolved,,0
gemini_antigravity,Gemini + Antigravity CLI,Gemini,Native,native,share_seq,SHARE-seq,pending,err_0006,T2,molecular_state_or_assembly_error,oligo_family,True,unresolved,unresolved,pending,unresolved,,0
gemini_antigravity,Gemini + Antigravity CLI,Gemini,Native,native,share_seq,SHARE-seq,pending,err_0007,T2,molecular_state_or_assembly_error,oligo_family,True,unresolved,unresolved,pending,unresolved,,0
gemini_antigravity,Gemini + Antigravity CLI,Gemini,Native,native,share_seq,SHARE-seq,pending,err_0008,T2,workflow_or_topology_error,oligo_family,True,unresolved,unresolved,pending,unresolved,,0
gemini_antigravity,Gemini + Antigravity CLI,Gemini,Native,native,share_seq,SHARE-seq,pending,err_0009,T2,molecular_state_or_assembly_error,oligo_family,True,unresolved,unresolved,pending,unresolved,,0
gemini_antigravity,Gemini + Antigravity CLI,Gemini,Native,native,share_seq,SHARE-seq,pending,err_0010,T2,molecular_state_or_assembly_error,oligo_family,True,unresolved,unresolved,pending,unresolved,,0
gemini_antigravity,Gemini + Antigravity CLI,Gemini,Native,native,share_seq,SHARE-seq,pending,err_0011,T2,molecular_state_or_assembly_error,oligo_family,True,unresolved,unresolved,pending,unresolved,,0
gemini_antigravity,Gemini + Antigravity CLI,Gemini,Native,native,share_seq,SHARE-seq,pending,err_0012,T2,molecular_state_or_assembly_error,oligo_family,True,unresolved,unresolved,pending,unresolved,,0
gemini_antigravity,Gemini + Antigravity CLI,Gemini,Native,native,share_seq,SHARE-seq,pending,err_0013,T3,missing_recoverable_information,state,True,unresolved,unresolved,pending,unresolved,,0
gemini_antigravity,Gemini + Antigravity CLI,Gemini,Native,native,share_seq,SHARE-seq,pending,err_0014,T3,missing_recoverable_information,state,True,unresolved,unresolved,pending,unresolved,,0
gemini_antigravity,Gemini + Antigravity CLI,Gemini,Native,native,share_seq,SHARE-seq,pending,err_0015,T3,missing_recoverable_information,state,True,unresolved,unresolved,pending,unresolved,,0
gemini_antigravity,Gemini + Antigravity CLI,Gemini,Native,native,share_seq,SHARE-seq,pending,err_0016,T3,missing_recoverable_information,state,True,unresolved,unresolved,pending,unresolved,,0
gemini_antigravity,Gemini + Antigravity CLI,Gemini,Native,native,share_seq,SHARE-seq,pending,err_0017,T3,missing_recoverable_information,state,True,unresolved,unresolved,pending,unresolved,,0
gemini_antigravity,Gemini + Antigravity CLI,Gemini,Native,native,share_seq,SHARE-seq,pending,err_0018,T3,missing_recoverable_information,state,True,unresolved,unresolved,pending,unresolved,,0
gemini_antigravity,Gemini + Antigravity CLI,Gemini,Native,native,share_seq,SHARE-seq,pending,err_0019,T3,missing_recoverable_information,transition,True,unresolved,unresolved,pending,unresolved,,0
gemini_antigravity,Gemini + Antigravity CLI,Gemini,Native,native,share_seq,SHARE-seq,pending,err_0020,T3,missing_recoverable_information,transition,True,unresolved,unresolved,pending,unresolved,,0
gemini_antigravity,Gemini + Antigravity CLI,Gemini,Native,native,share_seq,SHARE-seq,pending,err_0021,T3,missing_recoverable_information,transition,True,unresolved,unresolved,pending,unresolved,,0
gemini_antigravity,Gemini + Antigravity CLI,Gemini,Native,native,share_seq,SHARE-seq,pending,err_0022,T3,molecular_state_or_assembly_error,state,True,unresolved,unresolved,pending,unresolved,,0
gemini_antigravity,Gemini + Antigravity CLI,Gemini,Native,native,share_seq,SHARE-seq,pending,err_0023,T3,molecular_state_or_assembly_error,state,True,unresolved,unresolved,pending,unresolved,,0
gemini_antigravity,Gemini + Antigravity CLI,Gemini,Native,native,share_seq,SHARE-seq,pending,err_0024,T3,molecular_state_or_assembly_error,state,True,unresolved,unresolved,pending,unresolved,,0
gemini_antigravity,Gemini + Antigravity CLI,Gemini,Native,native,share_seq,SHARE-seq,pending,err_0025,T3,molecular_state_or_assembly_error,state,True,unresolved,unresolved,pending,unresolved,,0
gemini_antigravity,Gemini + Antigravity CLI,Gemini,Native,native,share_seq,SHARE-seq,pending,err_0026,T3,molecular_state_or_assembly_error,state,True,unresolved,unresolved,pending,unresolved,,0
gemini_antigravity,Gemini + Antigravity CLI,Gemini,Native,native,share_seq,SHARE-seq,pending,err_0027,T3,molecular_state_or_assembly_error,state,True,unresolved,unresolved,pending,unresolved,,0
gemini_antigravity,Gemini + Antigravity CLI,Gemini,Native,native,share_seq,SHARE-seq,pending,err_0028,T3,molecular_state_or_assembly_error,state,True,unresolved,unresolved,pending,unresolved,,0
gemini_antigravity,Gemini + Antigravity CLI,Gemini,Native,native,share_seq,SHARE-seq,pending,err_0029,T3,molecular_state_or_assembly_error,state,True,unresolved,unresolved,pending,unresolved,,0
gemini_antigravity,Gemini + Antigravity CLI,Gemini,Native,native,share_seq,SHARE-seq,pending,err_0030,T3,molecular_state_or_assembly_error,state,True,unresolved,unresolved,pending,unresolved,,0
gemini_antigravity,Gemini + Antigravity CLI,Gemini,Native,native,share_seq,SHARE-seq,pending,err_0031,T3,molecular_state_or_assembly_error,state,True,unresolved,unresolved,pending,unresolved,,0
gemini_antigravity,Gemini + Antigravity CLI,Gemini,Native,native,share_seq,SHARE-seq,pending,err_0032,T3,workflow_or_topology_error,transition,True,unresolved,unresolved,pending,unresolved,,0
gemini_antigravity,Gemini + Antigravity CLI,Gemini,Native,native,share_seq,SHARE-seq,pending,err_0033,T3,workflow_or_topology_error,transition,True,unresolved,unresolved,pending,unresolved,,0
gemini_antigravity,Gemini + Antigravity CLI,Gemini,Native,native,share_seq,SHARE-seq,pending,err_0034,T3,workflow_or_topology_error,transition,True,unresolved,unresolved,pending,unresolved,,0
gemini_antigravity,Gemini + Antigravity CLI,Gemini,Native,native,share_seq,SHARE-seq,pending,err_0035,T3,workflow_or_topology_error,transition,True,unresolved,unresolved,pending,unresolved,,0
gemini_antigravity,Gemini + Antigravity CLI,Gemini,Native,native,share_seq,SHARE-seq,pending,err_0036,T3,workflow_or_topology_error,transition,True,unresolved,unresolved,pending,unresolved,,0
gemini_antigravity,Gemini + Antigravity CLI,Gemini,Native,native,share_seq,SHARE-seq,pending,err_0037,T3,workflow_or_topology_error,transition,True,unresolved,unresolved,pending,unresolved,,0
gemini_antigravity,Gemini + Antigravity CLI,Gemini,Native,native,share_seq,SHARE-seq,pending,err_0038,T3,workflow_or_topology_error,typed_edge,True,unresolved,unresolved,pending,unresolved,,0
gemini_antigravity,Gemini + Antigravity CLI,Gemini,Native,native,share_seq,SHARE-seq,pending,err_0039,T3,workflow_or_topology_error,typed_edge,True,unresolved,unresolved,pending,unresolved,,0
gemini_antigravity,Gemini + Antigravity CLI,Gemini,Native,native,share_seq,SHARE-seq,pending,err_0040,T3,workflow_or_topology_error,typed_edge,True,unresolved,unresolved,pending,unresolved,,0
gemini_antigravity,Gemini + Antigravity CLI,Gemini,Native,native,share_seq,SHARE-seq,pending,err_0041,T3,workflow_or_topology_error,typed_edge,True,unresolved,unresolved,pending,unresolved,,0
gemini_antigravity,Gemini + Antigravity CLI,Gemini,Native,native,share_seq,SHARE-seq,pending,err_0042,T3,workflow_or_topology_error,typed_edge,True,unresolved,unresolved,pending,unresolved,,0
gemini_antigravity,Gemini + Antigravity CLI,Gemini,Native,native,share_seq,SHARE-seq,pending,err_0043,T3,workflow_or_topology_error,typed_edge,True,unresolved,unresolved,pending,unresolved,,0
gemini_antigravity,Gemini + Antigravity CLI,Gemini,Native,native,share_seq,SHARE-seq,pending,err_0044,T3,workflow_or_topology_error,typed_edge,True,unresolved,unresolved,pending,unresolved,,0
gemini_antigravity,Gemini + Antigravity CLI,Gemini,Native,native,share_seq,SHARE-seq,pending,err_0045,T3,workflow_or_topology_error,typed_edge,True,unresolved,unresolved,pending,unresolved,,0
gemini_antigravity,Gemini + Antigravity CLI,Gemini,Native,native,share_seq,SHARE-seq,pending,err_0046,T3,workflow_or_topology_error,typed_edge,True,unresolved,unresolved,pending,unresolved,,0
gemini_antigravity,Gemini + Antigravity CLI,Gemini,Native,native,share_seq,SHARE-seq,pending,err_0047,T3,workflow_or_topology_error,typed_edge,True,unresolved,unresolved,pending,unresolved,,0
gemini_antigravity,Gemini + Antigravity CLI,Gemini,Native,native,share_seq,SHARE-seq,pending,err_0048,T3,workflow_or_topology_error,typed_edge,True,unresolved,unresolved,pending,unresolved,,0
gemini_antigravity,Gemini + Antigravity CLI,Gemini,Native,native,share_seq,SHARE-seq,pending,err_0049,T3,workflow_or_topology_error,typed_edge,True,unresolved,unresolved,pending,unresolved,,0
gemini_antigravity,Gemini + Antigravity CLI,Gemini,Native,native,share_seq,SHARE-seq,pending,err_0050,T3,workflow_or_topology_error,typed_edge,True,unresolved,unresolved,pending,unresolved,,0
gemini_antigravity,Gemini + Antigravity CLI,Gemini,Native,native,share_seq,SHARE-seq,pending,err_0051,T3,workflow_or_topology_error,typed_edge,True,unresolved,unresolved,pending,unresolved,,0
gemini_antigravity,Gemini + Antigravity CLI,Gemini,Native,native,share_seq,SHARE-seq,pending,err_0052,T3,workflow_or_topology_error,typed_edge,True,unresolved,unresolved,pending,unresolved,,0
gemini_antigravity,Gemini + Antigravity CLI,Gemini,Native,native,share_seq,SHARE-seq,pending,err_0053,T3,workflow_or_topology_error,typed_edge,True,unresolved,unresolved,pending,unresolved,,0
gemini_antigravity,Gemini + Antigravity CLI,Gemini,Native,native,share_seq,SHARE-seq,pending,err_0054,T3,workflow_or_topology_error,typed_edge,True,unresolved,unresolved,pending,unresolved,,0
gemini_antigravity,Gemini + Antigravity CLI,Gemini,Native,native,share_seq,SHARE-seq,pending,err_0055,T3,workflow_or_topology_error,typed_edge,True,unresolved,unresolved,pending,unresolved,,0
gemini_antigravity,Gemini + Antigravity CLI,Gemini,Native,native,share_seq,SHARE-seq,pending,err_0056,T3,workflow_or_topology_error,typed_edge,True,unresolved,unresolved,pending,unresolved,,0
gemini_antigravity,Gemini + Antigravity CLI,Gemini,Native,native,share_seq,SHARE-seq,pending,err_0057,T3,workflow_or_topology_error,typed_edge,True,unresolved,unresolved,pending,unresolved,,0
gemini_antigravity,Gemini + Antigravity CLI,Gemini,Native,native,share_seq,SHARE-seq,pending,err_0058,T3,workflow_or_topology_error,typed_edge,True,unresolved,unresolved,pending,unresolved,,0
gemini_antigravity,Gemini + Antigravity CLI,Gemini,Native,native,share_seq,SHARE-seq,pending,err_0059,T3,workflow_or_topology_error,typed_edge,True,unresolved,unresolved,pending,unresolved,,0
gemini_antigravity,Gemini + Antigravity CLI,Gemini,Native,native,share_seq,SHARE-seq,pending,err_0060,T3,workflow_or_topology_error,typed_edge,True,unresolved,unresolved,pending,unresolved,,0
gemini_antigravity,Gemini + Antigravity CLI,Gemini,Native,native,share_seq,SHARE-seq,pending,err_0061,T3,workflow_or_topology_error,typed_edge,True,unresolved,unresolved,pending,unresolved,,0
gemini_antigravity,Gemini + Antigravity CLI,Gemini,Native,native,share_seq,SHARE-seq,pending,err_0062,T3,workflow_or_topology_error,typed_edge,True,unresolved,unresolved,pending,unresolved,,0
gemini_antigravity,Gemini + Antigravity CLI,Gemini,Native,native,share_seq,SHARE-seq,pending,err_0063,T3,workflow_or_topology_error,typed_edge,True,unresolved,unresolved,pending,unresolved,,0
gemini_antigravity,Gemini + Antigravity CLI,Gemini,Native,native,smart_seq,SMART-seq,pending,err_0001,T2,unsupported_completion,oligo_family,True,unresolved,unresolved,pending,unresolved,,0
gemini_antigravity,Gemini + Antigravity CLI,Gemini,Native,native,smart_seq,SMART-seq,pending,err_0002,T2,unsupported_completion,oligo_family,True,unresolved,unresolved,pending,unresolved,,0
gemini_antigravity,Gemini + Antigravity CLI,Gemini,Native,native,smart_seq,SMART-seq,pending,err_0003,T2,unsupported_completion,oligo_family,True,unresolved,unresolved,pending,unresolved,,0
gemini_antigravity,Gemini + Antigravity CLI,Gemini,Native,native,smart_seq,SMART-seq,pending,err_0004,T2,unsupported_completion,oligo_family,True,unresolved,unresolved,pending,unresolved,,0
gemini_antigravity,Gemini + Antigravity CLI,Gemini,Native,native,smart_seq,SMART-seq,pending,err_0005,T2,molecular_state_or_assembly_error,oligo_family,True,unresolved,unresolved,pending,unresolved,,0
gemini_antigravity,Gemini + Antigravity CLI,Gemini,Native,native,smart_seq,SMART-seq,pending,err_0006,T2,molecular_state_or_assembly_error,oligo_family,True,unresolved,unresolved,pending,unresolved,,0
gemini_antigravity,Gemini + Antigravity CLI,Gemini,Native,native,smart_seq,SMART-seq,pending,err_0007,T2,molecular_state_or_assembly_error,oligo_family,True,unresolved,unresolved,pending,unresolved,,0
gemini_antigravity,Gemini + Antigravity CLI,Gemini,Native,native,smart_seq,SMART-seq,pending,err_0008,T3,missing_recoverable_information,transition,True,unresolved,unresolved,pending,unresolved,,0
gemini_antigravity,Gemini + Antigravity CLI,Gemini,Native,native,smart_seq,SMART-seq,pending,err_0009,T3,molecular_state_or_assembly_error,state,True,unresolved,unresolved,pending,unresolved,,0
gemini_antigravity,Gemini + Antigravity CLI,Gemini,Native,native,smart_seq,SMART-seq,pending,err_0010,T3,molecular_state_or_assembly_error,state,True,unresolved,unresolved,pending,unresolved,,0
gemini_antigravity,Gemini + Antigravity CLI,Gemini,Native,native,smart_seq,SMART-seq,pending,err_0011,T3,molecular_state_or_assembly_error,state,True,unresolved,unresolved,pending,unresolved,,0
gemini_antigravity,Gemini + Antigravity CLI,Gemini,Native,native,smart_seq,SMART-seq,pending,err_0012,T3,molecular_state_or_assembly_error,state,True,unresolved,unresolved,pending,unresolved,,0
gemini_antigravity,Gemini + Antigravity CLI,Gemini,Native,native,smart_seq,SMART-seq,pending,err_0013,T3,molecular_state_or_assembly_error,state,True,unresolved,unresolved,pending,unresolved,,0
gemini_antigravity,Gemini + Antigravity CLI,Gemini,Native,native,smart_seq,SMART-seq,pending,err_0014,T3,molecular_state_or_assembly_error,state,True,unresolved,unresolved,pending,unresolved,,0
gemini_antigravity,Gemini + Antigravity CLI,Gemini,Native,native,smart_seq,SMART-seq,pending,err_0015,T3,molecular_state_or_assembly_error,state,True,unresolved,unresolved,pending,unresolved,,0
gemini_antigravity,Gemini + Antigravity CLI,Gemini,Native,native,smart_seq,SMART-seq,pending,err_0016,T3,molecular_state_or_assembly_error,state,True,unresolved,unresolved,pending,unresolved,,0
gemini_antigravity,Gemini + Antigravity CLI,Gemini,Native,native,smart_seq,SMART-seq,pending,err_0017,T3,molecular_state_or_assembly_error,state,True,unresolved,unresolved,pending,unresolved,,0
gemini_antigravity,Gemini + Antigravity CLI,Gemini,Native,native,smart_seq,SMART-seq,pending,err_0018,T3,workflow_or_topology_error,transition,True,unresolved,unresolved,pending,unresolved,,0
gemini_antigravity,Gemini + Antigravity CLI,Gemini,Native,native,smart_seq,SMART-seq,pending,err_0019,T3,workflow_or_topology_error,transition,True,unresolved,unresolved,pending,unresolved,,0
gemini_antigravity,Gemini + Antigravity CLI,Gemini,Native,native,smart_seq,SMART-seq,pending,err_0020,T3,workflow_or_topology_error,transition,True,unresolved,unresolved,pending,unresolved,,0
gemini_antigravity,Gemini + Antigravity CLI,Gemini,Native,native,smart_seq,SMART-seq,pending,err_0021,T3,workflow_or_topology_error,transition,True,unresolved,unresolved,pending,unresolved,,0
gemini_antigravity,Gemini + Antigravity CLI,Gemini,Native,native,smart_seq,SMART-seq,pending,err_0022,T3,workflow_or_topology_error,transition,True,unresolved,unresolved,pending,unresolved,,0
gemini_antigravity,Gemini + Antigravity CLI,Gemini,Native,native,smart_seq,SMART-seq,pending,err_0023,T3,workflow_or_topology_error,transition,True,unresolved,unresolved,pending,unresolved,,0
gemini_antigravity,Gemini + Antigravity CLI,Gemini,Native,native,smart_seq,SMART-seq,pending,err_0024,T3,workflow_or_topology_error,transition,True,unresolved,unresolved,pending,unresolved,,0
gemini_antigravity,Gemini + Antigravity CLI,Gemini,Native,native,smart_seq,SMART-seq,pending,err_0025,T3,workflow_or_topology_error,typed_edge,True,unresolved,unresolved,pending,unresolved,,0
gemini_antigravity,Gemini + Antigravity CLI,Gemini,Native,native,smart_seq,SMART-seq,pending,err_0026,T3,workflow_or_topology_error,typed_edge,True,unresolved,unresolved,pending,unresolved,,0
gemini_antigravity,Gemini + Antigravity CLI,Gemini,Native,native,smart_seq,SMART-seq,pending,err_0027,T3,workflow_or_topology_error,typed_edge,True,unresolved,unresolved,pending,unresolved,,0
gemini_antigravity,Gemini + Antigravity CLI,Gemini,Native,native,smart_seq,SMART-seq,pending,err_0028,T3,workflow_or_topology_error,typed_edge,True,unresolved,unresolved,pending,unresolved,,0
gemini_antigravity,Gemini + Antigravity CLI,Gemini,Native,native,smart_seq,SMART-seq,pending,err_0029,T3,workflow_or_topology_error,typed_edge,True,unresolved,unresolved,pending,unresolved,,0
gemini_antigravity,Gemini + Antigravity CLI,Gemini,Native,native,smart_seq,SMART-seq,pending,err_0030,T3,workflow_or_topology_error,typed_edge,True,unresolved,unresolved,pending,unresolved,,0
gemini_antigravity,Gemini + Antigravity CLI,Gemini,Native,native,smart_seq,SMART-seq,pending,err_0031,T3,workflow_or_topology_error,typed_edge,True,unresolved,unresolved,pending,unresolved,,0
gemini_antigravity,Gemini + Antigravity CLI,Gemini,Native,native,smart_seq,SMART-seq,pending,err_0032,T3,workflow_or_topology_error,typed_edge,True,unresolved,unresolved,pending,unresolved,,0
gemini_antigravity,Gemini + Antigravity CLI,Gemini,Native,native,smart_seq,SMART-seq,pending,err_0033,T3,workflow_or_topology_error,typed_edge,True,unresolved,unresolved,pending,unresolved,,0
gemini_antigravity,Gemini + Antigravity CLI,Gemini,Native,native,smart_seq,SMART-seq,pending,err_0034,T3,workflow_or_topology_error,typed_edge,True,unresolved,unresolved,pending,unresolved,,0
gemini_antigravity,Gemini + Antigravity CLI,Gemini,Native,native,smart_seq,SMART-seq,pending,err_0035,T3,workflow_or_topology_error,typed_edge,True,unresolved,unresolved,pending,unresolved,,0
gemini_antigravity,Gemini + Antigravity CLI,Gemini,Native,native,smart_seq,SMART-seq,pending,err_0036,T3,workflow_or_topology_error,typed_edge,True,unresolved,unresolved,pending,unresolved,,0
gemini_antigravity,Gemini + Antigravity CLI,Gemini,Native,native,smart_seq,SMART-seq,pending,err_0037,T3,workflow_or_topology_error,typed_edge,True,unresolved,unresolved,pending,unresolved,,0
gemini_antigravity,Gemini + Antigravity CLI,Gemini,Native,native,smart_seq,SMART-seq,pending,err_0038,T3,workflow_or_topology_error,typed_edge,True,unresolved,unresolved,pending,unresolved,,0
gemini_antigravity,Gemini + Antigravity CLI,Gemini,Native,native,smart_seq,SMART-seq,pending,err_0039,T3,workflow_or_topology_error,typed_edge,True,unresolved,unresolved,pending,unresolved,,0
gemini_antigravity,Gemini + Antigravity CLI,Gemini,Native,native,smart_seq,SMART-seq,pending,err_0040,T3,workflow_or_topology_error,typed_edge,True,unresolved,unresolved,pending,unresolved,,0
gemini_antigravity,Gemini + Antigravity CLI,Gemini,Native,native,smart_seq,SMART-seq,pending,err_0041,T3,workflow_or_topology_error,typed_edge,True,unresolved,unresolved,pending,unresolved,,0
gemini_antigravity,Gemini + Antigravity CLI,Gemini,Native,native,smart_seq,SMART-seq,pending,err_0042,T3,workflow_or_topology_error,typed_edge,True,unresolved,unresolved,pending,unresolved,,0
gemini_antigravity,Gemini + Antigravity CLI,Gemini,Native,native,smart_seq,SMART-seq,pending,err_0043,T3,workflow_or_topology_error,typed_edge,True,unresolved,unresolved,pending,unresolved,,0
gemini_antigravity,Gemini + Antigravity CLI,Gemini,Native,native,smart_seq,SMART-seq,pending,err_0044,T3,workflow_or_topology_error,typed_edge,True,unresolved,unresolved,pending,unresolved,,0
gemini_antigravity,Gemini + Antigravity CLI,Gemini,Native,native,smart_seq,SMART-seq,pending,err_0045,T3,workflow_or_topology_error,typed_edge,True,unresolved,unresolved,pending,unresolved,,0
gemini_antigravity,Gemini + Antigravity CLI,Gemini,Native,native,smart_seq,SMART-seq,pending,err_0046,T3,workflow_or_topology_error,typed_edge,True,unresolved,unresolved,pending,unresolved,,0
gemini_antigravity,Gemini + Antigravity CLI,Gemini,Native,native,smart_seq,SMART-seq,pending,err_0047,T3,workflow_or_topology_error,typed_edge,True,unresolved,unresolved,pending,unresolved,,0
kimi_code,Kimi + Kimi Code,Kimi,Native,native,10x_chromium_3_gene_expression_v4,10x 3' GEX v4,pending,err_0001,T2,unsupported_completion,oligo_family,True,unresolved,unresolved,pending,unresolved,,0
kimi_code,Kimi + Kimi Code,Kimi,Native,native,10x_chromium_3_gene_expression_v4,10x 3' GEX v4,pending,err_0002,T2,unsupported_completion,oligo_family,True,unresolved,unresolved,pending,unresolved,,0
kimi_code,Kimi + Kimi Code,Kimi,Native,native,10x_chromium_3_gene_expression_v4,10x 3' GEX v4,pending,err_0003,T2,unsupported_completion,oligo_family,True,unresolved,unresolved,pending,unresolved,,0
kimi_code,Kimi + Kimi Code,Kimi,Native,native,10x_chromium_3_gene_expression_v4,10x 3' GEX v4,pending,err_0004,T2,unsupported_completion,oligo_family,True,unresolved,unresolved,pending,unresolved,,0
kimi_code,Kimi + Kimi Code,Kimi,Native,native,10x_chromium_3_gene_expression_v4,10x 3' GEX v4,pending,err_0005,T2,molecular_state_or_assembly_error,oligo_family,True,unresolved,unresolved,pending,unresolved,,0
kimi_code,Kimi + Kimi Code,Kimi,Native,native,10x_chromium_3_gene_expression_v4,10x 3' GEX v4,pending,err_0006,T2,molecular_state_or_assembly_error,oligo_family,True,unresolved,unresolved,pending,unresolved,,0
kimi_code,Kimi + Kimi Code,Kimi,Native,native,10x_chromium_3_gene_expression_v4,10x 3' GEX v4,pending,err_0007,T2,workflow_or_topology_error,oligo_family,True,unresolved,unresolved,pending,unresolved,,0
kimi_code,Kimi + Kimi Code,Kimi,Native,native,10x_chromium_3_gene_expression_v4,10x 3' GEX v4,pending,err_0008,T2,molecular_state_or_assembly_error,oligo_family,True,unresolved,unresolved,pending,unresolved,,0
kimi_code,Kimi + Kimi Code,Kimi,Native,native,10x_chromium_3_gene_expression_v4,10x 3' GEX v4,pending,err_0009,T2,workflow_or_topology_error,oligo_family,True,unresolved,unresolved,pending,unresolved,,0
kimi_code,Kimi + Kimi Code,Kimi,Native,native,10x_chromium_3_gene_expression_v4,10x 3' GEX v4,pending,err_0010,T2,molecular_state_or_assembly_error,oligo_family,True,unresolved,unresolved,pending,unresolved,,0
kimi_code,Kimi + Kimi Code,Kimi,Native,native,10x_chromium_3_gene_expression_v4,10x 3' GEX v4,pending,err_0011,T2,workflow_or_topology_error,oligo_family,True,unresolved,unresolved,pending,unresolved,,0
kimi_code,Kimi + Kimi Code,Kimi,Native,native,10x_chromium_3_gene_expression_v4,10x 3' GEX v4,pending,err_0012,T3,unsupported_completion,state,True,unresolved,unresolved,pending,unresolved,,0
kimi_code,Kimi + Kimi Code,Kimi,Native,native,10x_chromium_3_gene_expression_v4,10x 3' GEX v4,pending,err_0013,T3,unsupported_completion,transition,True,unresolved,unresolved,pending,unresolved,,0
kimi_code,Kimi + Kimi Code,Kimi,Native,native,10x_chromium_3_gene_expression_v4,10x 3' GEX v4,pending,err_0014,T3,molecular_state_or_assembly_error,state,True,unresolved,unresolved,pending,unresolved,,0
kimi_code,Kimi + Kimi Code,Kimi,Native,native,10x_chromium_3_gene_expression_v4,10x 3' GEX v4,pending,err_0015,T3,molecular_state_or_assembly_error,state,True,unresolved,unresolved,pending,unresolved,,0
kimi_code,Kimi + Kimi Code,Kimi,Native,native,10x_chromium_3_gene_expression_v4,10x 3' GEX v4,pending,err_0016,T3,molecular_state_or_assembly_error,state,True,unresolved,unresolved,pending,unresolved,,0
kimi_code,Kimi + Kimi Code,Kimi,Native,native,10x_chromium_3_gene_expression_v4,10x 3' GEX v4,pending,err_0017,T3,molecular_state_or_assembly_error,state,True,unresolved,unresolved,pending,unresolved,,0
kimi_code,Kimi + Kimi Code,Kimi,Native,native,10x_chromium_3_gene_expression_v4,10x 3' GEX v4,pending,err_0018,T3,molecular_state_or_assembly_error,state,True,unresolved,unresolved,pending,unresolved,,0
kimi_code,Kimi + Kimi Code,Kimi,Native,native,10x_chromium_3_gene_expression_v4,10x 3' GEX v4,pending,err_0019,T3,molecular_state_or_assembly_error,state,True,unresolved,unresolved,pending,unresolved,,0
kimi_code,Kimi + Kimi Code,Kimi,Native,native,10x_chromium_3_gene_expression_v4,10x 3' GEX v4,pending,err_0020,T3,molecular_state_or_assembly_error,state,True,unresolved,unresolved,pending,unresolved,,0
kimi_code,Kimi + Kimi Code,Kimi,Native,native,10x_chromium_3_gene_expression_v4,10x 3' GEX v4,pending,err_0021,T3,operation_error,transition,True,unresolved,unresolved,pending,unresolved,,0
kimi_code,Kimi + Kimi Code,Kimi,Native,native,10x_chromium_3_gene_expression_v4,10x 3' GEX v4,pending,err_0022,T3,workflow_or_topology_error,transition,True,unresolved,unresolved,pending,unresolved,,0
kimi_code,Kimi + Kimi Code,Kimi,Native,native,10x_chromium_3_gene_expression_v4,10x 3' GEX v4,pending,err_0023,T3,workflow_or_topology_error,transition,True,unresolved,unresolved,pending,unresolved,,0
kimi_code,Kimi + Kimi Code,Kimi,Native,native,10x_chromium_3_gene_expression_v4,10x 3' GEX v4,pending,err_0024,T3,workflow_or_topology_error,transition,True,unresolved,unresolved,pending,unresolved,,0
kimi_code,Kimi + Kimi Code,Kimi,Native,native,10x_chromium_3_gene_expression_v4,10x 3' GEX v4,pending,err_0025,T3,workflow_or_topology_error,typed_edge,True,unresolved,unresolved,pending,unresolved,,0
kimi_code,Kimi + Kimi Code,Kimi,Native,native,10x_chromium_3_gene_expression_v4,10x 3' GEX v4,pending,err_0026,T3,workflow_or_topology_error,typed_edge,True,unresolved,unresolved,pending,unresolved,,0
kimi_code,Kimi + Kimi Code,Kimi,Native,native,10x_chromium_3_gene_expression_v4,10x 3' GEX v4,pending,err_0027,T3,workflow_or_topology_error,typed_edge,True,unresolved,unresolved,pending,unresolved,,0
kimi_code,Kimi + Kimi Code,Kimi,Native,native,10x_chromium_3_gene_expression_v4,10x 3' GEX v4,pending,err_0028,T3,workflow_or_topology_error,typed_edge,True,unresolved,unresolved,pending,unresolved,,0
kimi_code,Kimi + Kimi Code,Kimi,Native,native,ddseq_single_cell_3_rna_seq_kit,ddSEQ 3' RNA,pending,err_0001,T2,unsupported_completion,oligo_family,True,unresolved,unresolved,pending,unresolved,,0
kimi_code,Kimi + Kimi Code,Kimi,Native,native,ddseq_single_cell_3_rna_seq_kit,ddSEQ 3' RNA,pending,err_0002,T2,unsupported_completion,oligo_family,True,unresolved,unresolved,pending,unresolved,,0
kimi_code,Kimi + Kimi Code,Kimi,Native,native,ddseq_single_cell_3_rna_seq_kit,ddSEQ 3' RNA,pending,err_0003,T2,unsupported_completion,oligo_family,True,unresolved,unresolved,pending,unresolved,,0
kimi_code,Kimi + Kimi Code,Kimi,Native,native,ddseq_single_cell_3_rna_seq_kit,ddSEQ 3' RNA,pending,err_0004,T2,unsupported_completion,oligo_family,True,unresolved,unresolved,pending,unresolved,,0
kimi_code,Kimi + Kimi Code,Kimi,Native,native,ddseq_single_cell_3_rna_seq_kit,ddSEQ 3' RNA,pending,err_0005,T2,unsupported_completion,oligo_family,True,unresolved,unresolved,pending,unresolved,,0
kimi_code,Kimi + Kimi Code,Kimi,Native,native,ddseq_single_cell_3_rna_seq_kit,ddSEQ 3' RNA,pending,err_0006,T2,unsupported_completion,oligo_family,True,unresolved,unresolved,pending,unresolved,,0
kimi_code,Kimi + Kimi Code,Kimi,Native,native,ddseq_single_cell_3_rna_seq_kit,ddSEQ 3' RNA,pending,err_0007,T2,unsupported_completion,oligo_family,True,unresolved,unresolved,pending,unresolved,,0
kimi_code,Kimi + Kimi Code,Kimi,Native,native,ddseq_single_cell_3_rna_seq_kit,ddSEQ 3' RNA,pending,err_0008,T3,unsupported_completion,state,True,unresolved,unresolved,pending,unresolved,,0
kimi_code,Kimi + Kimi Code,Kimi,Native,native,ddseq_single_cell_3_rna_seq_kit,ddSEQ 3' RNA,pending,err_0009,T3,workflow_or_topology_error,terminal_output,True,unresolved,unresolved,pending,unresolved,,0
kimi_code,Kimi + Kimi Code,Kimi,Native,native,ddseq_single_cell_3_rna_seq_kit,ddSEQ 3' RNA,pending,err_0010,T3,molecular_state_or_assembly_error,state,True,unresolved,unresolved,pending,unresolved,,0
kimi_code,Kimi + Kimi Code,Kimi,Native,native,ddseq_single_cell_3_rna_seq_kit,ddSEQ 3' RNA,pending,err_0011,T3,molecular_state_or_assembly_error,state,True,unresolved,unresolved,pending,unresolved,,0
kimi_code,Kimi + Kimi Code,Kimi,Native,native,ddseq_single_cell_3_rna_seq_kit,ddSEQ 3' RNA,pending,err_0012,T3,molecular_state_or_assembly_error,state,True,unresolved,unresolved,pending,unresolved,,0
kimi_code,Kimi + Kimi Code,Kimi,Native,native,ddseq_single_cell_3_rna_seq_kit,ddSEQ 3' RNA,pending,err_0013,T3,workflow_or_topology_error,transition,True,unresolved,unresolved,pending,unresolved,,0
kimi_code,Kimi + Kimi Code,Kimi,Native,native,ddseq_single_cell_3_rna_seq_kit,ddSEQ 3' RNA,pending,err_0014,T3,workflow_or_topology_error,transition,True,unresolved,unresolved,pending,unresolved,,0
kimi_code,Kimi + Kimi Code,Kimi,Native,native,ddseq_single_cell_3_rna_seq_kit,ddSEQ 3' RNA,pending,err_0015,T3,operation_error,transition,True,unresolved,unresolved,pending,unresolved,,0
kimi_code,Kimi + Kimi Code,Kimi,Native,native,ddseq_single_cell_3_rna_seq_kit,ddSEQ 3' RNA,pending,err_0016,T3,workflow_or_topology_error,transition,True,unresolved,unresolved,pending,unresolved,,0
kimi_code,Kimi + Kimi Code,Kimi,Native,native,ddseq_single_cell_3_rna_seq_kit,ddSEQ 3' RNA,pending,err_0017,T3,operation_error,transition,True,unresolved,unresolved,pending,unresolved,,0
kimi_code,Kimi + Kimi Code,Kimi,Native,native,ddseq_single_cell_3_rna_seq_kit,ddSEQ 3' RNA,pending,err_0018,T3,workflow_or_topology_error,transition,True,unresolved,unresolved,pending,unresolved,,0
kimi_code,Kimi + Kimi Code,Kimi,Native,native,ddseq_single_cell_3_rna_seq_kit,ddSEQ 3' RNA,pending,err_0019,T3,operation_error,transition,True,unresolved,unresolved,pending,unresolved,,0
kimi_code,Kimi + Kimi Code,Kimi,Native,native,ddseq_single_cell_3_rna_seq_kit,ddSEQ 3' RNA,pending,err_0020,T3,workflow_or_topology_error,transition,True,unresolved,unresolved,pending,unresolved,,0
kimi_code,Kimi + Kimi Code,Kimi,Native,native,ddseq_single_cell_3_rna_seq_kit,ddSEQ 3' RNA,pending,err_0021,T3,workflow_or_topology_error,typed_edge,True,unresolved,unresolved,pending,unresolved,,0
kimi_code,Kimi + Kimi Code,Kimi,Native,native,ddseq_single_cell_3_rna_seq_kit,ddSEQ 3' RNA,pending,err_0022,T3,workflow_or_topology_error,typed_edge,True,unresolved,unresolved,pending,unresolved,,0
kimi_code,Kimi + Kimi Code,Kimi,Native,native,ddseq_single_cell_3_rna_seq_kit,ddSEQ 3' RNA,pending,err_0023,T3,workflow_or_topology_error,typed_edge,True,unresolved,unresolved,pending,unresolved,,0
kimi_code,Kimi + Kimi Code,Kimi,Native,native,dr_seq,DR-seq,pending,err_0001,T2,unsupported_completion,oligo_family,True,unresolved,unresolved,pending,unresolved,,0
kimi_code,Kimi + Kimi Code,Kimi,Native,native,dr_seq,DR-seq,pending,err_0002,T2,unsupported_completion,oligo_family,True,unresolved,unresolved,pending,unresolved,,0
kimi_code,Kimi + Kimi Code,Kimi,Native,native,dr_seq,DR-seq,pending,err_0003,T2,unsupported_completion,oligo_family,True,unresolved,unresolved,pending,unresolved,,0
kimi_code,Kimi + Kimi Code,Kimi,Native,native,dr_seq,DR-seq,pending,err_0004,T2,unsupported_completion,oligo_family,True,unresolved,unresolved,pending,unresolved,,0
kimi_code,Kimi + Kimi Code,Kimi,Native,native,dr_seq,DR-seq,pending,err_0005,T2,workflow_or_topology_error,oligo_family,True,unresolved,unresolved,pending,unresolved,,0
kimi_code,Kimi + Kimi Code,Kimi,Native,native,dr_seq,DR-seq,pending,err_0006,T3,unsupported_completion,transition,True,unresolved,unresolved,pending,unresolved,,0
kimi_code,Kimi + Kimi Code,Kimi,Native,native,dr_seq,DR-seq,pending,err_0007,T3,unsupported_completion,transition,True,unresolved,unresolved,pending,unresolved,,0
kimi_code,Kimi + Kimi Code,Kimi,Native,native,dr_seq,DR-seq,pending,err_0008,T3,molecular_state_or_assembly_error,state,True,unresolved,unresolved,pending,unresolved,,0
kimi_code,Kimi + Kimi Code,Kimi,Native,native,dr_seq,DR-seq,pending,err_0009,T3,molecular_state_or_assembly_error,state,True,unresolved,unresolved,pending,unresolved,,0
kimi_code,Kimi + Kimi Code,Kimi,Native,native,dr_seq,DR-seq,pending,err_0010,T3,molecular_state_or_assembly_error,state,True,unresolved,unresolved,pending,unresolved,,0
kimi_code,Kimi + Kimi Code,Kimi,Native,native,dr_seq,DR-seq,pending,err_0011,T3,molecular_state_or_assembly_error,state,True,unresolved,unresolved,pending,unresolved,,0
kimi_code,Kimi + Kimi Code,Kimi,Native,native,dr_seq,DR-seq,pending,err_0012,T3,molecular_state_or_assembly_error,state,True,unresolved,unresolved,pending,unresolved,,0
kimi_code,Kimi + Kimi Code,Kimi,Native,native,dr_seq,DR-seq,pending,err_0013,T3,molecular_state_or_assembly_error,state,True,unresolved,unresolved,pending,unresolved,,0
kimi_code,Kimi + Kimi Code,Kimi,Native,native,dr_seq,DR-seq,pending,err_0014,T3,molecular_state_or_assembly_error,state,True,unresolved,unresolved,pending,unresolved,,0
kimi_code,Kimi + Kimi Code,Kimi,Native,native,dr_seq,DR-seq,pending,err_0015,T3,molecular_state_or_assembly_error,state,True,unresolved,unresolved,pending,unresolved,,0
kimi_code,Kimi + Kimi Code,Kimi,Native,native,dr_seq,DR-seq,pending,err_0016,T3,molecular_state_or_assembly_error,state,True,unresolved,unresolved,pending,unresolved,,0
kimi_code,Kimi + Kimi Code,Kimi,Native,native,dr_seq,DR-seq,pending,err_0017,T3,molecular_state_or_assembly_error,state,True,unresolved,unresolved,pending,unresolved,,0
kimi_code,Kimi + Kimi Code,Kimi,Native,native,dr_seq,DR-seq,pending,err_0018,T3,molecular_state_or_assembly_error,state,True,unresolved,unresolved,pending,unresolved,,0
kimi_code,Kimi + Kimi Code,Kimi,Native,native,dr_seq,DR-seq,pending,err_0019,T3,molecular_state_or_assembly_error,state,True,unresolved,unresolved,pending,unresolved,,0
kimi_code,Kimi + Kimi Code,Kimi,Native,native,dr_seq,DR-seq,pending,err_0020,T3,molecular_state_or_assembly_error,state,True,unresolved,unresolved,pending,unresolved,,0
kimi_code,Kimi + Kimi Code,Kimi,Native,native,dr_seq,DR-seq,pending,err_0021,T3,molecular_state_or_assembly_error,state,True,unresolved,unresolved,pending,unresolved,,0
kimi_code,Kimi + Kimi Code,Kimi,Native,native,dr_seq,DR-seq,pending,err_0022,T3,molecular_state_or_assembly_error,state,True,unresolved,unresolved,pending,unresolved,,0
kimi_code,Kimi + Kimi Code,Kimi,Native,native,dr_seq,DR-seq,pending,err_0023,T3,molecular_state_or_assembly_error,state,True,unresolved,unresolved,pending,unresolved,,0
kimi_code,Kimi + Kimi Code,Kimi,Native,native,dr_seq,DR-seq,pending,err_0024,T3,workflow_or_topology_error,transition,True,unresolved,unresolved,pending,unresolved,,0
kimi_code,Kimi + Kimi Code,Kimi,Native,native,dr_seq,DR-seq,pending,err_0025,T3,workflow_or_topology_error,transition,True,unresolved,unresolved,pending,unresolved,,0
kimi_code,Kimi + Kimi Code,Kimi,Native,native,dr_seq,DR-seq,pending,err_0026,T3,workflow_or_topology_error,transition,True,unresolved,unresolved,pending,unresolved,,0
kimi_code,Kimi + Kimi Code,Kimi,Native,native,dr_seq,DR-seq,pending,err_0027,T3,workflow_or_topology_error,transition,True,unresolved,unresolved,pending,unresolved,,0
kimi_code,Kimi + Kimi Code,Kimi,Native,native,dr_seq,DR-seq,pending,err_0028,T3,workflow_or_topology_error,transition,True,unresolved,unresolved,pending,unresolved,,0
kimi_code,Kimi + Kimi Code,Kimi,Native,native,dr_seq,DR-seq,pending,err_0029,T3,operation_error,transition,True,unresolved,unresolved,pending,unresolved,,0
kimi_code,Kimi + Kimi Code,Kimi,Native,native,dr_seq,DR-seq,pending,err_0030,T3,workflow_or_topology_error,transition,True,unresolved,unresolved,pending,unresolved,,0
kimi_code,Kimi + Kimi Code,Kimi,Native,native,dr_seq,DR-seq,pending,err_0031,T3,workflow_or_topology_error,transition,True,unresolved,unresolved,pending,unresolved,,0
kimi_code,Kimi + Kimi Code,Kimi,Native,native,dr_seq,DR-seq,pending,err_0032,T3,workflow_or_topology_error,transition,True,unresolved,unresolved,pending,unresolved,,0
kimi_code,Kimi + Kimi Code,Kimi,Native,native,dr_seq,DR-seq,pending,err_0033,T3,workflow_or_topology_error,transition,True,unresolved,unresolved,pending,unresolved,,0
kimi_code,Kimi + Kimi Code,Kimi,Native,native,dr_seq,DR-seq,pending,err_0034,T3,workflow_or_topology_error,typed_edge,True,unresolved,unresolved,pending,unresolved,,0
kimi_code,Kimi + Kimi Code,Kimi,Native,native,dr_seq,DR-seq,pending,err_0035,T3,workflow_or_topology_error,typed_edge,True,unresolved,unresolved,pending,unresolved,,0
kimi_code,Kimi + Kimi Code,Kimi,Native,native,dr_seq,DR-seq,pending,err_0036,T3,workflow_or_topology_error,typed_edge,True,unresolved,unresolved,pending,unresolved,,0
kimi_code,Kimi + Kimi Code,Kimi,Native,native,dr_seq,DR-seq,pending,err_0037,T3,workflow_or_topology_error,typed_edge,True,unresolved,unresolved,pending,unresolved,,0
kimi_code,Kimi + Kimi Code,Kimi,Native,native,dr_seq,DR-seq,pending,err_0038,T3,workflow_or_topology_error,typed_edge,True,unresolved,unresolved,pending,unresolved,,0
kimi_code,Kimi + Kimi Code,Kimi,Native,native,dr_seq,DR-seq,pending,err_0039,T3,workflow_or_topology_error,typed_edge,True,unresolved,unresolved,pending,unresolved,,0
kimi_code,Kimi + Kimi Code,Kimi,Native,native,dr_seq,DR-seq,pending,err_0040,T3,workflow_or_topology_error,typed_edge,True,unresolved,unresolved,pending,unresolved,,0
kimi_code,Kimi + Kimi Code,Kimi,Native,native,dr_seq,DR-seq,pending,err_0041,T3,workflow_or_topology_error,typed_edge,True,unresolved,unresolved,pending,unresolved,,0
kimi_code,Kimi + Kimi Code,Kimi,Native,native,dr_seq,DR-seq,pending,err_0042,T3,workflow_or_topology_error,typed_edge,True,unresolved,unresolved,pending,unresolved,,0
kimi_code,Kimi + Kimi Code,Kimi,Native,native,dr_seq,DR-seq,pending,err_0043,T3,workflow_or_topology_error,typed_edge,True,unresolved,unresolved,pending,unresolved,,0
kimi_code,Kimi + Kimi Code,Kimi,Native,native,dr_seq,DR-seq,pending,err_0044,T3,workflow_or_topology_error,typed_edge,True,unresolved,unresolved,pending,unresolved,,0
kimi_code,Kimi + Kimi Code,Kimi,Native,native,dr_seq,DR-seq,pending,err_0045,T3,workflow_or_topology_error,typed_edge,True,unresolved,unresolved,pending,unresolved,,0
kimi_code,Kimi + Kimi Code,Kimi,Native,native,dr_seq,DR-seq,pending,err_0046,T3,workflow_or_topology_error,typed_edge,True,unresolved,unresolved,pending,unresolved,,0
kimi_code,Kimi + Kimi Code,Kimi,Native,native,dr_seq,DR-seq,pending,err_0047,T3,workflow_or_topology_error,typed_edge,True,unresolved,unresolved,pending,unresolved,,0
kimi_code,Kimi + Kimi Code,Kimi,Native,native,dr_seq,DR-seq,pending,err_0048,T3,workflow_or_topology_error,typed_edge,True,unresolved,unresolved,pending,unresolved,,0
kimi_code,Kimi + Kimi Code,Kimi,Native,native,dr_seq,DR-seq,pending,err_0049,T3,workflow_or_topology_error,typed_edge,True,unresolved,unresolved,pending,unresolved,,0
kimi_code,Kimi + Kimi Code,Kimi,Native,native,dr_seq,DR-seq,pending,err_0050,T3,workflow_or_topology_error,typed_edge,True,unresolved,unresolved,pending,unresolved,,0
kimi_code,Kimi + Kimi Code,Kimi,Native,native,dr_seq,DR-seq,pending,err_0051,T3,workflow_or_topology_error,typed_edge,True,unresolved,unresolved,pending,unresolved,,0
kimi_code,Kimi + Kimi Code,Kimi,Native,native,dr_seq,DR-seq,pending,err_0052,T3,workflow_or_topology_error,typed_edge,True,unresolved,unresolved,pending,unresolved,,0
kimi_code,Kimi + Kimi Code,Kimi,Native,native,dr_seq,DR-seq,pending,err_0053,T3,workflow_or_topology_error,typed_edge,True,unresolved,unresolved,pending,unresolved,,0
kimi_code,Kimi + Kimi Code,Kimi,Native,native,dr_seq,DR-seq,pending,err_0054,T3,workflow_or_topology_error,typed_edge,True,unresolved,unresolved,pending,unresolved,,0
kimi_code,Kimi + Kimi Code,Kimi,Native,native,dr_seq,DR-seq,pending,err_0055,T3,workflow_or_topology_error,typed_edge,True,unresolved,unresolved,pending,unresolved,,0
kimi_code,Kimi + Kimi Code,Kimi,Native,native,dr_seq,DR-seq,pending,err_0056,T3,workflow_or_topology_error,typed_edge,True,unresolved,unresolved,pending,unresolved,,0
kimi_code,Kimi + Kimi Code,Kimi,Native,native,dr_seq,DR-seq,pending,err_0057,T3,workflow_or_topology_error,typed_edge,True,unresolved,unresolved,pending,unresolved,,0
kimi_code,Kimi + Kimi Code,Kimi,Native,native,dr_seq,DR-seq,pending,err_0058,T3,workflow_or_topology_error,typed_edge,True,unresolved,unresolved,pending,unresolved,,0
kimi_code,Kimi + Kimi Code,Kimi,Native,native,dr_seq,DR-seq,pending,err_0059,T3,workflow_or_topology_error,typed_edge,True,unresolved,unresolved,pending,unresolved,,0
kimi_code,Kimi + Kimi Code,Kimi,Native,native,dr_seq,DR-seq,pending,err_0060,T3,workflow_or_topology_error,typed_edge,True,unresolved,unresolved,pending,unresolved,,0
kimi_code,Kimi + Kimi Code,Kimi,Native,native,dr_seq,DR-seq,pending,err_0061,T3,workflow_or_topology_error,typed_edge,True,unresolved,unresolved,pending,unresolved,,0
kimi_code,Kimi + Kimi Code,Kimi,Native,native,dr_seq,DR-seq,pending,err_0062,T3,workflow_or_topology_error,typed_edge,True,unresolved,unresolved,pending,unresolved,,0
kimi_code,Kimi + Kimi Code,Kimi,Native,native,dr_seq,DR-seq,pending,err_0063,T3,workflow_or_topology_error,typed_edge,True,unresolved,unresolved,pending,unresolved,,0
kimi_code,Kimi + Kimi Code,Kimi,Native,native,dr_seq,DR-seq,pending,err_0064,T3,workflow_or_topology_error,typed_edge,True,unresolved,unresolved,pending,unresolved,,0
kimi_code,Kimi + Kimi Code,Kimi,Native,native,dr_seq,DR-seq,pending,err_0065,T3,workflow_or_topology_error,typed_edge,True,unresolved,unresolved,pending,unresolved,,0
kimi_code,Kimi + Kimi Code,Kimi,Native,native,dr_seq,DR-seq,pending,err_0066,T3,workflow_or_topology_error,typed_edge,True,unresolved,unresolved,pending,unresolved,,0
kimi_code,Kimi + Kimi Code,Kimi,Native,native,dr_seq,DR-seq,pending,err_0067,T3,workflow_or_topology_error,typed_edge,True,unresolved,unresolved,pending,unresolved,,0
kimi_code,Kimi + Kimi Code,Kimi,Native,native,indrop_v1,inDrop v1,pending,err_0001,T2,unsupported_completion,oligo_family,True,unresolved,unresolved,pending,unresolved,,0
kimi_code,Kimi + Kimi Code,Kimi,Native,native,indrop_v1,inDrop v1,pending,err_0002,T2,unsupported_completion,oligo_family,True,unresolved,unresolved,pending,unresolved,,0
kimi_code,Kimi + Kimi Code,Kimi,Native,native,indrop_v1,inDrop v1,pending,err_0003,T2,missing_recoverable_information,oligo_family,True,unresolved,unresolved,pending,unresolved,,0
kimi_code,Kimi + Kimi Code,Kimi,Native,native,indrop_v1,inDrop v1,pending,err_0004,T2,workflow_or_topology_error,oligo_family,True,unresolved,unresolved,pending,unresolved,,0
kimi_code,Kimi + Kimi Code,Kimi,Native,native,indrop_v1,inDrop v1,pending,err_0005,T2,missing_recoverable_information,oligo_family,True,unresolved,unresolved,pending,unresolved,,0
kimi_code,Kimi + Kimi Code,Kimi,Native,native,indrop_v1,inDrop v1,pending,err_0006,T2,molecular_state_or_assembly_error,oligo_family,True,unresolved,unresolved,pending,unresolved,,0
kimi_code,Kimi + Kimi Code,Kimi,Native,native,indrop_v1,inDrop v1,pending,err_0007,T2,molecular_state_or_assembly_error,oligo_family,True,unresolved,unresolved,pending,unresolved,,0
kimi_code,Kimi + Kimi Code,Kimi,Native,native,indrop_v1,inDrop v1,pending,err_0008,T2,workflow_or_topology_error,oligo_family,True,unresolved,unresolved,pending,unresolved,,0
kimi_code,Kimi + Kimi Code,Kimi,Native,native,indrop_v1,inDrop v1,pending,err_0009,T2,workflow_or_topology_error,oligo_family,True,unresolved,unresolved,pending,unresolved,,0
kimi_code,Kimi + Kimi Code,Kimi,Native,native,indrop_v1,inDrop v1,pending,err_0010,T2,molecular_state_or_assembly_error,oligo_family,True,unresolved,unresolved,pending,unresolved,,0
kimi_code,Kimi + Kimi Code,Kimi,Native,native,indrop_v1,inDrop v1,pending,err_0011,T2,workflow_or_topology_error,oligo_family,True,unresolved,unresolved,pending,unresolved,,0
kimi_code,Kimi + Kimi Code,Kimi,Native,native,indrop_v1,inDrop v1,pending,err_0012,T2,molecular_state_or_assembly_error,oligo_family,True,unresolved,unresolved,pending,unresolved,,0
kimi_code,Kimi + Kimi Code,Kimi,Native,native,indrop_v1,inDrop v1,pending,err_0013,T2,workflow_or_topology_error,oligo_family,True,unresolved,unresolved,pending,unresolved,,0
kimi_code,Kimi + Kimi Code,Kimi,Native,native,indrop_v1,inDrop v1,pending,err_0014,T2,missing_recoverable_information,oligo_family,True,unresolved,unresolved,pending,unresolved,,0
kimi_code,Kimi + Kimi Code,Kimi,Native,native,indrop_v1,inDrop v1,pending,err_0015,T2,workflow_or_topology_error,oligo_family,True,unresolved,unresolved,pending,unresolved,,0
kimi_code,Kimi + Kimi Code,Kimi,Native,native,indrop_v1,inDrop v1,pending,err_0016,T3,unsupported_completion,state,True,unresolved,unresolved,pending,unresolved,,0
kimi_code,Kimi + Kimi Code,Kimi,Native,native,indrop_v1,inDrop v1,pending,err_0017,T3,unsupported_completion,state,True,unresolved,unresolved,pending,unresolved,,0
kimi_code,Kimi + Kimi Code,Kimi,Native,native,indrop_v1,inDrop v1,pending,err_0018,T3,unsupported_completion,state,True,unresolved,unresolved,pending,unresolved,,0
kimi_code,Kimi + Kimi Code,Kimi,Native,native,indrop_v1,inDrop v1,pending,err_0019,T3,unsupported_completion,state,True,unresolved,unresolved,pending,unresolved,,0
kimi_code,Kimi + Kimi Code,Kimi,Native,native,indrop_v1,inDrop v1,pending,err_0020,T3,unsupported_completion,state,True,unresolved,unresolved,pending,unresolved,,0
kimi_code,Kimi + Kimi Code,Kimi,Native,native,indrop_v1,inDrop v1,pending,err_0021,T3,unsupported_completion,state,True,unresolved,unresolved,pending,unresolved,,0
kimi_code,Kimi + Kimi Code,Kimi,Native,native,indrop_v1,inDrop v1,pending,err_0022,T3,unsupported_completion,state,True,unresolved,unresolved,pending,unresolved,,0
kimi_code,Kimi + Kimi Code,Kimi,Native,native,indrop_v1,inDrop v1,pending,err_0023,T3,unsupported_completion,state,True,unresolved,unresolved,pending,unresolved,,0
kimi_code,Kimi + Kimi Code,Kimi,Native,native,indrop_v1,inDrop v1,pending,err_0024,T3,unsupported_completion,state,True,unresolved,unresolved,pending,unresolved,,0
kimi_code,Kimi + Kimi Code,Kimi,Native,native,indrop_v1,inDrop v1,pending,err_0025,T3,unsupported_completion,transition,True,unresolved,unresolved,pending,unresolved,,0
kimi_code,Kimi + Kimi Code,Kimi,Native,native,indrop_v1,inDrop v1,pending,err_0026,T3,unsupported_completion,transition,True,unresolved,unresolved,pending,unresolved,,0
kimi_code,Kimi + Kimi Code,Kimi,Native,native,indrop_v1,inDrop v1,pending,err_0027,T3,unsupported_completion,transition,True,unresolved,unresolved,pending,unresolved,,0
kimi_code,Kimi + Kimi Code,Kimi,Native,native,indrop_v1,inDrop v1,pending,err_0028,T3,unsupported_completion,transition,True,unresolved,unresolved,pending,unresolved,,0
kimi_code,Kimi + Kimi Code,Kimi,Native,native,indrop_v1,inDrop v1,pending,err_0029,T3,unsupported_completion,transition,True,unresolved,unresolved,pending,unresolved,,0
kimi_code,Kimi + Kimi Code,Kimi,Native,native,indrop_v1,inDrop v1,pending,err_0030,T3,unsupported_completion,transition,True,unresolved,unresolved,pending,unresolved,,0
kimi_code,Kimi + Kimi Code,Kimi,Native,native,indrop_v1,inDrop v1,pending,err_0031,T3,molecular_state_or_assembly_error,state,True,unresolved,unresolved,pending,unresolved,,0
kimi_code,Kimi + Kimi Code,Kimi,Native,native,indrop_v1,inDrop v1,pending,err_0032,T3,molecular_state_or_assembly_error,state,True,unresolved,unresolved,pending,unresolved,,0
kimi_code,Kimi + Kimi Code,Kimi,Native,native,indrop_v1,inDrop v1,pending,err_0033,T3,molecular_state_or_assembly_error,state,True,unresolved,unresolved,pending,unresolved,,0
kimi_code,Kimi + Kimi Code,Kimi,Native,native,indrop_v1,inDrop v1,pending,err_0034,T3,molecular_state_or_assembly_error,state,True,unresolved,unresolved,pending,unresolved,,0
kimi_code,Kimi + Kimi Code,Kimi,Native,native,indrop_v1,inDrop v1,pending,err_0035,T3,molecular_state_or_assembly_error,state,True,unresolved,unresolved,pending,unresolved,,0
kimi_code,Kimi + Kimi Code,Kimi,Native,native,indrop_v1,inDrop v1,pending,err_0036,T3,molecular_state_or_assembly_error,state,True,unresolved,unresolved,pending,unresolved,,0
kimi_code,Kimi + Kimi Code,Kimi,Native,native,indrop_v1,inDrop v1,pending,err_0037,T3,molecular_state_or_assembly_error,state,True,unresolved,unresolved,pending,unresolved,,0
kimi_code,Kimi + Kimi Code,Kimi,Native,native,indrop_v1,inDrop v1,pending,err_0038,T3,operation_error,transition,True,unresolved,unresolved,pending,unresolved,,0
kimi_code,Kimi + Kimi Code,Kimi,Native,native,indrop_v1,inDrop v1,pending,err_0039,T3,workflow_or_topology_error,transition,True,unresolved,unresolved,pending,unresolved,,0
kimi_code,Kimi + Kimi Code,Kimi,Native,native,indrop_v1,inDrop v1,pending,err_0040,T3,workflow_or_topology_error,transition,True,unresolved,unresolved,pending,unresolved,,0
kimi_code,Kimi + Kimi Code,Kimi,Native,native,indrop_v1,inDrop v1,pending,err_0041,T3,workflow_or_topology_error,transition,True,unresolved,unresolved,pending,unresolved,,0
kimi_code,Kimi + Kimi Code,Kimi,Native,native,indrop_v1,inDrop v1,pending,err_0042,T3,workflow_or_topology_error,transition,True,unresolved,unresolved,pending,unresolved,,0
kimi_code,Kimi + Kimi Code,Kimi,Native,native,indrop_v1,inDrop v1,pending,err_0043,T3,workflow_or_topology_error,transition,True,unresolved,unresolved,pending,unresolved,,0
kimi_code,Kimi + Kimi Code,Kimi,Native,native,indrop_v1,inDrop v1,pending,err_0044,T3,workflow_or_topology_error,typed_edge,True,unresolved,unresolved,pending,unresolved,,0
kimi_code,Kimi + Kimi Code,Kimi,Native,native,indrop_v1,inDrop v1,pending,err_0045,T3,workflow_or_topology_error,typed_edge,True,unresolved,unresolved,pending,unresolved,,0
kimi_code,Kimi + Kimi Code,Kimi,Native,native,indrop_v1,inDrop v1,pending,err_0046,T3,workflow_or_topology_error,typed_edge,True,unresolved,unresolved,pending,unresolved,,0
kimi_code,Kimi + Kimi Code,Kimi,Native,native,indrop_v1,inDrop v1,pending,err_0047,T3,workflow_or_topology_error,typed_edge,True,unresolved,unresolved,pending,unresolved,,0
kimi_code,Kimi + Kimi Code,Kimi,Native,native,indrop_v1,inDrop v1,pending,err_0048,T3,workflow_or_topology_error,typed_edge,True,unresolved,unresolved,pending,unresolved,,0
kimi_code,Kimi + Kimi Code,Kimi,Native,native,indrop_v1,inDrop v1,pending,err_0049,T3,workflow_or_topology_error,typed_edge,True,unresolved,unresolved,pending,unresolved,,0
kimi_code,Kimi + Kimi Code,Kimi,Native,native,indrop_v1,inDrop v1,pending,err_0050,T3,workflow_or_topology_error,typed_edge,True,unresolved,unresolved,pending,unresolved,,0
kimi_code,Kimi + Kimi Code,Kimi,Native,native,indrop_v1,inDrop v1,pending,err_0051,T3,workflow_or_topology_error,typed_edge,True,unresolved,unresolved,pending,unresolved,,0
kimi_code,Kimi + Kimi Code,Kimi,Native,native,indrop_v1,inDrop v1,pending,err_0052,T3,workflow_or_topology_error,typed_edge,True,unresolved,unresolved,pending,unresolved,,0
kimi_code,Kimi + Kimi Code,Kimi,Native,native,indrop_v1,inDrop v1,pending,err_0053,T3,workflow_or_topology_error,typed_edge,True,unresolved,unresolved,pending,unresolved,,0
kimi_code,Kimi + Kimi Code,Kimi,Native,native,indrop_v1,inDrop v1,pending,err_0054,T3,workflow_or_topology_error,typed_edge,True,unresolved,unresolved,pending,unresolved,,0
kimi_code,Kimi + Kimi Code,Kimi,Native,native,indrop_v1,inDrop v1,pending,err_0055,T3,workflow_or_topology_error,typed_edge,True,unresolved,unresolved,pending,unresolved,,0
kimi_code,Kimi + Kimi Code,Kimi,Native,native,indrop_v1,inDrop v1,pending,err_0056,T3,workflow_or_topology_error,typed_edge,True,unresolved,unresolved,pending,unresolved,,0
kimi_code,Kimi + Kimi Code,Kimi,Native,native,indrop_v1,inDrop v1,pending,err_0057,T3,workflow_or_topology_error,typed_edge,True,unresolved,unresolved,pending,unresolved,,0
kimi_code,Kimi + Kimi Code,Kimi,Native,native,indrop_v1,inDrop v1,pending,err_0058,T3,workflow_or_topology_error,typed_edge,True,unresolved,unresolved,pending,unresolved,,0
kimi_code,Kimi + Kimi Code,Kimi,Native,native,indrop_v1,inDrop v1,pending,err_0059,T3,workflow_or_topology_error,typed_edge,True,unresolved,unresolved,pending,unresolved,,0
kimi_code,Kimi + Kimi Code,Kimi,Native,native,indrop_v1,inDrop v1,pending,err_0060,T3,workflow_or_topology_error,typed_edge,True,unresolved,unresolved,pending,unresolved,,0
kimi_code,Kimi + Kimi Code,Kimi,Native,native,indrop_v1,inDrop v1,pending,err_0061,T3,workflow_or_topology_error,typed_edge,True,unresolved,unresolved,pending,unresolved,,0
kimi_code,Kimi + Kimi Code,Kimi,Native,native,indrop_v1,inDrop v1,pending,err_0062,T3,workflow_or_topology_error,typed_edge,True,unresolved,unresolved,pending,unresolved,,0
kimi_code,Kimi + Kimi Code,Kimi,Native,native,indrop_v1,inDrop v1,pending,err_0063,T3,workflow_or_topology_error,typed_edge,True,unresolved,unresolved,pending,unresolved,,0
kimi_code,Kimi + Kimi Code,Kimi,Native,native,indrop_v1,inDrop v1,pending,err_0064,T3,workflow_or_topology_error,typed_edge,True,unresolved,unresolved,pending,unresolved,,0
kimi_code,Kimi + Kimi Code,Kimi,Native,native,indrop_v1,inDrop v1,pending,err_0065,T3,workflow_or_topology_error,typed_edge,True,unresolved,unresolved,pending,unresolved,,0
kimi_code,Kimi + Kimi Code,Kimi,Native,native,indrop_v1,inDrop v1,pending,err_0066,T3,workflow_or_topology_error,typed_edge,True,unresolved,unresolved,pending,unresolved,,0
kimi_code,Kimi + Kimi Code,Kimi,Native,native,indrop_v1,inDrop v1,pending,err_0067,T3,workflow_or_topology_error,typed_edge,True,unresolved,unresolved,pending,unresolved,,0
kimi_code,Kimi + Kimi Code,Kimi,Native,native,indrop_v1,inDrop v1,pending,err_0068,T3,workflow_or_topology_error,typed_edge,True,unresolved,unresolved,pending,unresolved,,0
kimi_code,Kimi + Kimi Code,Kimi,Native,native,indrop_v1,inDrop v1,pending,err_0069,T3,workflow_or_topology_error,typed_edge,True,unresolved,unresolved,pending,unresolved,,0
kimi_code,Kimi + Kimi Code,Kimi,Native,native,indrop_v1,inDrop v1,pending,err_0070,T3,workflow_or_topology_error,typed_edge,True,unresolved,unresolved,pending,unresolved,,0
kimi_code,Kimi + Kimi Code,Kimi,Native,native,indrop_v1,inDrop v1,pending,err_0071,T3,workflow_or_topology_error,typed_edge,True,unresolved,unresolved,pending,unresolved,,0
kimi_code,Kimi + Kimi Code,Kimi,Native,native,indrop_v1,inDrop v1,pending,err_0072,T3,workflow_or_topology_error,typed_edge,True,unresolved,unresolved,pending,unresolved,,0
kimi_code,Kimi + Kimi Code,Kimi,Native,native,indrop_v1,inDrop v1,pending,err_0073,T3,workflow_or_topology_error,typed_edge,True,unresolved,unresolved,pending,unresolved,,0
kimi_code,Kimi + Kimi Code,Kimi,Native,native,indrop_v1,inDrop v1,pending,err_0074,T3,workflow_or_topology_error,typed_edge,True,unresolved,unresolved,pending,unresolved,,0
kimi_code,Kimi + Kimi Code,Kimi,Native,native,petri_seq,PETRI-seq,pending,err_0001,T2,missing_recoverable_information,oligo_family,True,unresolved,unresolved,pending,unresolved,,0
kimi_code,Kimi + Kimi Code,Kimi,Native,native,petri_seq,PETRI-seq,pending,err_0002,T2,molecular_state_or_assembly_error,oligo_family,True,unresolved,unresolved,pending,unresolved,,0
kimi_code,Kimi + Kimi Code,Kimi,Native,native,petri_seq,PETRI-seq,pending,err_0003,T2,missing_recoverable_information,oligo_family,True,unresolved,unresolved,pending,unresolved,,0
kimi_code,Kimi + Kimi Code,Kimi,Native,native,petri_seq,PETRI-seq,pending,err_0004,T2,molecular_state_or_assembly_error,oligo_family,True,unresolved,unresolved,pending,unresolved,,0
kimi_code,Kimi + Kimi Code,Kimi,Native,native,petri_seq,PETRI-seq,pending,err_0005,T2,workflow_or_topology_error,oligo_family,True,unresolved,unresolved,pending,unresolved,,0
kimi_code,Kimi + Kimi Code,Kimi,Native,native,petri_seq,PETRI-seq,pending,err_0006,T2,missing_recoverable_information,oligo_family,True,unresolved,unresolved,pending,unresolved,,0
kimi_code,Kimi + Kimi Code,Kimi,Native,native,petri_seq,PETRI-seq,pending,err_0007,T2,molecular_state_or_assembly_error,oligo_family,True,unresolved,unresolved,pending,unresolved,,0
kimi_code,Kimi + Kimi Code,Kimi,Native,native,petri_seq,PETRI-seq,pending,err_0008,T2,missing_recoverable_information,oligo_family,True,unresolved,unresolved,pending,unresolved,,0
kimi_code,Kimi + Kimi Code,Kimi,Native,native,petri_seq,PETRI-seq,pending,err_0009,T2,molecular_state_or_assembly_error,oligo_family,True,unresolved,unresolved,pending,unresolved,,0
kimi_code,Kimi + Kimi Code,Kimi,Native,native,petri_seq,PETRI-seq,pending,err_0010,T2,workflow_or_topology_error,oligo_family,True,unresolved,unresolved,pending,unresolved,,0
kimi_code,Kimi + Kimi Code,Kimi,Native,native,petri_seq,PETRI-seq,pending,err_0011,T2,strand_or_orientation_error,oligo_family,True,unresolved,unresolved,pending,unresolved,,0
kimi_code,Kimi + Kimi Code,Kimi,Native,native,petri_seq,PETRI-seq,pending,err_0012,T2,missing_recoverable_information,oligo_family,True,unresolved,unresolved,pending,unresolved,,0
kimi_code,Kimi + Kimi Code,Kimi,Native,native,petri_seq,PETRI-seq,pending,err_0013,T2,molecular_state_or_assembly_error,oligo_family,True,unresolved,unresolved,pending,unresolved,,0
kimi_code,Kimi + Kimi Code,Kimi,Native,native,petri_seq,PETRI-seq,pending,err_0014,T2,workflow_or_topology_error,oligo_family,True,unresolved,unresolved,pending,unresolved,,0
kimi_code,Kimi + Kimi Code,Kimi,Native,native,petri_seq,PETRI-seq,pending,err_0015,T2,missing_recoverable_information,oligo_family,True,unresolved,unresolved,pending,unresolved,,0
kimi_code,Kimi + Kimi Code,Kimi,Native,native,petri_seq,PETRI-seq,pending,err_0016,T2,workflow_or_topology_error,oligo_family,True,unresolved,unresolved,pending,unresolved,,0
kimi_code,Kimi + Kimi Code,Kimi,Native,native,petri_seq,PETRI-seq,pending,err_0017,T3,molecular_state_or_assembly_error,state,True,unresolved,unresolved,pending,unresolved,,0
kimi_code,Kimi + Kimi Code,Kimi,Native,native,petri_seq,PETRI-seq,pending,err_0018,T3,molecular_state_or_assembly_error,state,True,unresolved,unresolved,pending,unresolved,,0
kimi_code,Kimi + Kimi Code,Kimi,Native,native,petri_seq,PETRI-seq,pending,err_0019,T3,molecular_state_or_assembly_error,state,True,unresolved,unresolved,pending,unresolved,,0
kimi_code,Kimi + Kimi Code,Kimi,Native,native,petri_seq,PETRI-seq,pending,err_0020,T3,molecular_state_or_assembly_error,state,True,unresolved,unresolved,pending,unresolved,,0
kimi_code,Kimi + Kimi Code,Kimi,Native,native,petri_seq,PETRI-seq,pending,err_0021,T3,molecular_state_or_assembly_error,state,True,unresolved,unresolved,pending,unresolved,,0
kimi_code,Kimi + Kimi Code,Kimi,Native,native,petri_seq,PETRI-seq,pending,err_0022,T3,molecular_state_or_assembly_error,state,True,unresolved,unresolved,pending,unresolved,,0
kimi_code,Kimi + Kimi Code,Kimi,Native,native,petri_seq,PETRI-seq,pending,err_0023,T3,workflow_or_topology_error,transition,True,unresolved,unresolved,pending,unresolved,,0
kimi_code,Kimi + Kimi Code,Kimi,Native,native,petri_seq,PETRI-seq,pending,err_0024,T3,workflow_or_topology_error,transition,True,unresolved,unresolved,pending,unresolved,,0
kimi_code,Kimi + Kimi Code,Kimi,Native,native,petri_seq,PETRI-seq,pending,err_0025,T3,workflow_or_topology_error,transition,True,unresolved,unresolved,pending,unresolved,,0
kimi_code,Kimi + Kimi Code,Kimi,Native,native,petri_seq,PETRI-seq,pending,err_0026,T3,workflow_or_topology_error,transition,True,unresolved,unresolved,pending,unresolved,,0
kimi_code,Kimi + Kimi Code,Kimi,Native,native,petri_seq,PETRI-seq,pending,err_0027,T3,workflow_or_topology_error,transition,True,unresolved,unresolved,pending,unresolved,,0
kimi_code,Kimi + Kimi Code,Kimi,Native,native,pip_seq_v4,PIP-seq v4,pending,err_0001,T2,unsupported_completion,oligo_family,True,unresolved,unresolved,pending,unresolved,,0
kimi_code,Kimi + Kimi Code,Kimi,Native,native,pip_seq_v4,PIP-seq v4,pending,err_0002,T2,unsupported_completion,oligo_family,True,unresolved,unresolved,pending,unresolved,,0
kimi_code,Kimi + Kimi Code,Kimi,Native,native,pip_seq_v4,PIP-seq v4,pending,err_0003,T2,missing_recoverable_information,oligo_family,True,unresolved,unresolved,pending,unresolved,,0
kimi_code,Kimi + Kimi Code,Kimi,Native,native,pip_seq_v4,PIP-seq v4,pending,err_0004,T2,molecular_state_or_assembly_error,oligo_family,True,unresolved,unresolved,pending,unresolved,,0
kimi_code,Kimi + Kimi Code,Kimi,Native,native,pip_seq_v4,PIP-seq v4,pending,err_0005,T2,workflow_or_topology_error,oligo_family,True,unresolved,unresolved,pending,unresolved,,0
kimi_code,Kimi + Kimi Code,Kimi,Native,native,pip_seq_v4,PIP-seq v4,pending,err_0006,T2,molecular_state_or_assembly_error,oligo_family,True,unresolved,unresolved,pending,unresolved,,0
kimi_code,Kimi + Kimi Code,Kimi,Native,native,pip_seq_v4,PIP-seq v4,pending,err_0007,T2,missing_recoverable_information,oligo_family,True,unresolved,unresolved,pending,unresolved,,0
kimi_code,Kimi + Kimi Code,Kimi,Native,native,pip_seq_v4,PIP-seq v4,pending,err_0008,T2,molecular_state_or_assembly_error,oligo_family,True,unresolved,unresolved,pending,unresolved,,0
kimi_code,Kimi + Kimi Code,Kimi,Native,native,pip_seq_v4,PIP-seq v4,pending,err_0009,T2,missing_recoverable_information,oligo_family,True,unresolved,unresolved,pending,unresolved,,0
kimi_code,Kimi + Kimi Code,Kimi,Native,native,pip_seq_v4,PIP-seq v4,pending,err_0010,T2,workflow_or_topology_error,oligo_family,True,unresolved,unresolved,pending,unresolved,,0
kimi_code,Kimi + Kimi Code,Kimi,Native,native,pip_seq_v4,PIP-seq v4,pending,err_0011,T2,missing_recoverable_information,oligo_family,True,unresolved,unresolved,pending,unresolved,,0
kimi_code,Kimi + Kimi Code,Kimi,Native,native,pip_seq_v4,PIP-seq v4,pending,err_0012,T2,molecular_state_or_assembly_error,oligo_family,True,unresolved,unresolved,pending,unresolved,,0
kimi_code,Kimi + Kimi Code,Kimi,Native,native,pip_seq_v4,PIP-seq v4,pending,err_0013,T2,molecular_state_or_assembly_error,oligo_family,True,unresolved,unresolved,pending,unresolved,,0
kimi_code,Kimi + Kimi Code,Kimi,Native,native,pip_seq_v4,PIP-seq v4,pending,err_0014,T2,molecular_state_or_assembly_error,oligo_family,True,unresolved,unresolved,pending,unresolved,,0
kimi_code,Kimi + Kimi Code,Kimi,Native,native,pip_seq_v4,PIP-seq v4,pending,err_0015,T2,molecular_state_or_assembly_error,oligo_family,True,unresolved,unresolved,pending,unresolved,,0
kimi_code,Kimi + Kimi Code,Kimi,Native,native,pip_seq_v4,PIP-seq v4,pending,err_0016,T3,unsupported_completion,state,True,unresolved,unresolved,pending,unresolved,,0
kimi_code,Kimi + Kimi Code,Kimi,Native,native,pip_seq_v4,PIP-seq v4,pending,err_0017,T3,unsupported_completion,transition,True,unresolved,unresolved,pending,unresolved,,0
kimi_code,Kimi + Kimi Code,Kimi,Native,native,pip_seq_v4,PIP-seq v4,pending,err_0018,T3,unsupported_completion,terminal_output,True,unresolved,unresolved,pending,unresolved,,0
kimi_code,Kimi + Kimi Code,Kimi,Native,native,pip_seq_v4,PIP-seq v4,pending,err_0019,T3,molecular_state_or_assembly_error,state,True,unresolved,unresolved,pending,unresolved,,0
kimi_code,Kimi + Kimi Code,Kimi,Native,native,pip_seq_v4,PIP-seq v4,pending,err_0020,T3,molecular_state_or_assembly_error,state,True,unresolved,unresolved,pending,unresolved,,0
kimi_code,Kimi + Kimi Code,Kimi,Native,native,pip_seq_v4,PIP-seq v4,pending,err_0021,T3,molecular_state_or_assembly_error,state,True,unresolved,unresolved,pending,unresolved,,0
kimi_code,Kimi + Kimi Code,Kimi,Native,native,pip_seq_v4,PIP-seq v4,pending,err_0022,T3,molecular_state_or_assembly_error,state,True,unresolved,unresolved,pending,unresolved,,0
kimi_code,Kimi + Kimi Code,Kimi,Native,native,pip_seq_v4,PIP-seq v4,pending,err_0023,T3,molecular_state_or_assembly_error,state,True,unresolved,unresolved,pending,unresolved,,0
kimi_code,Kimi + Kimi Code,Kimi,Native,native,pip_seq_v4,PIP-seq v4,pending,err_0024,T3,molecular_state_or_assembly_error,state,True,unresolved,unresolved,pending,unresolved,,0
kimi_code,Kimi + Kimi Code,Kimi,Native,native,pip_seq_v4,PIP-seq v4,pending,err_0025,T3,molecular_state_or_assembly_error,state,True,unresolved,unresolved,pending,unresolved,,0
kimi_code,Kimi + Kimi Code,Kimi,Native,native,pip_seq_v4,PIP-seq v4,pending,err_0026,T3,molecular_state_or_assembly_error,state,True,unresolved,unresolved,pending,unresolved,,0
kimi_code,Kimi + Kimi Code,Kimi,Native,native,pip_seq_v4,PIP-seq v4,pending,err_0027,T3,workflow_or_topology_error,transition,True,unresolved,unresolved,pending,unresolved,,0
kimi_code,Kimi + Kimi Code,Kimi,Native,native,pip_seq_v4,PIP-seq v4,pending,err_0028,T3,operation_error,transition,True,unresolved,unresolved,pending,unresolved,,0
kimi_code,Kimi + Kimi Code,Kimi,Native,native,pip_seq_v4,PIP-seq v4,pending,err_0029,T3,workflow_or_topology_error,transition,True,unresolved,unresolved,pending,unresolved,,0
kimi_code,Kimi + Kimi Code,Kimi,Native,native,pip_seq_v4,PIP-seq v4,pending,err_0030,T3,workflow_or_topology_error,transition,True,unresolved,unresolved,pending,unresolved,,0
kimi_code,Kimi + Kimi Code,Kimi,Native,native,pip_seq_v4,PIP-seq v4,pending,err_0031,T3,workflow_or_topology_error,transition,True,unresolved,unresolved,pending,unresolved,,0
kimi_code,Kimi + Kimi Code,Kimi,Native,native,pip_seq_v4,PIP-seq v4,pending,err_0032,T3,workflow_or_topology_error,transition,True,unresolved,unresolved,pending,unresolved,,0
kimi_code,Kimi + Kimi Code,Kimi,Native,native,pip_seq_v4,PIP-seq v4,pending,err_0033,T3,operation_error,transition,True,unresolved,unresolved,pending,unresolved,,0
kimi_code,Kimi + Kimi Code,Kimi,Native,native,pip_seq_v4,PIP-seq v4,pending,err_0034,T3,workflow_or_topology_error,typed_edge,True,unresolved,unresolved,pending,unresolved,,0
kimi_code,Kimi + Kimi Code,Kimi,Native,native,pip_seq_v4,PIP-seq v4,pending,err_0035,T3,workflow_or_topology_error,typed_edge,True,unresolved,unresolved,pending,unresolved,,0
kimi_code,Kimi + Kimi Code,Kimi,Native,native,pip_seq_v4,PIP-seq v4,pending,err_0036,T3,workflow_or_topology_error,typed_edge,True,unresolved,unresolved,pending,unresolved,,0
kimi_code,Kimi + Kimi Code,Kimi,Native,native,pip_seq_v4,PIP-seq v4,pending,err_0037,T3,workflow_or_topology_error,typed_edge,True,unresolved,unresolved,pending,unresolved,,0
kimi_code,Kimi + Kimi Code,Kimi,Native,native,pip_seq_v4,PIP-seq v4,pending,err_0038,T3,workflow_or_topology_error,typed_edge,True,unresolved,unresolved,pending,unresolved,,0
kimi_code,Kimi + Kimi Code,Kimi,Native,native,pip_seq_v4,PIP-seq v4,pending,err_0039,T3,workflow_or_topology_error,typed_edge,True,unresolved,unresolved,pending,unresolved,,0
kimi_code,Kimi + Kimi Code,Kimi,Native,native,pip_seq_v4,PIP-seq v4,pending,err_0040,T3,workflow_or_topology_error,typed_edge,True,unresolved,unresolved,pending,unresolved,,0
kimi_code,Kimi + Kimi Code,Kimi,Native,native,pip_seq_v4,PIP-seq v4,pending,err_0041,T3,workflow_or_topology_error,typed_edge,True,unresolved,unresolved,pending,unresolved,,0
kimi_code,Kimi + Kimi Code,Kimi,Native,native,pip_seq_v4,PIP-seq v4,pending,err_0042,T3,workflow_or_topology_error,typed_edge,True,unresolved,unresolved,pending,unresolved,,0
kimi_code,Kimi + Kimi Code,Kimi,Native,native,pip_seq_v4,PIP-seq v4,pending,err_0043,T3,workflow_or_topology_error,typed_edge,True,unresolved,unresolved,pending,unresolved,,0
kimi_code,Kimi + Kimi Code,Kimi,Native,native,pip_seq_v4,PIP-seq v4,pending,err_0044,T3,workflow_or_topology_error,typed_edge,True,unresolved,unresolved,pending,unresolved,,0
kimi_code,Kimi + Kimi Code,Kimi,Native,native,pip_seq_v4,PIP-seq v4,pending,err_0045,T3,workflow_or_topology_error,typed_edge,True,unresolved,unresolved,pending,unresolved,,0
kimi_code,Kimi + Kimi Code,Kimi,Native,native,sci_atac_seq,sci-ATAC-seq,pending,err_0001,T2,molecular_state_or_assembly_error,oligo_family,True,unresolved,unresolved,pending,unresolved,,0
kimi_code,Kimi + Kimi Code,Kimi,Native,native,sci_atac_seq,sci-ATAC-seq,pending,err_0002,T2,molecular_state_or_assembly_error,oligo_family,True,unresolved,unresolved,pending,unresolved,,0
kimi_code,Kimi + Kimi Code,Kimi,Native,native,sci_atac_seq,sci-ATAC-seq,pending,err_0003,T2,missing_recoverable_information,oligo_family,True,unresolved,unresolved,pending,unresolved,,0
kimi_code,Kimi + Kimi Code,Kimi,Native,native,sci_atac_seq,sci-ATAC-seq,pending,err_0004,T2,missing_recoverable_information,oligo_family,True,unresolved,unresolved,pending,unresolved,,0
kimi_code,Kimi + Kimi Code,Kimi,Native,native,sci_atac_seq,sci-ATAC-seq,pending,err_0005,T3,missing_recoverable_information,state,True,unresolved,unresolved,pending,unresolved,,0
kimi_code,Kimi + Kimi Code,Kimi,Native,native,sci_atac_seq,sci-ATAC-seq,pending,err_0006,T3,missing_recoverable_information,state,True,unresolved,unresolved,pending,unresolved,,0
kimi_code,Kimi + Kimi Code,Kimi,Native,native,sci_atac_seq,sci-ATAC-seq,pending,err_0007,T3,missing_recoverable_information,state,True,unresolved,unresolved,pending,unresolved,,0
kimi_code,Kimi + Kimi Code,Kimi,Native,native,sci_atac_seq,sci-ATAC-seq,pending,err_0008,T3,missing_recoverable_information,state,True,unresolved,unresolved,pending,unresolved,,0
kimi_code,Kimi + Kimi Code,Kimi,Native,native,sci_atac_seq,sci-ATAC-seq,pending,err_0009,T3,missing_recoverable_information,state,True,unresolved,unresolved,pending,unresolved,,0
kimi_code,Kimi + Kimi Code,Kimi,Native,native,sci_atac_seq,sci-ATAC-seq,pending,err_0010,T3,missing_recoverable_information,state,True,unresolved,unresolved,pending,unresolved,,0
kimi_code,Kimi + Kimi Code,Kimi,Native,native,sci_atac_seq,sci-ATAC-seq,pending,err_0011,T3,missing_recoverable_information,transition,True,unresolved,unresolved,pending,unresolved,,0
kimi_code,Kimi + Kimi Code,Kimi,Native,native,sci_atac_seq,sci-ATAC-seq,pending,err_0012,T3,molecular_state_or_assembly_error,state,True,unresolved,unresolved,pending,unresolved,,0
kimi_code,Kimi + Kimi Code,Kimi,Native,native,sci_atac_seq,sci-ATAC-seq,pending,err_0013,T3,molecular_state_or_assembly_error,state,True,unresolved,unresolved,pending,unresolved,,0
kimi_code,Kimi + Kimi Code,Kimi,Native,native,sci_atac_seq,sci-ATAC-seq,pending,err_0014,T3,molecular_state_or_assembly_error,state,True,unresolved,unresolved,pending,unresolved,,0
kimi_code,Kimi + Kimi Code,Kimi,Native,native,sci_atac_seq,sci-ATAC-seq,pending,err_0015,T3,molecular_state_or_assembly_error,state,True,unresolved,unresolved,pending,unresolved,,0
kimi_code,Kimi + Kimi Code,Kimi,Native,native,sci_atac_seq,sci-ATAC-seq,pending,err_0016,T3,workflow_or_topology_error,transition,True,unresolved,unresolved,pending,unresolved,,0
kimi_code,Kimi + Kimi Code,Kimi,Native,native,sci_atac_seq,sci-ATAC-seq,pending,err_0017,T3,workflow_or_topology_error,transition,True,unresolved,unresolved,pending,unresolved,,0
kimi_code,Kimi + Kimi Code,Kimi,Native,native,sci_atac_seq,sci-ATAC-seq,pending,err_0018,T3,workflow_or_topology_error,typed_edge,True,unresolved,unresolved,pending,unresolved,,0
kimi_code,Kimi + Kimi Code,Kimi,Native,native,sci_atac_seq,sci-ATAC-seq,pending,err_0019,T3,workflow_or_topology_error,typed_edge,True,unresolved,unresolved,pending,unresolved,,0
kimi_code,Kimi + Kimi Code,Kimi,Native,native,sci_atac_seq,sci-ATAC-seq,pending,err_0020,T3,workflow_or_topology_error,typed_edge,True,unresolved,unresolved,pending,unresolved,,0
kimi_code,Kimi + Kimi Code,Kimi,Native,native,sci_atac_seq,sci-ATAC-seq,pending,err_0021,T3,workflow_or_topology_error,typed_edge,True,unresolved,unresolved,pending,unresolved,,0
kimi_code,Kimi + Kimi Code,Kimi,Native,native,sci_atac_seq,sci-ATAC-seq,pending,err_0022,T3,workflow_or_topology_error,typed_edge,True,unresolved,unresolved,pending,unresolved,,0
kimi_code,Kimi + Kimi Code,Kimi,Native,native,sci_atac_seq,sci-ATAC-seq,pending,err_0023,T3,workflow_or_topology_error,typed_edge,True,unresolved,unresolved,pending,unresolved,,0
kimi_code,Kimi + Kimi Code,Kimi,Native,native,sci_atac_seq,sci-ATAC-seq,pending,err_0024,T3,workflow_or_topology_error,typed_edge,True,unresolved,unresolved,pending,unresolved,,0
kimi_code,Kimi + Kimi Code,Kimi,Native,native,sci_atac_seq,sci-ATAC-seq,pending,err_0025,T3,workflow_or_topology_error,typed_edge,True,unresolved,unresolved,pending,unresolved,,0
kimi_code,Kimi + Kimi Code,Kimi,Native,native,sci_atac_seq,sci-ATAC-seq,pending,err_0026,T3,workflow_or_topology_error,typed_edge,True,unresolved,unresolved,pending,unresolved,,0
kimi_code,Kimi + Kimi Code,Kimi,Native,native,sci_atac_seq,sci-ATAC-seq,pending,err_0027,T3,workflow_or_topology_error,typed_edge,True,unresolved,unresolved,pending,unresolved,,0
kimi_code,Kimi + Kimi Code,Kimi,Native,native,sci_atac_seq,sci-ATAC-seq,pending,err_0028,T3,workflow_or_topology_error,typed_edge,True,unresolved,unresolved,pending,unresolved,,0
kimi_code,Kimi + Kimi Code,Kimi,Native,native,sci_atac_seq,sci-ATAC-seq,pending,err_0029,T3,workflow_or_topology_error,typed_edge,True,unresolved,unresolved,pending,unresolved,,0
kimi_code,Kimi + Kimi Code,Kimi,Native,native,scrrbs,scRRBS,pending,err_0001,T2,missing_recoverable_information,oligo_family,True,unresolved,unresolved,pending,unresolved,,0
kimi_code,Kimi + Kimi Code,Kimi,Native,native,scrrbs,scRRBS,pending,err_0002,T2,molecular_state_or_assembly_error,oligo_family,True,unresolved,unresolved,pending,unresolved,,0
kimi_code,Kimi + Kimi Code,Kimi,Native,native,scrrbs,scRRBS,pending,err_0003,T2,molecular_state_or_assembly_error,oligo_family,True,unresolved,unresolved,pending,unresolved,,0
kimi_code,Kimi + Kimi Code,Kimi,Native,native,scrrbs,scRRBS,pending,err_0004,T2,missing_recoverable_information,oligo_family,True,unresolved,unresolved,pending,unresolved,,0
kimi_code,Kimi + Kimi Code,Kimi,Native,native,scrrbs,scRRBS,pending,err_0005,T2,molecular_state_or_assembly_error,oligo_family,True,unresolved,unresolved,pending,unresolved,,0
kimi_code,Kimi + Kimi Code,Kimi,Native,native,scrrbs,scRRBS,pending,err_0006,T2,molecular_state_or_assembly_error,oligo_family,True,unresolved,unresolved,pending,unresolved,,0
kimi_code,Kimi + Kimi Code,Kimi,Native,native,scrrbs,scRRBS,pending,err_0007,T2,workflow_or_topology_error,oligo_family,True,unresolved,unresolved,pending,unresolved,,0
kimi_code,Kimi + Kimi Code,Kimi,Native,native,scrrbs,scRRBS,pending,err_0008,T3,unsupported_completion,transition,True,unresolved,unresolved,pending,unresolved,,0
kimi_code,Kimi + Kimi Code,Kimi,Native,native,scrrbs,scRRBS,pending,err_0009,T3,molecular_state_or_assembly_error,state,True,unresolved,unresolved,pending,unresolved,,0
kimi_code,Kimi + Kimi Code,Kimi,Native,native,scrrbs,scRRBS,pending,err_0010,T3,molecular_state_or_assembly_error,state,True,unresolved,unresolved,pending,unresolved,,0
kimi_code,Kimi + Kimi Code,Kimi,Native,native,scrrbs,scRRBS,pending,err_0011,T3,molecular_state_or_assembly_error,state,True,unresolved,unresolved,pending,unresolved,,0
kimi_code,Kimi + Kimi Code,Kimi,Native,native,scrrbs,scRRBS,pending,err_0012,T3,molecular_state_or_assembly_error,state,True,unresolved,unresolved,pending,unresolved,,0
kimi_code,Kimi + Kimi Code,Kimi,Native,native,scrrbs,scRRBS,pending,err_0013,T3,molecular_state_or_assembly_error,state,True,unresolved,unresolved,pending,unresolved,,0
kimi_code,Kimi + Kimi Code,Kimi,Native,native,scrrbs,scRRBS,pending,err_0014,T3,molecular_state_or_assembly_error,state,True,unresolved,unresolved,pending,unresolved,,0
kimi_code,Kimi + Kimi Code,Kimi,Native,native,scrrbs,scRRBS,pending,err_0015,T3,molecular_state_or_assembly_error,state,True,unresolved,unresolved,pending,unresolved,,0
kimi_code,Kimi + Kimi Code,Kimi,Native,native,scrrbs,scRRBS,pending,err_0016,T3,workflow_or_topology_error,transition,True,unresolved,unresolved,pending,unresolved,,0
kimi_code,Kimi + Kimi Code,Kimi,Native,native,scrrbs,scRRBS,pending,err_0017,T3,workflow_or_topology_error,transition,True,unresolved,unresolved,pending,unresolved,,0
kimi_code,Kimi + Kimi Code,Kimi,Native,native,scrrbs,scRRBS,pending,err_0018,T3,workflow_or_topology_error,transition,True,unresolved,unresolved,pending,unresolved,,0
kimi_code,Kimi + Kimi Code,Kimi,Native,native,scrrbs,scRRBS,pending,err_0019,T3,workflow_or_topology_error,typed_edge,True,unresolved,unresolved,pending,unresolved,,0
kimi_code,Kimi + Kimi Code,Kimi,Native,native,scrrbs,scRRBS,pending,err_0020,T3,workflow_or_topology_error,typed_edge,True,unresolved,unresolved,pending,unresolved,,0
kimi_code,Kimi + Kimi Code,Kimi,Native,native,scrrbs,scRRBS,pending,err_0021,T3,workflow_or_topology_error,typed_edge,True,unresolved,unresolved,pending,unresolved,,0
kimi_code,Kimi + Kimi Code,Kimi,Native,native,scrrbs,scRRBS,pending,err_0022,T3,workflow_or_topology_error,typed_edge,True,unresolved,unresolved,pending,unresolved,,0
kimi_code,Kimi + Kimi Code,Kimi,Native,native,scrrbs,scRRBS,pending,err_0023,T3,workflow_or_topology_error,typed_edge,True,unresolved,unresolved,pending,unresolved,,0
kimi_code,Kimi + Kimi Code,Kimi,Native,native,scrrbs,scRRBS,pending,err_0024,T3,workflow_or_topology_error,typed_edge,True,unresolved,unresolved,pending,unresolved,,0
kimi_code,Kimi + Kimi Code,Kimi,Native,native,scrrbs,scRRBS,pending,err_0025,T3,workflow_or_topology_error,typed_edge,True,unresolved,unresolved,pending,unresolved,,0
kimi_code,Kimi + Kimi Code,Kimi,Native,native,scrrbs,scRRBS,pending,err_0026,T3,workflow_or_topology_error,typed_edge,True,unresolved,unresolved,pending,unresolved,,0
kimi_code,Kimi + Kimi Code,Kimi,Native,native,scrrbs,scRRBS,pending,err_0027,T3,workflow_or_topology_error,typed_edge,True,unresolved,unresolved,pending,unresolved,,0
kimi_code,Kimi + Kimi Code,Kimi,Native,native,scrrbs,scRRBS,pending,err_0028,T3,workflow_or_topology_error,typed_edge,True,unresolved,unresolved,pending,unresolved,,0
kimi_code,Kimi + Kimi Code,Kimi,Native,native,share_seq,SHARE-seq,pending,err_0001,T2,workflow_or_topology_error,oligo_family,True,unresolved,unresolved,pending,unresolved,,0
kimi_code,Kimi + Kimi Code,Kimi,Native,native,share_seq,SHARE-seq,pending,err_0002,T2,missing_recoverable_information,oligo_family,True,unresolved,unresolved,pending,unresolved,,0
kimi_code,Kimi + Kimi Code,Kimi,Native,native,share_seq,SHARE-seq,pending,err_0003,T2,workflow_or_topology_error,oligo_family,True,unresolved,unresolved,pending,unresolved,,0
kimi_code,Kimi + Kimi Code,Kimi,Native,native,share_seq,SHARE-seq,pending,err_0004,T2,molecular_state_or_assembly_error,oligo_family,True,unresolved,unresolved,pending,unresolved,,0
kimi_code,Kimi + Kimi Code,Kimi,Native,native,share_seq,SHARE-seq,pending,err_0005,T2,molecular_state_or_assembly_error,oligo_family,True,unresolved,unresolved,pending,unresolved,,0
kimi_code,Kimi + Kimi Code,Kimi,Native,native,share_seq,SHARE-seq,pending,err_0006,T2,workflow_or_topology_error,oligo_family,True,unresolved,unresolved,pending,unresolved,,0
kimi_code,Kimi + Kimi Code,Kimi,Native,native,share_seq,SHARE-seq,pending,err_0007,T2,molecular_state_or_assembly_error,oligo_family,True,unresolved,unresolved,pending,unresolved,,0
kimi_code,Kimi + Kimi Code,Kimi,Native,native,share_seq,SHARE-seq,pending,err_0008,T2,workflow_or_topology_error,oligo_family,True,unresolved,unresolved,pending,unresolved,,0
kimi_code,Kimi + Kimi Code,Kimi,Native,native,share_seq,SHARE-seq,pending,err_0009,T2,molecular_state_or_assembly_error,oligo_family,True,unresolved,unresolved,pending,unresolved,,0
kimi_code,Kimi + Kimi Code,Kimi,Native,native,share_seq,SHARE-seq,pending,err_0010,T2,molecular_state_or_assembly_error,oligo_family,True,unresolved,unresolved,pending,unresolved,,0
kimi_code,Kimi + Kimi Code,Kimi,Native,native,share_seq,SHARE-seq,pending,err_0011,T2,molecular_state_or_assembly_error,oligo_family,True,unresolved,unresolved,pending,unresolved,,0
kimi_code,Kimi + Kimi Code,Kimi,Native,native,share_seq,SHARE-seq,pending,err_0012,T2,molecular_state_or_assembly_error,oligo_family,True,unresolved,unresolved,pending,unresolved,,0
kimi_code,Kimi + Kimi Code,Kimi,Native,native,share_seq,SHARE-seq,pending,err_0013,T3,missing_recoverable_information,state,True,unresolved,unresolved,pending,unresolved,,0
kimi_code,Kimi + Kimi Code,Kimi,Native,native,share_seq,SHARE-seq,pending,err_0014,T3,missing_recoverable_information,state,True,unresolved,unresolved,pending,unresolved,,0
kimi_code,Kimi + Kimi Code,Kimi,Native,native,share_seq,SHARE-seq,pending,err_0015,T3,unsupported_completion,transition,True,unresolved,unresolved,pending,unresolved,,0
kimi_code,Kimi + Kimi Code,Kimi,Native,native,share_seq,SHARE-seq,pending,err_0016,T3,molecular_state_or_assembly_error,state,True,unresolved,unresolved,pending,unresolved,,0
kimi_code,Kimi + Kimi Code,Kimi,Native,native,share_seq,SHARE-seq,pending,err_0017,T3,molecular_state_or_assembly_error,state,True,unresolved,unresolved,pending,unresolved,,0
kimi_code,Kimi + Kimi Code,Kimi,Native,native,share_seq,SHARE-seq,pending,err_0018,T3,molecular_state_or_assembly_error,state,True,unresolved,unresolved,pending,unresolved,,0
kimi_code,Kimi + Kimi Code,Kimi,Native,native,share_seq,SHARE-seq,pending,err_0019,T3,molecular_state_or_assembly_error,state,True,unresolved,unresolved,pending,unresolved,,0
kimi_code,Kimi + Kimi Code,Kimi,Native,native,share_seq,SHARE-seq,pending,err_0020,T3,molecular_state_or_assembly_error,state,True,unresolved,unresolved,pending,unresolved,,0
kimi_code,Kimi + Kimi Code,Kimi,Native,native,share_seq,SHARE-seq,pending,err_0021,T3,molecular_state_or_assembly_error,state,True,unresolved,unresolved,pending,unresolved,,0
kimi_code,Kimi + Kimi Code,Kimi,Native,native,share_seq,SHARE-seq,pending,err_0022,T3,molecular_state_or_assembly_error,state,True,unresolved,unresolved,pending,unresolved,,0
kimi_code,Kimi + Kimi Code,Kimi,Native,native,share_seq,SHARE-seq,pending,err_0023,T3,molecular_state_or_assembly_error,state,True,unresolved,unresolved,pending,unresolved,,0
kimi_code,Kimi + Kimi Code,Kimi,Native,native,share_seq,SHARE-seq,pending,err_0024,T3,molecular_state_or_assembly_error,state,True,unresolved,unresolved,pending,unresolved,,0
kimi_code,Kimi + Kimi Code,Kimi,Native,native,share_seq,SHARE-seq,pending,err_0025,T3,molecular_state_or_assembly_error,state,True,unresolved,unresolved,pending,unresolved,,0
kimi_code,Kimi + Kimi Code,Kimi,Native,native,share_seq,SHARE-seq,pending,err_0026,T3,molecular_state_or_assembly_error,state,True,unresolved,unresolved,pending,unresolved,,0
kimi_code,Kimi + Kimi Code,Kimi,Native,native,share_seq,SHARE-seq,pending,err_0027,T3,molecular_state_or_assembly_error,state,True,unresolved,unresolved,pending,unresolved,,0
kimi_code,Kimi + Kimi Code,Kimi,Native,native,share_seq,SHARE-seq,pending,err_0028,T3,molecular_state_or_assembly_error,state,True,unresolved,unresolved,pending,unresolved,,0
kimi_code,Kimi + Kimi Code,Kimi,Native,native,share_seq,SHARE-seq,pending,err_0029,T3,molecular_state_or_assembly_error,state,True,unresolved,unresolved,pending,unresolved,,0
kimi_code,Kimi + Kimi Code,Kimi,Native,native,share_seq,SHARE-seq,pending,err_0030,T3,molecular_state_or_assembly_error,state,True,unresolved,unresolved,pending,unresolved,,0
kimi_code,Kimi + Kimi Code,Kimi,Native,native,share_seq,SHARE-seq,pending,err_0031,T3,workflow_or_topology_error,transition,True,unresolved,unresolved,pending,unresolved,,0
kimi_code,Kimi + Kimi Code,Kimi,Native,native,share_seq,SHARE-seq,pending,err_0032,T3,workflow_or_topology_error,transition,True,unresolved,unresolved,pending,unresolved,,0
kimi_code,Kimi + Kimi Code,Kimi,Native,native,share_seq,SHARE-seq,pending,err_0033,T3,workflow_or_topology_error,transition,True,unresolved,unresolved,pending,unresolved,,0
kimi_code,Kimi + Kimi Code,Kimi,Native,native,share_seq,SHARE-seq,pending,err_0034,T3,workflow_or_topology_error,transition,True,unresolved,unresolved,pending,unresolved,,0
kimi_code,Kimi + Kimi Code,Kimi,Native,native,share_seq,SHARE-seq,pending,err_0035,T3,workflow_or_topology_error,transition,True,unresolved,unresolved,pending,unresolved,,0
kimi_code,Kimi + Kimi Code,Kimi,Native,native,share_seq,SHARE-seq,pending,err_0036,T3,workflow_or_topology_error,transition,True,unresolved,unresolved,pending,unresolved,,0
kimi_code,Kimi + Kimi Code,Kimi,Native,native,share_seq,SHARE-seq,pending,err_0037,T3,operation_error,transition,True,unresolved,unresolved,pending,unresolved,,0
kimi_code,Kimi + Kimi Code,Kimi,Native,native,share_seq,SHARE-seq,pending,err_0038,T3,workflow_or_topology_error,transition,True,unresolved,unresolved,pending,unresolved,,0
kimi_code,Kimi + Kimi Code,Kimi,Native,native,share_seq,SHARE-seq,pending,err_0039,T3,workflow_or_topology_error,transition,True,unresolved,unresolved,pending,unresolved,,0
kimi_code,Kimi + Kimi Code,Kimi,Native,native,share_seq,SHARE-seq,pending,err_0040,T3,workflow_or_topology_error,transition,True,unresolved,unresolved,pending,unresolved,,0
kimi_code,Kimi + Kimi Code,Kimi,Native,native,share_seq,SHARE-seq,pending,err_0041,T3,workflow_or_topology_error,typed_edge,True,unresolved,unresolved,pending,unresolved,,0
kimi_code,Kimi + Kimi Code,Kimi,Native,native,share_seq,SHARE-seq,pending,err_0042,T3,workflow_or_topology_error,typed_edge,True,unresolved,unresolved,pending,unresolved,,0
kimi_code,Kimi + Kimi Code,Kimi,Native,native,share_seq,SHARE-seq,pending,err_0043,T3,workflow_or_topology_error,typed_edge,True,unresolved,unresolved,pending,unresolved,,0
kimi_code,Kimi + Kimi Code,Kimi,Native,native,share_seq,SHARE-seq,pending,err_0044,T3,workflow_or_topology_error,typed_edge,True,unresolved,unresolved,pending,unresolved,,0
kimi_code,Kimi + Kimi Code,Kimi,Native,native,share_seq,SHARE-seq,pending,err_0045,T3,workflow_or_topology_error,typed_edge,True,unresolved,unresolved,pending,unresolved,,0
kimi_code,Kimi + Kimi Code,Kimi,Native,native,share_seq,SHARE-seq,pending,err_0046,T3,workflow_or_topology_error,typed_edge,True,unresolved,unresolved,pending,unresolved,,0
kimi_code,Kimi + Kimi Code,Kimi,Native,native,share_seq,SHARE-seq,pending,err_0047,T3,workflow_or_topology_error,typed_edge,True,unresolved,unresolved,pending,unresolved,,0
kimi_code,Kimi + Kimi Code,Kimi,Native,native,share_seq,SHARE-seq,pending,err_0048,T3,workflow_or_topology_error,typed_edge,True,unresolved,unresolved,pending,unresolved,,0
kimi_code,Kimi + Kimi Code,Kimi,Native,native,share_seq,SHARE-seq,pending,err_0049,T3,workflow_or_topology_error,typed_edge,True,unresolved,unresolved,pending,unresolved,,0
kimi_code,Kimi + Kimi Code,Kimi,Native,native,share_seq,SHARE-seq,pending,err_0050,T3,workflow_or_topology_error,typed_edge,True,unresolved,unresolved,pending,unresolved,,0
kimi_code,Kimi + Kimi Code,Kimi,Native,native,share_seq,SHARE-seq,pending,err_0051,T3,workflow_or_topology_error,typed_edge,True,unresolved,unresolved,pending,unresolved,,0
kimi_code,Kimi + Kimi Code,Kimi,Native,native,share_seq,SHARE-seq,pending,err_0052,T3,workflow_or_topology_error,typed_edge,True,unresolved,unresolved,pending,unresolved,,0
kimi_code,Kimi + Kimi Code,Kimi,Native,native,share_seq,SHARE-seq,pending,err_0053,T3,workflow_or_topology_error,typed_edge,True,unresolved,unresolved,pending,unresolved,,0
kimi_code,Kimi + Kimi Code,Kimi,Native,native,share_seq,SHARE-seq,pending,err_0054,T3,workflow_or_topology_error,typed_edge,True,unresolved,unresolved,pending,unresolved,,0
kimi_code,Kimi + Kimi Code,Kimi,Native,native,share_seq,SHARE-seq,pending,err_0055,T3,workflow_or_topology_error,typed_edge,True,unresolved,unresolved,pending,unresolved,,0
kimi_code,Kimi + Kimi Code,Kimi,Native,native,share_seq,SHARE-seq,pending,err_0056,T3,workflow_or_topology_error,typed_edge,True,unresolved,unresolved,pending,unresolved,,0
kimi_code,Kimi + Kimi Code,Kimi,Native,native,share_seq,SHARE-seq,pending,err_0057,T3,workflow_or_topology_error,typed_edge,True,unresolved,unresolved,pending,unresolved,,0
kimi_code,Kimi + Kimi Code,Kimi,Native,native,share_seq,SHARE-seq,pending,err_0058,T3,workflow_or_topology_error,typed_edge,True,unresolved,unresolved,pending,unresolved,,0
kimi_code,Kimi + Kimi Code,Kimi,Native,native,smart_seq,SMART-seq,pending,err_0001,T2,unsupported_completion,oligo_family,True,unresolved,unresolved,pending,unresolved,,0
kimi_code,Kimi + Kimi Code,Kimi,Native,native,smart_seq,SMART-seq,pending,err_0002,T2,unsupported_completion,oligo_family,True,unresolved,unresolved,pending,unresolved,,0
kimi_code,Kimi + Kimi Code,Kimi,Native,native,smart_seq,SMART-seq,pending,err_0003,T2,missing_recoverable_information,oligo_family,True,unresolved,unresolved,pending,unresolved,,0
kimi_code,Kimi + Kimi Code,Kimi,Native,native,smart_seq,SMART-seq,pending,err_0004,T2,molecular_state_or_assembly_error,oligo_family,True,unresolved,unresolved,pending,unresolved,,0
kimi_code,Kimi + Kimi Code,Kimi,Native,native,smart_seq,SMART-seq,pending,err_0005,T2,molecular_state_or_assembly_error,oligo_family,True,unresolved,unresolved,pending,unresolved,,0
kimi_code,Kimi + Kimi Code,Kimi,Native,native,smart_seq,SMART-seq,pending,err_0006,T2,molecular_state_or_assembly_error,oligo_family,True,unresolved,unresolved,pending,unresolved,,0
kimi_code,Kimi + Kimi Code,Kimi,Native,native,smart_seq,SMART-seq,pending,err_0007,T3,missing_recoverable_information,state,True,unresolved,unresolved,pending,unresolved,,0
kimi_code,Kimi + Kimi Code,Kimi,Native,native,smart_seq,SMART-seq,pending,err_0008,T3,missing_recoverable_information,state,True,unresolved,unresolved,pending,unresolved,,0
kimi_code,Kimi + Kimi Code,Kimi,Native,native,smart_seq,SMART-seq,pending,err_0009,T3,missing_recoverable_information,transition,True,unresolved,unresolved,pending,unresolved,,0
kimi_code,Kimi + Kimi Code,Kimi,Native,native,smart_seq,SMART-seq,pending,err_0010,T3,missing_recoverable_information,transition,True,unresolved,unresolved,pending,unresolved,,0
kimi_code,Kimi + Kimi Code,Kimi,Native,native,smart_seq,SMART-seq,pending,err_0011,T3,missing_recoverable_information,transition,True,unresolved,unresolved,pending,unresolved,,0
kimi_code,Kimi + Kimi Code,Kimi,Native,native,smart_seq,SMART-seq,pending,err_0012,T3,missing_recoverable_information,transition,True,unresolved,unresolved,pending,unresolved,,0
kimi_code,Kimi + Kimi Code,Kimi,Native,native,smart_seq,SMART-seq,pending,err_0013,T3,missing_recoverable_information,transition,True,unresolved,unresolved,pending,unresolved,,0
kimi_code,Kimi + Kimi Code,Kimi,Native,native,smart_seq,SMART-seq,pending,err_0014,T3,molecular_state_or_assembly_error,state,True,unresolved,unresolved,pending,unresolved,,0
kimi_code,Kimi + Kimi Code,Kimi,Native,native,smart_seq,SMART-seq,pending,err_0015,T3,molecular_state_or_assembly_error,state,True,unresolved,unresolved,pending,unresolved,,0
kimi_code,Kimi + Kimi Code,Kimi,Native,native,smart_seq,SMART-seq,pending,err_0016,T3,molecular_state_or_assembly_error,state,True,unresolved,unresolved,pending,unresolved,,0
kimi_code,Kimi + Kimi Code,Kimi,Native,native,smart_seq,SMART-seq,pending,err_0017,T3,molecular_state_or_assembly_error,state,True,unresolved,unresolved,pending,unresolved,,0
kimi_code,Kimi + Kimi Code,Kimi,Native,native,smart_seq,SMART-seq,pending,err_0018,T3,molecular_state_or_assembly_error,state,True,unresolved,unresolved,pending,unresolved,,0
kimi_code,Kimi + Kimi Code,Kimi,Native,native,smart_seq,SMART-seq,pending,err_0019,T3,molecular_state_or_assembly_error,state,True,unresolved,unresolved,pending,unresolved,,0
kimi_code,Kimi + Kimi Code,Kimi,Native,native,smart_seq,SMART-seq,pending,err_0020,T3,workflow_or_topology_error,transition,True,unresolved,unresolved,pending,unresolved,,0
kimi_code,Kimi + Kimi Code,Kimi,Native,native,smart_seq,SMART-seq,pending,err_0021,T3,operation_error,transition,True,unresolved,unresolved,pending,unresolved,,0
kimi_code,Kimi + Kimi Code,Kimi,Native,native,smart_seq,SMART-seq,pending,err_0022,T3,workflow_or_topology_error,transition,True,unresolved,unresolved,pending,unresolved,,0
kimi_code,Kimi + Kimi Code,Kimi,Native,native,smart_seq,SMART-seq,pending,err_0023,T3,workflow_or_topology_error,typed_edge,True,unresolved,unresolved,pending,unresolved,,0
kimi_code,Kimi + Kimi Code,Kimi,Native,native,smart_seq,SMART-seq,pending,err_0024,T3,workflow_or_topology_error,typed_edge,True,unresolved,unresolved,pending,unresolved,,0
kimi_code,Kimi + Kimi Code,Kimi,Native,native,smart_seq,SMART-seq,pending,err_0025,T3,workflow_or_topology_error,typed_edge,True,unresolved,unresolved,pending,unresolved,,0
kimi_code,Kimi + Kimi Code,Kimi,Native,native,smart_seq,SMART-seq,pending,err_0026,T3,workflow_or_topology_error,typed_edge,True,unresolved,unresolved,pending,unresolved,,0
kimi_code,Kimi + Kimi Code,Kimi,Native,native,smart_seq,SMART-seq,pending,err_0027,T3,workflow_or_topology_error,typed_edge,True,unresolved,unresolved,pending,unresolved,,0
kimi_code,Kimi + Kimi Code,Kimi,Native,native,smart_seq,SMART-seq,pending,err_0028,T3,workflow_or_topology_error,typed_edge,True,unresolved,unresolved,pending,unresolved,,0
kimi_code,Kimi + Kimi Code,Kimi,Native,native,smart_seq,SMART-seq,pending,err_0029,T3,workflow_or_topology_error,typed_edge,True,unresolved,unresolved,pending,unresolved,,0
kimi_code,Kimi + Kimi Code,Kimi,Native,native,smart_seq,SMART-seq,pending,err_0030,T3,workflow_or_topology_error,typed_edge,True,unresolved,unresolved,pending,unresolved,,0
kimi_code,Kimi + Kimi Code,Kimi,Native,native,smart_seq,SMART-seq,pending,err_0031,T3,workflow_or_topology_error,typed_edge,True,unresolved,unresolved,pending,unresolved,,0
kimi_code,Kimi + Kimi Code,Kimi,Native,native,smart_seq,SMART-seq,pending,err_0032,T3,workflow_or_topology_error,typed_edge,True,unresolved,unresolved,pending,unresolved,,0
kimi_code,Kimi + Kimi Code,Kimi,Native,native,smart_seq,SMART-seq,pending,err_0033,T3,workflow_or_topology_error,typed_edge,True,unresolved,unresolved,pending,unresolved,,0
kimi_code,Kimi + Kimi Code,Kimi,Native,native,smart_seq,SMART-seq,pending,err_0034,T3,workflow_or_topology_error,typed_edge,True,unresolved,unresolved,pending,unresolved,,0
kimi_code,Kimi + Kimi Code,Kimi,Native,native,smart_seq,SMART-seq,pending,err_0035,T3,workflow_or_topology_error,typed_edge,True,unresolved,unresolved,pending,unresolved,,0
kimi_code,Kimi + Kimi Code,Kimi,Native,native,smart_seq,SMART-seq,pending,err_0036,T3,workflow_or_topology_error,typed_edge,True,unresolved,unresolved,pending,unresolved,,0
